2015-01-02 00:00:00,11,163.289411826651,476.839333261946,101.242477366286,48.2977070326028
2015-01-02 01:00:00,11,150.752449649776,557.242001840709,110.011480556101,35.0029776638821
2015-01-02 02:00:00,11,167.084241969422,350.495927424992,100.002893124292,40.8786451009942
2015-01-02 03:00:00,11,163.643644988959,409.251448075514,110.529198922868,30.6349153619306
2015-01-02 04:00:00,11,161.179874996539,450.79934019243,104.346932114396,41.3843038617841
2015-01-02 05:00:00,11,189.762132240932,494.550639285815,107.366809450407,38.4561586615019
2015-01-02 06:00:00,11,179.468474359792,609.944087847503,107.894587366462,32.8207250416629
2015-01-02 07:00:00,11,186.719668965169,449.485392041909,99.8206159322062,36.7225241963335
2015-01-02 08:00:00,11,185.02050159871,475.8197127667,94.2442872820575,35.6703075046048
2015-01-02 09:00:00,11,149.27670913169,439.890093463934,81.0518729728091,36.7763995829854
2015-01-02 10:00:00,11,173.134543421985,483.270441920228,94.9826808757485,32.5179695278691
2015-01-02 11:00:00,11,218.089457421236,354.393836391528,97.0833954069046,35.6618071471893
2015-01-02 12:00:00,11,175.645438477702,444.717750601401,116.811040378092,36.4612840279334
2015-01-02 13:00:00,11,184.034608080419,494.029772223095,102.991289526433,43.7574827330428
2015-01-02 14:00:00,11,183.410916286639,544.126012180246,90.6116218753089,32.9094230603152
2015-01-02 15:00:00,11,119.932995785772,404.817053739844,110.112022674966,30.3414732862808
2015-01-02 16:00:00,11,169.941412258332,495.246603012348,86.4250492960085,44.5182449543674
2015-01-02 17:00:00,11,167.434434759386,402.818274999037,118.003219376748,49.1985862728747
2015-01-02 18:00:00,11,149.458103116044,437.487714674393,105.999538805794,48.5141721527879
2015-01-02 19:00:00,11,168.539178807145,475.237194430458,89.7663612016642,39.7608743036916
2015-01-02 20:00:00,11,163.21842310531,449.003756971598,88.0005669952761,38.6662534575192
2015-01-02 21:00:00,11,163.330683903112,381.668455110315,95.629002220737,37.186833681085
2015-01-02 22:00:00,11,185.913278945392,495.038088999115,98.4886908237059,40.3125481259539
2015-01-02 23:00:00,11,209.602517618238,432.044752597243,101.106557729211,38.3629058455535
2015-01-03 00:00:00,11,185.03205506187,411.309288447695,100.9021529929,39.8167185275893
2015-01-03 01:00:00,11,152.840578343659,454.96873807291,107.798902732915,44.1428463858985
2015-01-03 02:00:00,11,177.856499472318,495.496492665771,114.557442564446,37.2099930626978
2015-01-03 03:00:00,11,190.296311094385,463.310642573021,94.7213240718076,38.4826054231912
2015-01-03 04:00:00,11,162.437359898321,430.232510426627,103.68292855488,30.541997674361
2015-01-03 05:00:00,11,164.305264273562,467.185132285086,100.151051411238,42.0741083944527
2015-01-03 06:00:00,11,160.89653454354,450.436799383895,101.272142740382,35.9882092309653
2015-01-03 07:00:00,11,181.604357538089,427.185688299898,110.980899890642,43.8999606932641
2015-01-03 08:00:00,11,182.490981463463,427.403230514752,92.9495384336884,34.720531594674
2015-01-03 09:00:00,11,172.265556603861,439.356169400427,79.2644794381843,38.9066132208201
2015-01-03 10:00:00,11,147.66547560578,424.855257705183,95.3368676680125,40.3287520856301
2015-01-03 11:00:00,11,177.257365583684,497.741648577818,98.7972014855704,37.363636227609
2015-01-03 12:00:00,11,138.648129411403,319.248643501651,108.115601189993,31.8432113544693
2015-01-03 13:00:00,11,175.721974780335,486.028540072898,98.9372065897419,43.5687465386797
2015-01-03 14:00:00,11,157.355269335985,455.858806587511,96.6842740037365,38.9538817049922
2015-01-03 15:00:00,11,191.819312140869,503.182410339837,101.40090718516,33.6620934963626
2015-01-03 16:00:00,11,175.515125432945,439.015655993408,112.24749244067,44.9724866245151
2015-01-03 17:00:00,11,168.558891366405,458.841073812083,94.804419849037,43.862049139845
2015-01-03 18:00:00,11,170.825439630866,456.745891628419,120.689614749334,32.6764133017275
2015-01-03 19:00:00,11,179.147197934436,460.072461479982,114.650284563891,36.850397454836
2015-01-03 20:00:00,11,171.050279775609,504.16092945088,77.3026960931913,39.191716378576
2015-01-03 21:00:00,11,158.43148062695,518.212154846373,82.0163636007826,51.5634037749811
2015-01-03 22:00:00,11,152.348672692888,475.246197447956,93.4894004385693,36.765274855103
2015-01-03 23:00:00,11,162.370686746389,550.697566796693,109.440698768344,38.2893943907925
2015-01-04 00:00:00,11,181.0431944878,448.087880605455,118.239744371548,44.0616908574372
2015-01-04 01:00:00,11,154.324397468845,364.901341546678,95.1197797633159,37.7390969019171
2015-01-04 02:00:00,11,142.840901690515,387.656278112651,93.5719670248231,34.7962781304924
2015-01-04 03:00:00,11,155.782111181645,469.415276612174,108.866847362802,42.1621609866366
2015-01-04 04:00:00,11,165.324144284956,441.477107675866,109.544608096515,44.3816266359013
2015-01-04 05:00:00,11,161.177307293874,450.709476005297,101.683618874888,37.1578592525946
2015-01-04 06:00:00,11,178.011911496442,379.534649738168,92.6455706056619,35.656060133151
2015-01-04 07:00:00,11,195.562385684694,466.60381875705,84.2699241216619,41.7118500658386
2015-01-04 08:00:00,11,192.248879739854,403.236898628942,105.008804437412,44.2560421918598
2015-01-04 09:00:00,11,183.292700425264,435.240214535706,109.110684385538,39.3635773909871
2015-01-04 10:00:00,11,171.957818826777,425.68631337125,122.231229388556,38.2170029678412
2015-01-04 11:00:00,11,188.195413496604,427.224375973567,91.3581697242367,38.1495533251703
2015-01-04 12:00:00,11,149.547186436332,475.352660980117,89.5856204416329,36.2544083404691
2015-01-04 13:00:00,11,168.986760876957,478.114082219457,95.2593407039688,44.6268920301528
2015-01-04 14:00:00,11,201.539178770623,420.248719866527,109.311079293544,41.7991419149177
2015-01-04 15:00:00,11,152.99839777197,438.876974856661,110.173865080246,35.7820846012399
2015-01-04 16:00:00,11,167.048507629006,423.204137269342,106.870390868097,48.0951511405413
2015-01-04 17:00:00,11,158.684467752603,491.102693117076,101.05521097302,38.1034577494726
2015-01-04 18:00:00,11,151.609070156629,544.544407789352,85.75895899579,39.6521015451764
2015-01-04 19:00:00,11,168.411643411549,351.67762217292,103.407324806356,41.2162784363015
2015-01-04 20:00:00,11,195.102542739794,472.533453891197,103.894520234221,43.0729630452098
2015-01-04 21:00:00,11,200.715493290908,473.122559740671,102.68414650646,34.6003875502532
2015-01-04 22:00:00,11,170.117345276195,478.186444899136,87.0182909600872,41.9095266272794
2015-01-04 23:00:00,11,136.264760131506,467.664177439003,94.5259057596922,41.2606807438209
2015-01-05 00:00:00,11,171.517978837424,446.340862526822,85.3929929648932,31.3849059068656
2015-01-05 01:00:00,11,177.953371399782,460.217503701109,82.8145601365266,35.0382317805819
2015-01-05 02:00:00,11,179.949933852751,472.666752094122,107.082946682825,37.0823165158563
2015-01-05 03:00:00,11,183.408797394247,481.872079117159,97.063772728962,40.2468247801498
2015-01-05 04:00:00,11,153.686010361892,453.663928936436,94.2057223749531,40.7601604812152
2015-01-05 05:00:00,11,161.190364450529,453.609968142709,101.002565974586,38.4622825817304
2015-01-05 06:00:00,11,188.576335115423,480.527401142019,102.325381172816,38.5288036062268
2015-01-05 07:00:00,11,181.456699449272,480.84697170772,106.99588596496,39.3417738230085
2015-01-05 08:00:00,11,126.493743791639,374.667943851388,87.0081472179153,40.9467248619596
2015-01-05 09:00:00,11,155.706530338891,494.452286293818,116.901098329982,42.9580838654183
2015-01-05 10:00:00,11,170.108900587333,366.766820252575,100.678091461413,46.3096541494121
2015-01-05 11:00:00,11,186.074344776095,355.135760723356,103.270401042259,42.1863954206669
2015-01-05 12:00:00,11,171.308353526883,408.119922342371,105.763442658661,43.1884362935279
2015-01-05 13:00:00,11,155.112336254604,459.88086862802,100.941330028933,40.4068376536829
2015-01-05 14:00:00,11,161.978024557785,491.578392873915,115.763674361911,45.1810112434165
2015-01-05 15:00:00,11,176.796606312357,413.151182490719,124.179882411699,35.5311863455342
2015-01-05 16:00:00,11,135.420585848363,442.60987481082,98.9239623472565,36.5841422137653
2015-01-05 17:00:00,11,172.363459455831,427.589928303484,105.478447645048,45.956376154815
2015-01-05 18:00:00,11,166.671556361634,366.270845431342,91.2868160498285,47.8080727999041
2015-01-05 19:00:00,11,204.869469626359,469.664783630673,106.720158868043,43.1453541615753
2015-01-05 20:00:00,11,154.57318662867,432.173192220923,99.0035452009667,46.8462196598032
2015-01-05 21:00:00,11,185.907544710076,435.319025782643,100.888603870888,35.7444010486543
2015-01-05 22:00:00,11,175.281732090957,498.223404065246,102.946839016134,43.1153426361504
2015-01-05 23:00:00,11,164.575820037248,415.161917932043,79.2744165180982,32.5754229462646
2015-01-06 00:00:00,11,173.495278218313,452.515500295019,111.770688097601,39.9156517631266
2015-01-06 01:00:00,11,195.564572590729,459.643488097527,90.005264671247,34.7277924621692
2015-01-06 02:00:00,11,158.428227550986,443.545009171922,115.890360694563,33.3308203153444
2015-01-06 03:00:00,11,166.674803312114,469.816800540513,85.6321420461373,36.8433320629366
2015-01-06 04:00:00,11,136.619477824599,421.936930632612,97.8382153703343,40.9265838553164
2015-01-06 05:00:00,11,160.265848532276,520.403796720191,111.403206417623,36.3947891246897
2015-01-06 06:00:00,11,201.540438291009,494.009719024065,98.1993593345425,33.2977955303012
2015-01-06 07:00:00,11,177.846162720922,494.050630156855,94.7230470756789,39.1044207111218
2015-01-06 08:00:00,11,175.823253528506,522.959075047931,125.312925530289,46.9680427880261
2015-01-06 09:00:00,11,160.430170746015,470.583289558508,80.4799029034967,44.8010220788065
2015-01-06 10:00:00,11,170.682961330135,488.2923170224,99.6999700871743,37.0359501303233
2015-01-06 11:00:00,11,136.001577673409,485.102693838242,112.090583594368,40.8965390854424
2015-01-06 12:00:00,11,148.706232595786,351.526617719503,98.02033996318,36.4744762898983
2015-01-06 13:00:00,11,169.595231720948,532.717222372098,85.7435709293853,25.340754948099
2015-01-06 14:00:00,11,168.330456947132,415.376767303611,93.806196699771,38.3281176461308
2015-01-06 15:00:00,11,148.024919328019,406.595595284695,99.7574572427493,40.8150581780821
2015-01-06 16:00:00,11,161.024033140562,478.839859448835,109.041586661033,43.243833825808
2015-01-06 17:00:00,11,175.327566126772,486.67230977519,91.8095106436648,43.6556722129017
2015-01-06 18:00:00,11,152.735849684372,440.031184037146,115.599571835475,37.1870642075235
2015-01-06 19:00:00,11,196.995237542991,432.584532266252,102.43374391994,39.6038560390153
2015-01-06 20:00:00,11,153.310329009762,479.867615650422,101.621401247203,35.2853580760379
2015-01-06 21:00:00,11,188.28884261419,411.785397686227,102.989337343062,35.4369520202535
2015-01-06 22:00:00,11,169.106857077145,448.924552486961,106.87900839336,39.8977326203994
2015-01-06 23:00:00,11,177.58160115241,431.99804332837,103.440390211438,44.5160414339028
2015-01-07 00:00:00,11,171.250250552209,460.450393499394,109.554208923515,43.3212028586106
2015-01-07 01:00:00,11,192.663492271347,512.884152741389,91.0260961427234,41.8895269200027
2015-01-07 02:00:00,11,171.669003463078,395.712429568382,113.51959133734,44.1547474071352
2015-01-07 03:00:00,11,161.774601735593,402.081722807987,100.425203714122,37.499110713415
2015-01-07 04:00:00,11,191.877610547165,425.069356843755,106.996787058,37.3892295041648
2015-01-07 05:00:00,11,193.029681694182,452.498286574729,102.261558582061,44.2390818782796
2015-01-07 06:00:00,11,194.66552063233,488.153580387969,84.6562191820589,41.5934364151952
2015-01-07 07:00:00,11,145.777878996155,508.374739557106,91.9340773461638,46.0778629150475
2015-01-07 08:00:00,11,167.568401419496,357.488468589069,96.5437963915344,43.9251581306546
2015-01-07 09:00:00,11,166.541038001585,455.878407655942,103.730153793242,41.7952495643798
2015-01-07 10:00:00,11,141.803405735465,413.388602984887,97.4701404258012,49.9242050807379
2015-01-07 11:00:00,11,199.132337736367,488.289306910654,99.1504253287675,40.9956156152566
2015-01-07 12:00:00,11,176.534250189546,438.527693069618,114.496406987805,35.4174836707782
2015-01-07 13:00:00,11,151.567454955171,460.146579099643,99.3669293340628,34.4625898840059
2015-01-07 14:00:00,11,176.877722352799,492.104263808803,105.116525787912,28.6291960673698
2015-01-07 15:00:00,11,148.239368662017,461.324552608515,91.462168087187,38.6241580788177
2015-01-07 16:00:00,11,153.860436153176,396.240312924408,97.8937781382801,36.6797654235967
2015-01-07 17:00:00,11,177.130192541187,420.858423246979,111.902603715317,38.0005164321046
2015-01-07 18:00:00,11,187.206742610591,365.537081281635,94.6616023225718,44.4108623384803
2015-01-07 19:00:00,11,184.945841166426,502.485136701465,104.579402308899,39.7023210427384
2015-01-07 20:00:00,11,163.70523678927,445.710772491098,92.6588179179906,43.7616312075163
2015-01-07 21:00:00,11,168.010303155344,455.120442070402,92.7829993992311,42.5610517809702
2015-01-07 22:00:00,11,132.478467416609,497.235340942598,91.9262428794527,37.23158552517
2015-01-07 23:00:00,11,168.461675528431,496.600345049654,108.117274820524,44.1858933523903
2015-01-08 00:00:00,11,180.702023525527,367.949225372326,99.6172763051323,44.3984679333416
2015-01-08 01:00:00,11,139.906259744022,378.954858184616,104.606638364313,32.8418231004885
2015-01-08 02:00:00,11,181.081150501788,509.385916834724,109.116557177838,40.7271217107655
2015-01-08 03:00:00,11,170.029132494569,426.994966226774,110.409181871739,48.329149712653
2015-01-08 04:00:00,11,191.892027535502,509.630716561699,103.791339798139,39.6343064502959
2015-01-08 05:00:00,11,186.212853564476,455.287452954259,92.2590601195824,41.1041928158021
2015-01-08 06:00:00,11,151.67044961297,440.492346552662,103.505134168892,37.7106826134358
2015-01-08 07:00:00,11,191.339285892926,456.092585233505,96.9302927352998,40.425956008071
2015-01-08 08:00:00,11,171.130070571226,512.888635554519,105.294273142665,44.6665662848822
2015-01-08 09:00:00,11,140.264796369032,499.361583917913,99.9982304823109,36.2771733158579
2015-01-08 10:00:00,11,191.199038412391,368.466579964786,82.1723888469468,39.624952891141
2015-01-08 11:00:00,11,169.092205042288,472.006889819357,89.0838441780661,44.5737297599304
2015-01-08 12:00:00,11,179.160408829328,458.112954833324,112.181173303762,44.4897558974823
2015-01-08 13:00:00,11,173.816203425387,589.51507736689,108.631441812213,36.5119194639698
2015-01-08 14:00:00,11,194.077803321245,461.466518460154,94.400553518506,38.2038840791712
2015-01-08 15:00:00,11,171.314842830984,427.966908521075,93.6688614371682,39.9924965119598
2015-01-08 16:00:00,11,192.252980585375,439.695095535055,107.101353812874,42.706525181765
2015-01-08 17:00:00,11,171.494070065871,423.259831173757,87.5971475322546,39.1557336154678
2015-01-08 18:00:00,11,131.417015498808,543.42123836725,110.298769502524,38.3621169108145
2015-01-08 19:00:00,11,189.633147755459,456.750721558303,110.590610318287,35.9254033319057
2015-01-08 20:00:00,11,150.704164124069,387.606417660582,115.62642749924,39.8635243456651
2015-01-08 21:00:00,11,161.29251969315,354.602954981974,95.0107182692212,46.4646482730774
2015-01-08 22:00:00,11,188.74724460472,615.056402343152,93.4661710922316,38.115324838005
2015-01-08 23:00:00,11,161.582194025353,457.185862979235,108.109758219224,37.3135947014202
2015-01-09 00:00:00,11,149.252330692793,444.898729346112,113.522512262213,45.5953437032083
2015-01-09 01:00:00,11,159.607269131885,389.066029582073,122.215465310248,44.6075322376054
2015-01-09 02:00:00,11,152.894584955688,359.483303971731,89.4266921163944,42.8097812296144
2015-01-09 03:00:00,11,142.333483693581,429.296350096706,90.9324674772298,38.1460614420899
2015-01-09 04:00:00,11,184.63075591142,507.638112602526,114.909974422896,33.1291231978014
2015-01-09 05:00:00,11,161.033717403212,405.653224505536,100.909662074904,42.8260048792362
2015-01-09 06:00:00,11,187.965123421008,396.60052381944,109.843511485957,41.1902196449266
2015-01-09 07:00:00,11,154.82452311495,450.963311716143,82.1101780226798,43.9886625945082
2015-01-09 08:00:00,11,164.268211627924,481.69486121831,99.5775824340345,36.0771755300154
2015-01-09 09:00:00,11,156.58409170761,361.219053353305,109.732145545511,41.8420851376113
2015-01-09 10:00:00,11,173.216259101874,485.11654787329,102.235182307663,33.3273354161919
2015-01-09 11:00:00,11,167.898852963132,341.55755141262,117.926557753857,40.2372400976446
2015-01-09 12:00:00,11,177.163286201112,437.929914319894,95.9114968371249,40.1208489707256
2015-01-09 13:00:00,11,165.150128627955,442.822300652827,104.378417102586,42.5077608290965
2015-01-09 14:00:00,11,193.215614571752,396.732912550012,78.5127651046763,40.9263832554697
2015-01-09 15:00:00,11,142.31217840987,465.44378509665,101.382138650691,35.7501082687733
2015-01-09 16:00:00,11,164.815595866564,433.349074040567,97.697374510157,41.0064239854333
2015-01-09 17:00:00,11,158.074112338239,509.527058069858,103.375763749375,49.5619150557328
2015-01-09 18:00:00,11,150.482237893389,551.161715924879,64.1321177219984,47.3893708581904
2015-01-09 19:00:00,11,165.891449890871,480.664637361628,95.5966061980329,37.4347448307264
2015-01-09 20:00:00,11,174.397019104312,505.444723146045,114.835160472678,40.6954992275615
2015-01-09 21:00:00,11,159.203607746725,426.62844315597,116.938970670066,37.1142421249117
2015-01-09 22:00:00,11,157.020307107163,444.17649869962,83.0481358278197,37.7948569418767
2015-01-09 23:00:00,11,145.98737371611,400.384176864844,100.529449840682,53.5532669899957
2015-01-10 00:00:00,11,160.020239160702,364.706879844492,113.765158717552,44.4940942610596
2015-01-10 01:00:00,11,155.597127339055,404.856262886154,93.4991481072736,44.2712222167249
2015-01-10 02:00:00,11,177.756687086519,478.008694223342,102.189582592184,36.4359784119488
2015-01-10 03:00:00,11,162.880468573458,409.373094331678,103.866112637693,45.9445486417917
2015-01-10 04:00:00,11,156.866040450682,422.437508827648,90.9353548627613,43.353253130267
2015-01-10 05:00:00,11,186.102798147168,477.204580551544,92.5430446670927,44.5464457867968
2015-01-10 06:00:00,11,148.377128760571,489.572733169728,93.7132483825946,43.2025788553905
2015-01-10 07:00:00,11,145.755705987579,522.941165631057,105.493101771266,31.6665388843728
2015-01-10 08:00:00,11,182.418311723213,423.943177612154,97.194853845327,37.3009805307538
2015-01-10 09:00:00,11,193.596632909509,385.864909217541,98.0503634133122,44.0700159058346
2015-01-10 10:00:00,11,187.206894510682,484.231163387402,95.8887758678868,37.5478146646071
2015-01-10 11:00:00,11,179.342440731389,436.226932989626,112.208228755518,43.979978400203
2015-01-10 12:00:00,11,180.374885795041,468.939977134127,111.826927051542,40.1498084735948
2015-01-10 13:00:00,11,151.672757388194,432.05766744636,108.37234767374,37.364037250362
2015-01-10 14:00:00,11,152.62421024903,502.9069592144,97.8642782813993,43.8572579655539
2015-01-10 15:00:00,11,181.433618026234,445.709078491747,123.099811628722,38.5094906411129
2015-01-10 16:00:00,11,160.65454542005,429.111773293905,115.640734319777,37.0851323596597
2015-01-10 17:00:00,11,168.054367797269,346.29672817458,106.526759629193,33.544436126019
2015-01-10 18:00:00,11,162.572313887848,486.226121010799,101.62780911367,43.5836898530782
2015-01-10 19:00:00,11,171.945111522034,417.345298262881,85.9485312936241,59.8035943377193
2015-01-10 20:00:00,11,168.735772353742,429.058748437009,101.313791912894,53.8326633358473
2015-01-10 21:00:00,11,177.537266217467,473.097716440761,110.856704324122,37.9882389642684
2015-01-10 22:00:00,11,177.832255596941,346.49590725008,101.972740250805,55.2533637605619
2015-01-10 23:00:00,11,154.230058644733,472.43882287854,90.9484332753196,39.4120199146325
2015-01-11 00:00:00,11,180.895518840074,460.564460637126,107.431333225544,44.9035511737201
2015-01-11 01:00:00,11,192.547138804415,434.465224992405,102.959164258814,40.9830747362422
2015-01-11 02:00:00,11,171.364720382235,424.871550039893,103.234103854453,35.1006210046005
2015-01-11 03:00:00,11,149.388447980829,423.327816107998,93.5131804638842,43.8223230197621
2015-01-11 04:00:00,11,155.457866394818,396.099546742933,98.7036467784106,35.1079094214141
2015-01-11 05:00:00,11,194.53359464467,429.03290981184,118.372675563886,42.805837310519
2015-01-11 06:00:00,11,180.926588543747,427.79110532597,90.4431610408114,45.0281663008527
2015-01-11 07:00:00,11,170.310607176378,401.389134789658,94.92716287355,40.7457470548965
2015-01-11 08:00:00,11,192.040222121904,497.657755770101,100.148120730295,31.6001234657535
2015-01-11 09:00:00,11,185.03937395951,397.383800585369,96.0901073364751,38.8790829949298
2015-01-11 10:00:00,11,152.577559400421,420.372917881364,112.540556442602,49.3446846368071
2015-01-11 11:00:00,11,187.882489196525,479.978874936559,104.740336148641,32.7249886582869
2015-01-11 12:00:00,11,166.497779645273,587.655708459714,95.6146288211204,36.6376543683952
2015-01-11 13:00:00,11,201.553752490501,508.522842520001,100.943222297387,40.2686429623297
2015-01-11 14:00:00,11,170.088225320719,407.608616578849,94.9423985152682,29.1317232252537
2015-01-11 15:00:00,11,167.045537209959,447.599944378595,105.143954009616,38.0907320286287
2015-01-11 16:00:00,11,152.735297246658,527.202344948714,81.233014903174,47.0829590809624
2015-01-11 17:00:00,11,185.467345880421,433.706204429299,94.6108636284598,40.8842647903337
2015-01-11 18:00:00,11,151.194039265285,424.886155903243,100.246439828422,37.9945360461886
2015-01-11 19:00:00,11,170.145686314516,421.006885780847,97.6215341565019,51.307005387295
2015-01-11 20:00:00,11,180.277988537929,510.38738689448,87.682619313269,41.5158799570115
2015-01-11 21:00:00,11,173.507184428266,401.594362482548,82.1479174833567,44.3614036553143
2015-01-11 22:00:00,11,175.399157202401,344.683785481222,100.938833591794,39.7655881011221
2015-01-11 23:00:00,11,153.076631292377,416.788019772735,90.3716922454934,40.2326519844845
2015-01-12 00:00:00,11,186.157084162496,399.14367206951,99.0562990906932,37.545411893992
2015-01-12 01:00:00,11,192.278103822005,441.465430055856,102.746548423246,34.5303997490367
2015-01-12 02:00:00,11,194.263507605689,511.375139228547,108.5654412232,36.4782882243671
2015-01-12 03:00:00,11,162.966383905239,419.209732548537,85.5153517669587,38.6720447361942
2015-01-12 04:00:00,11,189.186852261183,537.608877357648,114.733953508845,35.7661315649702
2015-01-12 05:00:00,11,179.401827777704,484.487796610522,104.332958709205,46.6051735225985
2015-01-12 06:00:00,11,166.673543708622,421.514826209004,102.854100461579,43.5950204385427
2015-01-12 07:00:00,11,148.69058753542,466.74706628711,97.9624918037212,41.6597421579109
2015-01-12 08:00:00,11,161.978292688047,379.228351094621,84.1037691232046,39.4345112462522
2015-01-12 09:00:00,11,176.222024497778,483.281117609269,90.7400868042588,40.0758860844235
2015-01-12 10:00:00,11,155.217480344401,408.922402961,106.213015546861,47.1352547837852
2015-01-12 11:00:00,11,178.343669116712,384.485365083357,104.158938656371,42.146692217567
2015-01-12 12:00:00,11,187.037746886948,521.697347343656,99.3799739159078,41.8910379536787
2015-01-12 13:00:00,11,150.479192721057,513.717812153901,96.1563684180432,36.1580605129138
2015-01-12 14:00:00,11,139.443945828475,515.419462106766,110.006679439979,35.4542920913799
2015-01-12 15:00:00,11,177.840410536762,475.641365980865,84.9135362332693,39.3876828288384
2015-01-12 16:00:00,11,162.757363563554,474.931449831067,111.879680820042,35.9546202548226
2015-01-12 17:00:00,11,179.652495308497,446.894722644564,94.0626968785641,43.4781029731504
2015-01-12 18:00:00,11,186.709887297931,400.083826313278,82.1113801026967,42.6876176802681
2015-01-12 19:00:00,11,188.234536776908,370.088868498339,87.5023712490675,33.8521108352231
2015-01-12 20:00:00,11,181.236640428691,491.06897934722,108.533097974748,47.7405774261648
2015-01-12 21:00:00,11,183.80060536896,368.914779490419,88.9629963860433,43.5634503828046
2015-01-12 22:00:00,11,152.524829339506,492.704695249145,123.196491767421,33.7958113837923
2015-01-12 23:00:00,11,172.919421812815,478.788058674487,108.364943043237,46.2413980736601
2015-01-13 00:00:00,11,138.732010144174,434.491260221135,103.088546068474,47.0238698778004
2015-01-13 01:00:00,11,183.075712324097,438.056693214339,99.9569135027346,38.8402539727517
2015-01-13 02:00:00,11,175.333701589024,452.834484046066,90.8623280639072,40.0286256173298
2015-01-13 03:00:00,11,158.476033220932,413.517694056759,108.529570365412,36.7527683377111
2015-01-13 04:00:00,11,173.72263648428,423.579758795156,114.576681135629,39.7276948004634
2015-01-13 05:00:00,11,165.070089180739,444.242267194127,101.6606329799,37.7763305079586
2015-01-13 06:00:00,11,159.778833835372,431.327967874667,109.678191872127,48.4332406462363
2015-01-13 07:00:00,11,164.662182605848,491.443983860481,104.400569734957,36.9485351958859
2015-01-13 08:00:00,11,165.443216514168,496.083898084838,93.0665247884243,41.9962517653556
2015-01-13 09:00:00,11,153.228613234189,380.726616680641,105.993650620026,46.7819959668737
2015-01-13 10:00:00,11,166.896180397564,480.398634060441,86.6528085019277,38.8004323436944
2015-01-13 11:00:00,11,159.147824879431,429.296749741563,100.903167642236,34.7287722914604
2015-01-13 12:00:00,11,179.931222124767,467.358253703183,117.496300376798,34.61725060853
2015-01-13 13:00:00,11,175.662695729532,554.071199662697,96.4402541274264,42.0289972446213
2015-01-13 14:00:00,11,185.40348799522,409.88507779829,102.660243436418,32.4147925151887
2015-01-13 15:00:00,11,178.773826329963,428.689582993336,96.1639597682722,46.064473326056
2015-01-13 16:00:00,11,171.731306183721,449.915861958889,119.526670316024,34.2409524276367
2015-01-13 17:00:00,11,152.425232614586,401.729968513745,85.983585310382,48.9719966646825
2015-01-13 18:00:00,11,166.772801311415,379.481139514517,118.827645870224,40.0378487414339
2015-01-13 19:00:00,11,175.839433763545,502.517107766066,111.446345166325,36.17277999144
2015-01-13 20:00:00,11,177.458943283893,482.396399841697,110.278357023747,41.7532189374196
2015-01-13 21:00:00,11,191.235257717848,412.855628413727,100.650004486433,36.1877475614835
2015-01-13 22:00:00,11,187.864124998918,415.2091582287,113.649544756708,36.3760317191363
2015-01-13 23:00:00,11,150.587474794079,436.412354431623,94.2009319438233,37.4173353570654
2015-01-14 00:00:00,11,156.666208999483,495.88401164816,93.7445263040969,43.2694075592165
2015-01-14 01:00:00,11,185.698499540264,410.581995490679,96.0346656613797,32.5814487857206
2015-01-14 02:00:00,11,151.193966248483,455.013177848056,92.9394883886236,44.3225379828351
2015-01-14 03:00:00,11,157.02371336784,457.933312931637,97.4848955281961,35.462016791781
2015-01-14 04:00:00,11,145.216055178247,398.29737947973,95.2474415506058,26.8783393212758
2015-01-14 05:00:00,11,160.180549945029,476.1037238783,100.41108129615,33.9087340700311
2015-01-14 06:00:00,11,153.256720741299,454.860306764321,90.0735982259565,37.2273382810094
2015-01-14 07:00:00,11,154.942079369534,317.247238268553,106.532918167408,41.6676418551974
2015-01-14 08:00:00,11,207.90835302843,505.604805239806,99.168840103685,43.0154092654739
2015-01-14 09:00:00,11,174.576852024461,446.246563745918,100.132868996781,44.7077179567236
2015-01-14 10:00:00,11,172.529332400986,423.813909890937,108.101384752395,43.6182812917495
2015-01-14 11:00:00,11,149.060005187212,481.781748722511,101.809760914573,43.0354536706632
2015-01-14 12:00:00,11,170.696465925527,474.252833981495,93.2957242514983,49.2180567202618
2015-01-14 13:00:00,11,148.294810974934,503.546292956717,79.9934554838526,50.3065873550456
2015-01-14 14:00:00,11,163.077006363133,464.52810433066,95.5802126907415,36.7756205791743
2015-01-14 15:00:00,11,144.366150342679,460.268102577858,110.878183186291,36.1466759606374
2015-01-14 16:00:00,11,202.608889548001,396.423633705154,99.8232210880513,47.7319810522535
2015-01-14 17:00:00,11,154.955891265845,435.675925504935,119.694805101608,36.1363315566299
2015-01-14 18:00:00,11,195.280244798967,431.71253605324,100.124767798043,46.4800872256349
2015-01-14 19:00:00,11,164.963669038798,414.33876433337,110.027467876792,32.6452048488261
2015-01-14 20:00:00,11,178.517083141962,477.839104758068,103.486699815041,38.7533527720235
2015-01-14 21:00:00,11,176.849986687421,454.956476746066,96.6759485787198,47.5608089711024
2015-01-14 22:00:00,11,149.837359334119,458.997209660606,102.960688696802,44.5028492204717
2015-01-14 23:00:00,11,175.798341511355,401.008079092546,93.4520997177115,40.2583557461436
2015-01-15 00:00:00,11,153.00453532351,492.733672690044,96.3603795653225,43.640021308283
2015-01-15 01:00:00,11,160.674143352513,428.702725019117,105.717767112255,37.164475546273
2015-01-15 02:00:00,11,157.581556376652,489.659317183893,86.5840194036224,35.408188519103
2015-01-15 03:00:00,11,186.298148874849,534.721767135547,86.7063165938905,38.6474707138115
2015-01-15 04:00:00,11,175.604940628155,439.148093191447,98.3202534875991,38.6484498683248
2015-01-15 05:00:00,11,190.646974022647,463.244190526126,94.4626979096595,37.0092340558641
2015-01-15 06:00:00,11,170.434804669289,499.746037958439,93.135823462668,45.1912133195708
2015-01-15 07:00:00,11,157.973999911536,368.293014086815,73.757819332833,40.195958102408
2015-01-15 08:00:00,11,166.029666791545,539.919453702355,81.1545885515621,46.374301577815
2015-01-15 09:00:00,11,158.741803491132,462.577112891739,104.577593929752,31.3750803443032
2015-01-15 10:00:00,11,175.979897396332,447.80833826052,82.1826947290602,40.5320535084196
2015-01-15 11:00:00,11,188.289124113758,436.684376761313,94.54495988235,41.295316307752
2015-01-15 12:00:00,11,179.008987947419,442.937838242137,121.098284355722,48.6256387373839
2015-01-15 13:00:00,11,164.954418906567,479.796397933404,97.6953681864458,49.2675734361571
2015-01-15 14:00:00,11,169.001264499337,471.872811534475,84.0983889668711,34.2673325794075
2015-01-15 15:00:00,11,176.260556357962,409.145255081062,105.163880603808,31.2329755853947
2015-01-15 16:00:00,11,181.901779167176,408.682910802632,109.816006016129,46.2896382994908
2015-01-15 17:00:00,11,167.899732070922,424.578543634211,98.7599219542841,31.738289520409
2015-01-15 18:00:00,11,171.801053355027,441.617324073454,96.6911131401402,36.5008169547295
2015-01-15 19:00:00,11,158.252827623807,407.108092730872,99.1798924764386,43.6514639072306
2015-01-15 20:00:00,11,185.7082502902,481.075706383967,109.329148605211,48.5812384230736
2015-01-15 21:00:00,11,177.15199155177,426.293332223061,104.783198894974,41.3976836429491
2015-01-15 22:00:00,11,166.362861179706,493.634790866729,85.4288341944545,38.6422906782667
2015-01-15 23:00:00,11,170.91430263591,507.569382928938,105.265856472591,30.9948932930051
2015-01-16 00:00:00,11,173.503203904136,474.983128708159,111.989004291264,37.2453693391148
2015-01-16 01:00:00,11,173.223712797239,503.031157484084,114.79581806585,40.1599925693684
2015-01-16 02:00:00,11,183.539630574599,420.911039926724,101.34300144381,35.9942074419117
2015-01-16 03:00:00,11,164.848857523994,412.338467056121,94.4335902296393,43.2997553905726
2015-01-16 04:00:00,11,178.318491886807,477.675197929775,101.540340545122,42.0967438200348
2015-01-16 05:00:00,11,176.334292080045,463.979837621434,106.290170345754,32.851898334773
2015-01-16 06:00:00,11,161.651292736109,537.035619949245,109.190989308859,43.7792750771397
2015-01-16 07:00:00,11,169.975513970795,470.939364321762,86.0508067323938,49.4693993643253
2015-01-16 08:00:00,11,165.719952050793,409.894884583901,94.4556966463381,35.3595092360265
2015-01-16 09:00:00,11,172.326824963036,417.802061433486,99.3756627579109,45.3679798644102
2015-01-16 10:00:00,11,166.978258299321,373.378445607343,101.36890990843,36.9534858005647
2015-01-16 11:00:00,11,147.953091848948,418.004174035335,118.10416190585,42.7969211402519
2015-01-16 12:00:00,11,185.657636985801,455.813859158275,104.222490325408,41.3976857408942
2015-01-16 13:00:00,11,142.800703054293,403.665834373929,97.2979149427454,40.7016539959936
2015-01-16 14:00:00,11,171.892616400954,373.703576571979,99.5163103538881,39.3462697806053
2015-01-16 15:00:00,11,170.840157712541,387.420042626045,78.5826186720528,41.8969494549574
2015-01-16 16:00:00,11,149.3198070067,478.395933216114,98.761416860909,46.776275507009
2015-01-16 17:00:00,11,184.14616367795,431.263880690191,107.232458744875,41.7140889187774
2015-01-16 18:00:00,11,168.816031231505,427.322804382991,107.121368048546,43.7693485941198
2015-01-16 19:00:00,11,149.410615701131,474.802476231901,85.0031954123934,43.9347962129114
2015-01-16 20:00:00,11,119.347721089485,365.124255695447,100.194066628069,35.6673509362807
2015-01-16 21:00:00,11,172.013334587451,452.954213168929,87.2597917302138,45.3707419411777
2015-01-16 22:00:00,11,170.567358597451,484.640476343546,112.769342402236,38.6804488788009
2015-01-16 23:00:00,11,172.87757462108,452.675276887813,96.5177594960412,39.3495049368699
2015-01-17 00:00:00,11,174.146584714233,341.158603155451,116.260609773995,41.6199741922307
2015-01-17 01:00:00,11,160.877830189079,364.352301551046,103.810641859523,41.8486081931861
2015-01-17 02:00:00,11,175.219181214072,422.012579260285,98.7346822019791,34.2012857665269
2015-01-17 03:00:00,11,166.703254875111,366.738055135811,100.922688140847,33.5110688917297
2015-01-17 04:00:00,11,181.495495741193,379.628189539245,109.676210913929,40.4156719955791
2015-01-17 05:00:00,11,167.088973363283,350.251632107648,98.2038492005885,28.2560690655741
2015-01-17 06:00:00,11,154.484827933183,429.625345621936,95.1932741900428,38.8831423318242
2015-01-17 07:00:00,11,176.165368202388,424.056963543534,101.354432854372,37.8597533466557
2015-01-17 08:00:00,11,150.73901679396,371.713462751288,105.653584946852,34.3683829367461
2015-01-17 09:00:00,11,185.074934758944,472.316760403902,107.030056768726,35.0599208203801
2015-01-17 10:00:00,11,167.910870571072,468.889231622452,110.714815518517,48.5329637840237
2015-01-17 11:00:00,11,163.087219879568,362.86107794253,112.076846536454,36.7599116439777
2015-01-17 12:00:00,11,169.144797390287,469.571978278902,93.6024078399184,42.3310815811357
2015-01-17 13:00:00,11,164.202610031499,512.157267846614,115.365933511074,43.6380920173826
2015-01-17 14:00:00,11,168.307328825803,507.455220468581,101.983282659624,46.4200258591666
2015-01-17 15:00:00,11,181.577959490588,391.187979748851,109.031754451618,39.6226630522885
2015-01-17 16:00:00,11,160.51638087253,402.660476479444,96.0417504162976,45.0532271133989
2015-01-17 17:00:00,11,181.124579449525,348.221341476467,69.2753973574043,43.0066332218517
2015-01-17 18:00:00,11,160.568972100183,341.08716649896,102.026740589683,41.9402049310291
2015-01-17 19:00:00,11,182.756406355018,363.444444359526,97.7635792258102,42.7050137169245
2015-01-17 20:00:00,11,167.095959018673,412.01308346506,104.381262404294,44.7867800506232
2015-01-17 21:00:00,11,201.779610002991,430.090888887577,88.0897131176489,41.6448241162483
2015-01-17 22:00:00,11,138.978543601626,427.913681975896,94.9457117620808,34.9251230392628
2015-01-17 23:00:00,11,167.366753277642,323.446558222409,105.437701011688,38.564707891056
2015-01-18 00:00:00,11,171.965478255201,362.060039449646,103.27798179633,45.2079745937866
2015-01-18 01:00:00,11,153.513675050241,479.064404789836,99.8902130175009,31.1825105383241
2015-01-18 02:00:00,11,166.406397302099,304.451371484007,108.685258087006,38.2699832119753
2015-01-18 03:00:00,11,159.461621558817,344.068087694217,95.4133643601703,43.3355673716823
2015-01-18 04:00:00,11,159.860716719694,375.913451812759,101.217320043881,44.4875416694114
2015-01-18 05:00:00,11,152.45656305404,367.217800770647,85.0377985040276,34.7634913198464
2015-01-18 06:00:00,11,165.737028305936,283.186937221607,89.8333646755084,42.0434518862409
2015-01-18 07:00:00,11,181.382132383614,321.485028122943,100.745246250012,42.453958916127
2015-01-18 08:00:00,11,170.471361005513,323.764269538405,83.0505709466558,38.1797562136668
2015-01-18 09:00:00,11,177.991406929095,359.760525749489,92.3033550290182,39.5246146317066
2015-01-18 10:00:00,11,160.287114221333,314.813867905261,112.459882948918,44.0563054181998
2015-01-18 11:00:00,11,181.949711338722,357.354983660861,96.4473242059799,38.9088261093703
2015-01-18 12:00:00,11,140.705376368938,352.260940808461,106.196263254408,42.1719289814405
2015-01-18 13:00:00,11,178.468959207281,312.056380960028,108.004081001665,29.0193419997452
2015-01-18 14:00:00,11,191.52417058463,389.741715337085,93.4499827618823,40.7159084236993
2015-01-18 15:00:00,11,149.375979339361,344.62214425651,93.8128714333107,43.3752727044863
2015-01-18 16:00:00,11,173.316508874323,351.396492603379,105.624053790992,44.7524615144534
2015-01-18 17:00:00,11,160.222683486172,283.480189435135,98.749405731665,37.3577966489973
2015-01-18 18:00:00,11,181.8804325259,271.766276786907,110.771459746717,35.441690143126
2015-01-18 19:00:00,11,193.717555447286,313.989426505943,118.018437757519,42.3623254365154
2015-01-18 20:00:00,11,171.610332716376,289.06251375715,102.179445611676,30.3164159021913
2015-01-18 21:00:00,11,159.355744129247,258.544661603935,115.31437134356,42.5277974736295
2015-01-18 22:00:00,11,160.418525617736,287.92061284619,85.3108672934467,35.8087484901399
2015-01-18 23:00:00,11,147.999351620158,300.015151840932,127.411265841716,44.7276385369065
2015-01-19 00:00:00,11,186.981936792776,291.157559740717,92.1384216994976,43.1334270173751
2015-01-19 01:00:00,11,166.097637863041,314.973123501195,77.6937162663719,40.3355046208988
2015-01-19 02:00:00,11,152.88208514802,297.115222121589,92.0580236755357,33.6088436834134
2015-01-19 03:00:00,11,197.010940625846,378.839095557405,114.505232015527,37.3965099541954
2015-01-19 04:00:00,11,165.797327241901,238.36413083009,103.208025201486,44.7304688411553
2015-01-19 05:00:00,11,158.932148997707,236.65508275538,100.91052756162,37.8309865455558
2015-01-19 06:00:00,11,176.444572648649,257.959430192329,103.633259512452,43.9721809498307
2015-01-19 07:00:00,11,145.587238808056,391.707356197246,112.300950219331,44.592449540066
2015-01-19 08:00:00,11,147.080583705945,323.102027527567,105.060211387523,48.4332231366009
2015-01-19 09:00:00,11,169.960476603395,302.954823848513,105.090114197835,52.761646282986
2015-01-19 10:00:00,11,186.270439098624,272.629255212711,83.6610343395234,38.2499464119174
2015-01-19 11:00:00,11,151.202635398436,268.087617444603,93.3637162058786,40.224799929549
2015-01-19 12:00:00,11,199.404791059231,380.544594051861,109.706522185288,36.7630567638485
2015-01-19 13:00:00,11,170.042217701939,331.572624729297,94.691692374315,33.3376545870987
2015-01-19 14:00:00,11,162.540443850727,288.809138875667,115.607848220246,37.9298046842382
2015-01-19 15:00:00,11,181.683259766542,274.309961328115,106.696155470246,35.2666847174913
2015-01-19 16:00:00,11,175.875364370791,289.062528209339,103.856046155501,50.4708955519156
2015-01-19 17:00:00,11,156.469822169311,383.493985766402,101.972631458276,30.9693776704226
2015-01-19 18:00:00,11,159.597748975613,317.332339811787,114.15843482717,34.1930101138484
2015-01-19 19:00:00,11,181.902871252214,331.348987485061,94.6387909679802,38.1558781936867
2015-01-19 20:00:00,11,154.880333094969,384.766641874955,108.359219388005,39.1668139074328
2015-01-19 21:00:00,11,140.572100146631,422.766299687051,114.128800492213,39.710600057123
2015-01-19 22:00:00,11,166.9004996726,355.490247994882,117.008476017942,35.1200801367742
2015-01-19 23:00:00,11,158.454359092941,390.93116392937,113.637745374802,38.6920071255524
2015-01-20 00:00:00,11,168.019191124696,273.391158885277,100.016714414766,46.887822358352
2015-01-20 01:00:00,11,174.690342831392,322.854909979102,94.4490514259481,36.6132323699378
2015-01-20 02:00:00,11,161.217705081484,451.389420606613,114.212405090552,39.2896309589592
2015-01-20 03:00:00,11,205.121266112993,461.209504868252,88.4545576316177,28.2697656855324
2015-01-20 04:00:00,11,181.738762224821,355.57773711673,102.125606659256,40.9331590110713
2015-01-20 05:00:00,11,175.401816825007,392.047628030093,110.141361130489,36.6244129242296
2015-01-20 06:00:00,11,163.842485655789,417.59426077413,107.387169650557,45.1194788241137
2015-01-20 07:00:00,11,153.214591341622,550.61078479339,105.958002065338,43.5059998321055
2015-01-20 08:00:00,11,140.917482019646,394.708603556434,91.4601229837596,37.1221224352263
2015-01-20 09:00:00,11,193.745586737162,421.850257877807,104.443084528488,42.0895256030904
2015-01-20 10:00:00,11,161.088795638476,420.424397005005,115.523813129311,31.6408082041674
2015-01-20 11:00:00,11,179.414374586168,561.702399673885,106.580112023954,39.3087977940533
2015-01-20 12:00:00,11,158.509879433379,446.576179504162,103.279434897153,44.5638964278946
2015-01-20 13:00:00,11,147.166477133624,434.236551844615,97.6617045684354,38.8046399878981
2015-01-20 14:00:00,11,155.064907361641,436.610949442322,101.099122374574,41.7375643270992
2015-01-20 15:00:00,11,158.97403945956,385.673188538988,96.6661270820784,29.4686040302964
2015-01-20 16:00:00,11,165.280805459387,425.325026750759,109.626466343495,43.4344003321225
2015-01-20 17:00:00,11,177.026422066876,428.980787979114,108.399722726423,44.690808503153
2015-01-20 18:00:00,11,158.58866681212,439.084154235311,115.739511053172,45.8152336311571
2015-01-20 19:00:00,11,168.356422891898,458.989315022823,92.0839770164516,39.7395651432906
2015-01-20 20:00:00,11,175.424296460061,552.407166040156,96.9061414113415,34.9191638313494
2015-01-20 21:00:00,11,170.82810155456,397.659558513277,95.2830007783481,40.9450162754048
2015-01-20 22:00:00,11,161.527649874175,560.694106567759,83.325947595774,35.4750679105204
2015-01-20 23:00:00,11,165.50745032863,342.754570205711,99.6670587084748,43.2718117693266
2015-01-21 00:00:00,11,170.972214694736,483.254564726516,77.5344352573207,35.2468597332404
2015-01-21 01:00:00,11,141.050025172727,351.744703754957,97.6092603738207,30.0153471162303
2015-01-21 02:00:00,11,169.99006673293,417.760718409086,99.464927754473,41.0176735053243
2015-01-21 03:00:00,11,174.401477822176,307.638386663759,97.5646891465912,33.2659960814541
2015-01-21 04:00:00,11,167.805510330449,409.180612902015,113.212423379097,49.8092443998756
2015-01-21 05:00:00,11,161.638024174502,354.042647155071,98.4548332854834,42.5948417214333
2015-01-21 06:00:00,11,154.322626238005,356.371237588713,115.635459580523,34.767247685037
2015-01-21 07:00:00,11,185.346385115383,309.535641901402,98.1827914266602,38.9049393410628
2015-01-21 08:00:00,11,180.895267140018,216.951249521535,103.045640845978,38.9103030303424
2015-01-21 09:00:00,11,190.894577318975,398.783837228905,89.920102195183,49.8478529021537
2015-01-21 10:00:00,11,165.049605115559,324.63608266717,107.629357793337,45.4230305791453
2015-01-21 11:00:00,11,183.136473568862,415.076321611201,100.339315132939,36.3456678329836
2015-01-21 12:00:00,11,192.400538620065,407.412816201378,98.732239243851,43.4959187460038
2015-01-21 13:00:00,11,155.181602799608,404.706742303802,103.263693241947,36.9067404726007
2015-01-21 14:00:00,11,161.955667399884,294.394651873052,103.752131942654,38.8263625309437
2015-01-21 15:00:00,11,162.285487354637,404.689639700389,92.9257254757855,36.2218752303107
2015-01-21 16:00:00,11,174.269111212306,409.241551833728,89.5370255180783,39.3035922741216
2015-01-21 17:00:00,11,160.890885055694,430.299591016971,108.755053240419,35.3569013702454
2015-01-21 18:00:00,11,165.604973247396,441.732505965931,113.99094699956,47.2257532376662
2015-01-21 19:00:00,11,181.347991952857,376.03243272063,100.618189388625,53.7053222621247
2015-01-21 20:00:00,11,169.048604909209,390.718225236552,105.428499518409,38.1709992257351
2015-01-21 21:00:00,11,188.477014407846,489.040325126779,75.9868864413578,32.7965461313
2015-01-21 22:00:00,11,179.634668556354,427.092776630896,97.5545553743635,36.9978929781624
2015-01-21 23:00:00,11,153.778985155793,328.83243408021,105.253750575683,52.106719756122
2015-01-22 00:00:00,11,151.653864462479,447.020020967732,108.978517043485,46.2068295602838
2015-01-22 01:00:00,11,193.186124744645,341.995925202913,103.433423620678,43.667658568323
2015-01-22 02:00:00,11,181.461889243855,375.24712337902,122.776697137593,44.3275840868946
2015-01-22 03:00:00,11,187.601567006875,315.194420925016,107.128548073431,46.396990709672
2015-01-22 04:00:00,11,171.490495063544,370.012542215678,118.692991630092,45.843749067812
2015-01-22 05:00:00,11,148.125967061964,417.308145694203,103.572261043899,43.4299574328326
2015-01-22 06:00:00,11,166.159694232208,324.327465052805,96.4202134639746,39.1480955162609
2015-01-22 07:00:00,11,152.534828500063,450.651722423006,88.8143597997542,35.1133588824031
2015-01-22 08:00:00,11,161.704841320153,412.895639744298,86.6019665780888,47.6281379032621
2015-01-22 09:00:00,11,148.334828678955,336.587238182235,99.4160494941847,39.0151843071036
2015-01-22 10:00:00,11,186.738388258001,434.090853499083,99.9867566074001,45.8818266263242
2015-01-22 11:00:00,11,157.725674612736,356.347490937715,98.3155257256719,36.1229131771776
2015-01-22 12:00:00,11,177.14660328205,333.208257335891,99.972409550066,44.7988316083035
2015-01-22 13:00:00,11,182.753762259609,410.865072281859,84.1136665564366,49.3415074028844
2015-01-22 14:00:00,11,186.226124971105,323.879828102781,119.175650909248,31.1406543705577
2015-01-22 15:00:00,11,179.344286731219,410.765641982983,86.0767001291356,44.4977150466615
2015-01-22 16:00:00,11,176.006723528928,388.789349711345,88.4541310751873,31.8589437677908
2015-01-22 17:00:00,11,177.284862924124,301.72449596184,94.2762162732586,39.8290416401647
2015-01-22 18:00:00,11,149.601242401651,317.088171451984,99.3504982307161,40.9812503440979
2015-01-22 19:00:00,11,155.038995441254,420.791341829883,95.7115205449885,39.6473716733795
2015-01-22 20:00:00,11,155.604679482612,387.180929897488,115.337497126499,40.8158434028826
2015-01-22 21:00:00,11,159.878259463098,456.551848691106,117.066115696481,40.0434635000866
2015-01-22 22:00:00,11,161.096648805626,347.926801538652,99.0861089986238,39.5001184390389
2015-01-22 23:00:00,11,148.266368081849,437.552909127175,94.3393175927284,39.2971813708735
2015-01-23 00:00:00,11,167.257976361407,411.075346092016,95.0969635635888,43.508760486391
2015-01-23 01:00:00,11,181.946980200388,475.917607382008,105.354138375443,52.6148018609041
2015-01-23 02:00:00,11,199.15152603197,450.649328848146,88.9434065969996,41.8582865359127
2015-01-23 03:00:00,11,150.186405620285,512.906946575624,85.6536170307293,37.0450101506796
2015-01-23 04:00:00,11,183.862367602482,489.570125284887,98.468493758212,44.4066662324693
2015-01-23 05:00:00,11,204.144830112137,380.38470855789,95.8495664037036,38.0093881694792
2015-01-23 06:00:00,11,158.697741111424,463.071147474155,113.057617968872,41.0856072982431
2015-01-23 07:00:00,11,161.110799705481,382.103616827147,87.9715387234926,36.2046653194851
2015-01-23 08:00:00,11,191.174937144992,526.238768285315,108.032013174923,41.2724222504389
2015-01-23 09:00:00,11,163.8167577428,416.340208129958,97.6393073549791,39.4430918758592
2015-01-23 10:00:00,11,175.045804102661,460.453564525008,83.8659552576368,34.4902578955875
2015-01-23 11:00:00,11,146.675488623349,409.260596623735,124.594363934391,40.3245005674354
2015-01-23 12:00:00,11,171.523230727085,344.759776816996,102.521736287566,38.0906310898716
2015-01-23 13:00:00,11,171.344400868263,392.026763445692,101.120096545563,40.4967644509594
2015-01-23 14:00:00,11,137.379308428201,422.120582750509,94.3904967954336,35.0706722243926
2015-01-23 15:00:00,11,146.180024205217,411.155166838822,95.8683264796349,36.074697812565
2015-01-23 16:00:00,11,166.554286983525,492.835813381065,84.3332779536566,38.4064748760024
2015-01-23 17:00:00,11,185.852734018926,527.294646912959,89.2365959455317,42.307692705303
2015-01-23 18:00:00,11,187.657648639746,359.115873174187,91.9512587743698,28.3178226033034
2015-01-23 19:00:00,11,163.747581893353,459.481000039537,111.292180689297,49.1787825717161
2015-01-23 20:00:00,11,189.394756123275,486.006274676353,115.012570944491,41.8605833446651
2015-01-23 21:00:00,11,159.86390883594,451.736403243439,95.2901005713596,38.3000805745274
2015-01-23 22:00:00,11,181.979660270694,563.734533479155,91.7534862476905,37.8216412083543
2015-01-23 23:00:00,11,175.531521242497,467.239361956384,121.453970911445,38.9622900239552
2015-01-24 00:00:00,11,182.645558991041,506.198606656628,109.436684665568,31.8509307114028
2015-01-24 01:00:00,11,130.881796320261,486.346160654248,100.730505348632,33.806755281989
2015-01-24 02:00:00,11,161.16507189136,583.722131332286,92.9896283616541,44.8573680820305
2015-01-24 03:00:00,11,173.219832474245,538.344523274445,103.26758243413,43.533821080085
2015-01-24 04:00:00,11,186.895791732032,549.137045442127,91.453075995133,36.4609933423431
2015-01-24 05:00:00,11,162.732438755979,457.133310578089,105.9923171429,39.2811805649001
2015-01-24 06:00:00,11,157.803089788461,489.576369812743,94.7572158789659,38.8357849400726
2015-01-24 07:00:00,11,169.037457740047,525.811619070859,94.7826165758254,34.7922207279081
2015-01-24 08:00:00,11,165.86473323939,464.798200388794,84.3638634418882,40.8913110144319
2015-01-24 09:00:00,11,181.060659539968,517.540007799123,104.933670623528,28.7784103404501
2015-01-24 10:00:00,11,187.655264929612,480.81693234752,110.7423856213,44.3676165569849
2015-01-24 11:00:00,11,172.815502288301,440.614432828287,107.212815844089,41.7502680167277
2015-01-24 12:00:00,11,172.329069595397,528.662487945136,100.574620469138,42.4144615058496
2015-01-24 13:00:00,11,156.718022404742,477.710424827259,99.5700965897321,38.115335555097
2015-01-24 14:00:00,11,160.431826650736,500.814261170428,95.2206604490926,37.6871826632174
2015-01-24 15:00:00,11,164.536704790541,457.378285037414,105.766324968068,30.9683105407082
2015-01-24 16:00:00,11,177.339756162373,408.327424474966,81.9340790949169,41.6746191933491
2015-01-24 17:00:00,11,202.728158352371,453.837104578574,107.006422778188,45.5144912464453
2015-01-24 18:00:00,11,156.991346417781,508.301182325786,120.989390874688,40.4102833435529
2015-01-24 19:00:00,11,181.105566488319,499.472715804179,105.567703404657,43.1541465742632
2015-01-24 20:00:00,11,150.130558855882,404.227146152491,95.2240727451567,34.6671631864488
2015-01-24 21:00:00,11,175.808641005589,419.470591040376,106.427385240964,35.1177092706352
2015-01-24 22:00:00,11,168.953828099699,422.992197450164,107.790933891955,37.7705578267131
2015-01-24 23:00:00,11,195.034422910545,454.422215109425,89.9718328586849,41.4636243968884
2015-01-25 00:00:00,11,161.62578955053,452.473110781007,103.747051990617,41.6765628918471
2015-01-25 01:00:00,11,156.570414949246,457.252023091291,113.70522680307,45.905954962566
2015-01-25 02:00:00,11,157.031612766097,517.078574535501,104.114507062735,40.4980219137966
2015-01-25 03:00:00,11,185.96324887804,411.46661808263,100.823222518032,39.5356946902226
2015-01-25 04:00:00,11,139.486621531792,469.400740191014,97.6037211571068,42.9811035064682
2015-01-25 05:00:00,11,141.192054230308,460.3008121275,99.0820956338087,46.0680556893356
2015-01-25 06:00:00,11,161.953941293182,489.258871605024,88.2264446023025,42.1924196930182
2015-01-25 07:00:00,11,172.295897390896,393.34338486335,91.0229475377292,39.7732500173955
2015-01-25 08:00:00,11,173.548313222572,395.543654221988,94.5494892407797,38.0214413778378
2015-01-25 09:00:00,11,187.944546518888,448.733171902078,106.889577402148,40.9003633417012
2015-01-25 10:00:00,11,158.554673783129,529.602766571517,100.393773560568,37.1967385003036
2015-01-25 11:00:00,11,160.796063283604,395.171723727783,93.9594919088134,42.2428280734832
2015-01-25 12:00:00,11,168.999398349585,490.136429410207,111.582625803965,42.2720121717425
2015-01-25 13:00:00,11,167.934043485097,461.352975765412,103.93867802942,38.9812504745761
2015-01-25 14:00:00,11,152.626128712131,472.174888350921,99.0886476275946,41.5777230459894
2015-01-25 15:00:00,11,186.838577157721,372.750103948603,92.2244825657404,39.4216509525269
2015-01-25 16:00:00,11,162.525936932659,464.50009884432,109.651665413217,45.2687362382696
2015-01-25 17:00:00,11,182.743158679329,463.007497298305,83.1398264927168,26.2149494899361
2015-01-25 18:00:00,11,164.231188815885,435.003271584033,106.77005733567,34.0158433369504
2015-01-25 19:00:00,11,164.216794795733,357.0058288068,94.0492157164275,33.8226411505843
2015-01-25 20:00:00,11,174.315007875017,450.043306116996,99.7800486683773,38.9315459502515
2015-01-25 21:00:00,11,148.004380868707,388.281849964795,94.1493055254978,40.1260701821097
2015-01-25 22:00:00,11,161.561850330594,391.363019138022,101.99340761906,33.9685114870598
2015-01-25 23:00:00,11,165.834601167761,352.139795982941,90.6807878030436,38.0197212043258
2015-01-26 00:00:00,11,185.004500803934,432.292527611657,101.887024789269,40.0485244423879
2015-01-26 01:00:00,11,155.314862199363,451.180814772424,83.6317199623917,38.4594999942707
2015-01-26 02:00:00,11,140.707708480706,333.866522099372,86.812072795509,37.3409343228047
2015-01-26 03:00:00,11,183.180282476838,440.56275234617,93.6935342034615,37.0863736148064
2015-01-26 04:00:00,11,175.216827264247,335.071637177978,94.0541403154661,39.0620221798121
2015-01-26 05:00:00,11,194.71161327821,521.060206440293,117.576990914162,35.7505541224096
2015-01-26 06:00:00,11,180.373695317077,476.832068457588,91.1891823520609,48.1695289196289
2015-01-26 07:00:00,11,167.496675251323,366.405397800396,110.820329137972,40.9209500895549
2015-01-26 08:00:00,11,137.850084731532,458.281421953257,92.0434953153707,43.590761825611
2015-01-26 09:00:00,11,177.214402999515,495.514110752933,109.336663642356,43.5944111828503
2015-01-26 10:00:00,11,156.885298726021,372.894998564732,91.9801098675452,48.1434922003169
2015-01-26 11:00:00,11,148.198311808018,558.541112310223,122.816316559834,27.7138036654012
2015-01-26 12:00:00,11,158.101108729669,415.184719882899,109.626715852952,34.6147183108092
2015-01-26 13:00:00,11,175.740478150455,411.624465948841,104.559463745344,40.8735168440624
2015-01-26 14:00:00,11,165.414793110029,358.598471265955,103.68907439743,37.2485375908852
2015-01-26 15:00:00,11,187.754777531991,565.502987313288,118.199867595845,42.7091756167631
2015-01-26 16:00:00,11,182.187837380096,455.233123576606,95.0469655863566,32.2259228768566
2015-01-26 17:00:00,11,174.174071031344,427.178765701493,86.4124793485349,51.951169528806
2015-01-26 18:00:00,11,172.442212699366,424.651390270456,97.9859192240151,43.9221473519722
2015-01-26 19:00:00,11,193.858862961195,478.762185813615,105.491706832306,42.7277193347259
2015-01-26 20:00:00,11,164.757133046571,351.76667961887,96.491564596426,45.3492310607021
2015-01-26 21:00:00,11,153.322200385767,434.116369378033,99.7717790249328,43.0516058559624
2015-01-26 22:00:00,11,157.81363305494,527.333289312573,88.877940239718,40.089043175399
2015-01-26 23:00:00,11,183.464234634949,446.575480659185,108.444149769976,34.7582274645003
2015-01-27 00:00:00,11,170.304119849482,494.028157580726,105.921488656374,36.6687178345784
2015-01-27 01:00:00,11,182.350748082053,359.855463393522,104.851530612003,44.6083579105948
2015-01-27 02:00:00,11,167.338834991136,396.468263892797,126.81302590734,38.7207871302989
2015-01-27 03:00:00,11,175.463491177022,412.836567289189,129.767224810179,43.7042743876481
2015-01-27 04:00:00,11,155.114110797736,470.162570064087,125.179811297946,36.1263459164514
2015-01-27 05:00:00,11,177.078196651429,417.211484000766,124.501195271715,40.7791145932113
2015-01-27 06:00:00,11,174.817284823071,512.495548155334,116.780207309673,50.6284285716376
2015-01-27 07:00:00,11,147.636509801489,374.086299407353,121.257328247876,32.9661260312597
2015-01-27 08:00:00,11,169.158634294993,453.247985716992,138.58286531373,28.0576821392929
2015-01-27 09:00:00,11,180.036121831292,482.914639944707,142.56670824589,35.7368746065553
2015-01-27 10:00:00,11,164.052778210872,553.268411433293,110.250634854384,50.3065666728404
2015-01-27 11:00:00,11,180.72560363178,372.039132016019,131.707968075031,36.3609934783373
2015-01-27 12:00:00,11,188.360814929069,416.510315504727,141.903122076372,31.9550908100461
2015-01-27 13:00:00,11,152.273230023555,484.731899277744,134.193975843506,41.4002986382078
2015-01-27 14:00:00,11,161.956596977043,486.463310875003,119.820722161953,30.7714981427403
2015-01-27 15:00:00,11,177.122390801571,344.405575238033,140.187672066186,43.1863690031606
2015-01-27 16:00:00,11,138.037136274925,455.742245629936,123.396917353159,45.4538428533478
2015-01-27 17:00:00,11,189.764159596925,507.534309008822,127.852335916285,38.1220750889485
2015-01-27 18:00:00,11,176.327296345002,401.571554097654,131.184802558877,39.5536593322535
2015-01-27 19:00:00,11,159.393488191702,410.760982132593,144.187175176641,34.1057086783493
2015-01-27 20:00:00,11,166.785371957968,420.708323036016,129.099960435904,33.618062502839
2015-01-27 21:00:00,11,163.200832181223,457.990061180286,99.3142750721945,46.3052861050403
2015-01-27 22:00:00,11,203.813458565579,457.732955236273,126.384212766024,43.997102566343
2015-01-27 23:00:00,11,138.142511130054,414.393456134103,109.203578324479,39.0822086185351
2015-01-28 00:00:00,11,178.036613701267,351.280297136874,123.695711145912,36.8721726921439
2015-01-28 01:00:00,11,164.474883244129,438.700305006647,133.819064555353,32.0952804860774
2015-01-28 02:00:00,11,146.92038032703,357.346519956335,142.658332754174,40.8936787979792
2015-01-28 03:00:00,11,165.707683401172,471.10821633937,112.23019609749,51.1117281456388
2015-01-28 04:00:00,11,181.552613431234,384.970134530494,118.393911923831,38.1359232612607
2015-01-28 05:00:00,11,161.974864327169,503.786110595588,124.485345356395,44.0645450613222
2015-01-28 06:00:00,11,173.913846699508,390.275344604218,133.616707563486,36.7163272792825
2015-01-28 07:00:00,11,153.580146323323,418.515741654209,123.915727057634,39.7677640405711
2015-01-28 08:00:00,11,154.405015760305,423.44675522163,119.442744258035,37.6135301641521
2015-01-28 09:00:00,11,184.131962039031,345.463131545413,131.617229338545,39.1766549717652
2015-01-28 10:00:00,11,139.373987462636,463.136163467632,114.390422410959,35.5099809984561
2015-01-28 11:00:00,11,189.151435706302,454.828631959973,124.610331096155,46.8420132383909
2015-01-28 12:00:00,11,156.673186695072,514.551522093116,118.414950054817,36.7254995608145
2015-01-28 13:00:00,11,168.37252186514,508.468028407203,124.177990092194,43.9988828705009
2015-01-28 14:00:00,11,189.322502533126,480.340363665213,124.313295671264,39.4587489741352
2015-01-28 15:00:00,11,160.931124920079,374.996911753214,130.416922105624,35.8189110623494
2015-01-28 16:00:00,11,199.061914861786,427.840865252528,114.143911500892,47.4307924002403
2015-01-28 17:00:00,11,174.389747997818,410.237364268739,135.819108103705,35.9416508854853
2015-01-28 18:00:00,11,176.708594068218,448.62935270651,128.128178937387,41.5177217304911
2015-01-28 19:00:00,11,192.84260214758,413.952608038044,119.288389329849,37.0372707091578
2015-01-28 20:00:00,11,169.372906662362,484.257333996692,126.536280138887,42.928253507483
2015-01-28 21:00:00,11,181.908498371822,519.878337106069,125.755558833798,51.7591080572374
2015-01-28 22:00:00,11,174.864207928984,396.052929263905,128.603321278038,36.6148649636033
2015-01-28 23:00:00,11,168.184685484796,432.845286868491,133.438236724301,45.9346000864144
2015-01-29 00:00:00,11,171.639551768201,383.997526597524,138.873468720465,32.4159730782049
2015-01-29 01:00:00,11,155.06678749997,373.78280143917,128.971884896025,48.3896709626107
2015-01-29 02:00:00,11,185.772908854401,450.856410333275,133.865032998515,42.8380549924849
2015-01-29 03:00:00,11,170.610673522996,502.503564470688,101.515969172909,46.2023432410453
2015-01-29 04:00:00,11,158.215196352408,511.21713211405,107.087350063506,38.8013797328165
2015-01-29 05:00:00,11,178.329882206192,485.237667848243,97.574128120117,41.2915365044579
2015-01-29 06:00:00,11,186.473708712215,467.151418340384,109.502494749532,40.5958467677361
2015-01-29 07:00:00,11,165.765265523166,543.713757614567,107.332059216837,43.1345577098318
2015-01-29 08:00:00,11,165.788758180504,456.968224024579,99.8515866983946,47.2663615506433
2015-01-29 09:00:00,11,169.729187359723,426.259449507168,97.2570504912151,32.8971149093967
2015-01-29 10:00:00,11,171.451334270771,420.647588350672,92.0919656826774,45.9200502914322
2015-01-29 11:00:00,11,189.394794340714,402.769490211464,87.4579140368987,45.8646540111846
2015-01-29 12:00:00,11,159.192990485975,340.333347947627,107.920815953264,34.2039302908958
2015-01-29 13:00:00,11,172.341032909877,386.123081822961,86.1054478865041,39.5699298830311
2015-01-29 14:00:00,11,177.247241894595,372.478583156751,86.0722119491474,40.2027179990679
2015-01-29 15:00:00,11,141.479025616869,466.541688781365,119.018718040305,32.5202558003412
2015-01-29 16:00:00,11,156.193947264241,481.440842004856,87.254123367664,33.6447538328534
2015-01-29 17:00:00,11,139.579034377041,351.045765763751,107.61643623892,41.4940449668497
2015-01-29 18:00:00,11,192.498331066923,419.526140762048,87.2707161493092,36.4450133152483
2015-01-29 19:00:00,11,187.495038445339,388.198346192407,116.035076826012,40.118665689038
2015-01-29 20:00:00,11,178.538884261377,413.272810889509,96.9877706692685,34.385397947631
2015-01-29 21:00:00,11,202.58079388873,460.220819259608,86.4295095575119,39.2590687263653
2015-01-29 22:00:00,11,169.964311992847,427.923671004885,102.75508259087,37.9491550984499
2015-01-29 23:00:00,11,168.483199659083,430.454614785399,108.861647538738,37.9008907837314
2015-01-30 00:00:00,11,164.802255118435,426.218487094174,94.2758221932672,37.4407676281957
2015-01-30 01:00:00,11,175.670078588428,408.893562679516,107.555224205362,42.1207215365931
2015-01-30 02:00:00,11,186.694526240329,440.130654780939,97.2919930847594,37.2060480475888
2015-01-30 03:00:00,11,172.668736095281,431.63320559457,83.4181282561339,36.3510301730181
2015-01-30 04:00:00,11,165.680005676789,412.307104635789,76.8263001770116,44.9527254763988
2015-01-30 05:00:00,11,178.892110191434,363.382602629,90.199372377892,32.8557912630489
2015-01-30 06:00:00,11,176.756505538115,392.710530379952,86.0767905376184,43.5709765983094
2015-01-30 07:00:00,11,164.265358736185,446.920260042554,106.220710335402,43.2084736647484
2015-01-30 08:00:00,11,200.182308080902,428.79506954057,106.330232728519,34.2446837452604
2015-01-30 09:00:00,11,161.613079400716,459.072280805426,119.714538877615,31.1700814453099
2015-01-30 10:00:00,11,186.479585746683,428.44646798296,96.7942681298861,45.911565631103
2015-01-30 11:00:00,11,154.155024077868,449.394822159183,107.544909443788,30.1801388781688
2015-01-30 12:00:00,11,194.242010017507,450.504762158658,110.918242699066,44.8401545742315
2015-01-30 13:00:00,11,187.303688928206,447.665842663453,108.693463935458,35.0528848776511
2015-01-30 14:00:00,11,179.695891677023,436.571714384345,111.441212586501,44.6735067106407
2015-01-30 15:00:00,11,171.242092562772,489.520117717614,106.087146670465,34.7740088885386
2015-01-30 16:00:00,11,177.561623252627,462.549100948338,99.7647546271708,41.0584840497421
2015-01-30 17:00:00,11,177.165918975054,390.81868874363,108.063703793112,35.6626227241706
2015-01-30 18:00:00,11,162.843441309996,492.543103260536,97.9897835651805,43.2982722832049
2015-01-30 19:00:00,11,169.825454300087,350.071167271485,112.247098844803,45.8493766226202
2015-01-30 20:00:00,11,160.227618574802,480.972395611257,103.433163260736,40.9219528080655
2015-01-30 21:00:00,11,158.228190584403,447.29398651606,96.1535025696836,44.9207670400233
2015-01-30 22:00:00,11,191.562887699989,526.27053718556,107.531372538698,48.3453052619086
2015-01-30 23:00:00,11,183.256887658898,425.325955510962,111.664931403131,39.9592507324694
2015-01-31 00:00:00,11,197.79375285727,477.022991258407,113.793617970753,36.4503661771628
2015-01-31 01:00:00,11,149.779542210288,454.275577527624,95.8436440226725,40.5995745755309
2015-01-31 02:00:00,11,172.73332230708,453.666403033959,98.1446964602119,44.9501753878423
2015-01-31 03:00:00,11,190.665208279877,409.152960280199,110.785077600614,40.6636742486759
2015-01-31 04:00:00,11,202.392945677721,334.662742250596,106.453476910864,39.2677896812616
2015-01-31 05:00:00,11,161.931530332482,452.973251814065,115.458573409181,33.1753934277895
2015-01-31 06:00:00,11,152.318853132643,473.174239589787,96.4061520197811,42.9766958580255
2015-01-31 07:00:00,11,182.930541435836,359.585105632059,86.3563691617199,30.4470382908811
2015-01-31 08:00:00,11,157.707553901953,502.526702252255,101.16048809369,41.2756667938907
2015-01-31 09:00:00,11,173.913007163903,464.287122471406,96.8418150146125,40.3301028909783
2015-01-31 10:00:00,11,191.353680793433,500.691585488591,92.7421791186276,40.5450027778891
2015-01-31 11:00:00,11,157.398178965101,527.80573734655,97.2004563058223,37.754123649651
2015-01-31 12:00:00,11,184.645721883577,446.636245654779,117.642379240775,44.2485978008218
2015-01-31 13:00:00,11,180.432137729173,322.831726111541,103.765582384014,36.9080757936217
2015-01-31 14:00:00,11,189.889093151761,335.486937782324,89.0332442382613,39.8967868179855
2015-01-31 15:00:00,11,173.461769529922,331.610150060679,98.41601858045,37.7215737018016
2015-01-31 16:00:00,11,159.195222837166,318.946376592985,77.7000358807064,32.3631790055985
2015-01-31 17:00:00,11,159.798798922899,456.209863184883,93.7060379211806,35.1846193777153
2015-01-31 18:00:00,11,164.590431226909,291.18182665202,94.8055692008081,47.1156789123904
2015-01-31 19:00:00,11,166.663109955355,357.952627850419,104.47576715078,41.7782351843275
2015-01-31 20:00:00,11,170.335938906678,318.965178760522,104.711131165286,38.5372229581763
2015-01-31 21:00:00,11,159.499632294679,275.545537354258,84.743764526055,31.0313923151295
2015-01-31 22:00:00,11,166.978460239422,392.384428118941,107.814481305088,42.4454318477446
2015-01-31 23:00:00,11,156.767598709959,389.523542661026,113.663289858105,31.2731267639172
2015-02-01 00:00:00,11,178.603810955368,254.59779307966,101.704020103225,50.4379514576509
2015-02-01 01:00:00,11,182.073533796801,320.730568467397,92.049302186194,34.5877924125497
2015-02-01 02:00:00,11,169.917182941289,369.745438127444,92.0649655434707,41.7278960273564
2015-02-01 03:00:00,11,184.509388486963,301.528428880314,103.707894530919,42.7317127913612
2015-02-01 04:00:00,11,149.752268758732,328.955679779779,103.539886309225,40.3808682435232
2015-02-01 05:00:00,11,151.446257534285,367.735714399436,94.0863107068015,35.8495081270537
2015-02-01 06:00:00,11,172.935095019669,402.709221767084,115.469565830787,38.5996387179306
2015-02-01 07:00:00,11,194.369447895477,336.62633344265,86.8789681742649,38.0877697880754
2015-02-01 08:00:00,11,199.345184880951,417.274924372592,90.2489806538307,39.8646422061302
2015-02-01 09:00:00,11,191.303352462782,346.436067817462,85.4268058635797,38.4162651413454
2015-02-01 10:00:00,11,190.266776822057,335.271553497267,123.924651813012,43.6853749409122
2015-02-01 11:00:00,11,151.148548522395,406.222801932538,94.7793191565948,37.6133347084951
2015-02-01 12:00:00,11,201.330207812173,337.016014967423,98.9949784201504,45.5136517990919
2015-02-01 13:00:00,11,210.046301687577,302.507856708284,118.162737817443,43.952716470944
2015-02-01 14:00:00,11,184.792881236972,442.206760185072,83.0545527764268,39.8776448855464
2015-02-01 15:00:00,11,199.336807750398,314.947932732863,114.591136910531,40.9218677893898
2015-02-01 16:00:00,11,175.042380169808,411.19597176422,127.28300237512,47.5627571698004
2015-02-01 17:00:00,11,186.330609227512,324.073228391951,94.8614283647683,48.4138852258899
2015-02-01 18:00:00,11,205.390459497761,388.185020856379,103.843088550023,27.9901494622139
2015-02-01 19:00:00,11,190.183998830479,340.299957155785,84.1296841135421,51.5271733920907
2015-02-01 20:00:00,11,200.87189529305,412.178917370676,107.18178177158,42.8446969342566
2015-02-01 21:00:00,11,193.038904283213,427.233885409637,102.129510150447,33.3855769055521
2015-02-01 22:00:00,11,205.02072396625,387.12093953916,95.2866010270236,39.7517247025724
2015-02-01 23:00:00,11,191.467662168546,360.744715106734,90.8845160577445,35.1760122856712
2015-02-02 00:00:00,11,194.179338597874,381.552855589696,95.4284643936296,33.8713028057378
2015-02-02 01:00:00,11,210.165727364952,396.369574419863,97.7325031838806,41.4052872824865
2015-02-02 02:00:00,11,191.017895842651,336.991096127642,92.7887890118336,45.500570999301
2015-02-02 03:00:00,11,191.903945681503,443.970072989958,98.8167841973649,42.7484818504153
2015-02-02 04:00:00,11,170.194363330999,404.947636096064,113.701985118659,38.2604387985531
2015-02-02 05:00:00,11,182.195524279917,403.829636332758,98.1827213190398,51.5800537157942
2015-02-02 06:00:00,11,188.608704846981,429.910619533604,89.0210401839793,47.0298870122175
2015-02-02 07:00:00,11,174.120257060575,357.524289967029,110.31819550433,45.0030349872951
2015-02-02 08:00:00,11,190.447285889735,379.629750357642,110.986125668138,42.3652421562099
2015-02-02 09:00:00,11,174.159630490182,355.532138915898,93.720116391282,37.6554284652456
2015-02-02 10:00:00,11,200.565772235989,377.484880775499,106.749743437823,40.9935557300025
2015-02-02 11:00:00,11,194.199723229035,382.879952528318,111.002820530975,45.5345375344006
2015-02-02 12:00:00,11,206.280947158182,365.072023039258,112.488021001856,49.2735453606536
2015-02-02 13:00:00,11,175.129056906456,429.17000085763,87.8653059754121,36.670500647501
2015-02-02 14:00:00,11,181.846364261123,513.44545828177,88.3316996147221,35.5277852638849
2015-02-02 15:00:00,11,186.865099554016,477.469778448799,93.118264209863,43.475992023181
2015-02-02 16:00:00,11,178.223087821506,507.085605695857,112.721063429469,42.7565418741958
2015-02-02 17:00:00,11,168.689291965137,449.901240809358,104.335828551623,36.3253909958009
2015-02-02 18:00:00,11,189.005806122266,430.363150857202,93.70944180415,43.8423434820925
2015-02-02 19:00:00,11,169.310193894172,434.917034127485,94.9206838164317,46.8379134191822
2015-02-02 20:00:00,11,175.431679217973,366.134649861397,92.1956446133221,42.7700501600755
2015-02-02 21:00:00,11,167.356200524102,430.772337018025,111.24300418675,43.1562109997935
2015-02-02 22:00:00,11,205.402112402178,501.212996043957,95.3977885947044,45.3292179815188
2015-02-02 23:00:00,11,166.247794900571,387.378519244028,89.0288456964886,34.3547826706605
2015-02-03 00:00:00,11,179.285390896423,481.094759934425,115.536066041227,37.1555729031283
2015-02-03 01:00:00,11,193.972847480891,480.484020550174,109.122087150366,37.0710199236133
2015-02-03 02:00:00,11,223.446537911646,455.827076172265,91.119598502472,46.5267971112018
2015-02-03 03:00:00,11,194.949406147863,422.555297943451,97.8581983223886,39.3093434447346
2015-02-03 04:00:00,11,200.155114512494,550.82574111935,118.386277219532,34.0189104232008
2015-02-03 05:00:00,11,158.251046286082,460.919580527281,113.044603555371,37.6550990172051
2015-02-03 06:00:00,11,200.01594248016,423.197399762003,71.6129741610229,41.5815605968621
2015-02-03 07:00:00,11,160.874394384862,449.781543501579,107.447904102525,25.3150430988631
2015-02-03 08:00:00,11,164.053291795102,484.457189813033,87.9977006915109,38.3387787518591
2015-02-03 09:00:00,11,180.56258058987,529.344281405581,107.151249790169,37.509398978713
2015-02-03 10:00:00,11,162.561763268966,371.834202716873,93.7364882525371,42.2293079107331
2015-02-03 11:00:00,11,195.163541594201,556.872846536181,94.4682516592095,40.0411665525469
2015-02-03 12:00:00,11,159.716855758539,384.804941170332,95.8278395314624,43.1429302310349
2015-02-03 13:00:00,11,161.93409446475,433.073367022008,93.7556217580256,38.801142718941
2015-02-03 14:00:00,11,201.566242839301,433.116679498154,91.6381866011144,39.621775721294
2015-02-03 15:00:00,11,189.307643872508,521.247455651037,91.754862333791,34.8144153782041
2015-02-03 16:00:00,11,145.047310003128,494.055219191813,97.7243726494243,42.3063503321213
2015-02-03 17:00:00,11,146.801704902028,435.60824377445,103.180958452802,41.50514127459
2015-02-03 18:00:00,11,161.366740417152,424.362471735611,98.7703309994068,44.9063914545485
2015-02-03 19:00:00,11,188.033316327717,455.546364013631,87.7117901292505,41.9818772734021
2015-02-03 20:00:00,11,156.592779618585,550.935203551485,115.477275157297,32.7178567797802
2015-02-03 21:00:00,11,181.57343522101,460.381563542548,108.720209645069,44.1759695256869
2015-02-03 22:00:00,11,161.841797813158,424.580193849954,99.8210949562621,40.1971933371763
2015-02-03 23:00:00,11,156.700016889755,403.819435572015,87.6809305449439,40.2512952184574
2015-02-04 00:00:00,11,157.080306070812,384.042332621958,94.2652586650136,41.1957169951635
2015-02-04 01:00:00,11,169.910590984598,392.244637901912,110.943500144642,41.958183241888
2015-02-04 02:00:00,11,146.871826945992,537.437525257458,101.169054833605,35.6350525957839
2015-02-04 03:00:00,11,175.107353173122,445.460824619038,81.1705438712628,40.7296003614843
2015-02-04 04:00:00,11,167.720599562619,410.884711100581,99.0828650391515,43.5840106418616
2015-02-04 05:00:00,11,151.781207605882,398.182572084224,108.976407693863,46.3228365219965
2015-02-04 06:00:00,11,193.596223643064,433.967404031725,98.5284830268153,42.3246444786932
2015-02-04 07:00:00,11,169.117550411041,402.724777639147,98.2506765838666,27.8806392516733
2015-02-04 08:00:00,11,188.574330416998,438.144808918394,93.0724883577428,44.6242870521183
2015-02-04 09:00:00,11,171.242952134159,541.580586721487,111.302911194446,38.5328400130224
2015-02-04 10:00:00,11,194.375774542721,372.92363169153,82.6149849740194,45.4513983223207
2015-02-04 11:00:00,11,173.775470355166,504.236244999799,107.028332884466,46.7554884748014
2015-02-04 12:00:00,11,172.175249395976,425.497968496606,92.6361450236262,39.5031119335965
2015-02-04 13:00:00,11,163.638001531626,481.126352217972,82.6351693317081,48.7185431635013
2015-02-04 14:00:00,11,138.705698768787,489.650353373324,89.1113700139935,35.5624725891407
2015-02-04 15:00:00,11,190.355202262587,484.684142655906,99.3040400655839,34.063468010707
2015-02-04 16:00:00,11,179.713315321987,477.484850041822,80.4598692158605,41.7688111378256
2015-02-04 17:00:00,11,163.284258293871,487.229845223054,106.964220745074,41.3518139710816
2015-02-04 18:00:00,11,173.244388715935,374.996223090961,93.8853493841224,47.093603691566
2015-02-04 19:00:00,11,154.495758665472,416.564919460657,112.882198189917,39.0341385803868
2015-02-04 20:00:00,11,178.921392713046,449.716887360933,99.7926905594679,27.1191376281293
2015-02-04 21:00:00,11,175.735972707948,450.185116844114,110.439001729054,50.8908774153389
2015-02-04 22:00:00,11,183.765459700857,476.81379614911,119.411544732818,42.1335882399931
2015-02-04 23:00:00,11,160.755243321053,540.284430347332,102.450430577392,29.8870291628999
2015-02-05 00:00:00,11,165.790353001378,527.716173668555,90.4822039736556,38.4799173514138
2015-02-05 01:00:00,11,182.700189175442,472.778147376789,89.0673795167127,34.7882728922493
2015-02-05 02:00:00,11,156.225899805113,477.845255687227,106.722457589048,40.0558178899874
2015-02-05 03:00:00,11,157.946192950176,479.25215978764,115.462297243031,54.4943862270882
2015-02-05 04:00:00,11,170.346463660705,498.503824489305,110.438173679353,45.0434261085077
2015-02-05 05:00:00,11,183.7846212281,482.273036306165,87.2328576338615,34.618076081922
2015-02-05 06:00:00,11,154.50665041757,372.743586232775,108.64065113401,47.5562944587743
2015-02-05 07:00:00,11,166.803894083062,454.490175436048,106.080273769264,41.9897192888552
2015-02-05 08:00:00,11,166.890288154971,437.487369319793,97.7158841332145,40.7571828325636
2015-02-05 09:00:00,11,153.332890130394,461.61958068303,114.538575575266,39.5006378843374
2015-02-05 10:00:00,11,160.551820955696,525.08588467784,99.6217542646916,34.0332470662752
2015-02-05 11:00:00,11,165.184456783993,440.303155857934,87.5810141265537,42.7453243700082
2015-02-05 12:00:00,11,148.131356229162,411.196630944733,97.4124732395915,34.8884601864244
2015-02-05 13:00:00,11,177.983744213744,449.867446795972,100.279289716324,39.6191827519192
2015-02-05 14:00:00,11,178.874862632734,477.97557137705,108.354743548602,39.7621702828936
2015-02-05 15:00:00,11,153.721352602761,532.91154453829,88.4865446261851,39.3364434257863
2015-02-05 16:00:00,11,168.471380531106,518.447927100311,89.48992181583,43.9457714102736
2015-02-05 17:00:00,11,159.069267217177,401.319565146921,94.5259706166262,48.9580561903826
2015-02-05 18:00:00,11,166.202006751856,381.121033998495,90.4174238855861,37.4390036535573
2015-02-05 19:00:00,11,152.934472148164,474.20585493875,101.957901680893,32.9864262484493
2015-02-05 20:00:00,11,157.523388665162,487.931958302545,105.309678104908,34.3220365017849
2015-02-05 21:00:00,11,176.449211799508,400.526970856628,66.7375880928642,44.8203946740315
2015-02-05 22:00:00,11,179.781316118254,401.233087408587,112.945638136259,46.2506723101633
2015-02-05 23:00:00,11,154.275560120903,430.547074492807,112.164106540704,49.4263357742186
2015-02-06 00:00:00,11,170.182257106742,419.62479190038,112.853282021013,28.68962639675
2015-02-06 01:00:00,11,186.540550420495,496.645976487341,110.529767768127,35.8598190048212
2015-02-06 02:00:00,11,173.075130430631,440.14824117569,77.5720361691023,42.2868844616955
2015-02-06 03:00:00,11,174.349346263184,345.561472214803,109.502723883464,40.8430776580877
2015-02-06 04:00:00,11,153.171774596848,505.842619980799,119.322278737358,35.8569536797502
2015-02-06 05:00:00,11,174.291425292168,434.091911867951,111.904938401785,43.2880793780124
2015-02-06 06:00:00,11,177.576880208867,403.755155292048,93.7165887710398,40.576917794403
2015-02-06 07:00:00,11,146.416295332253,432.512128882554,107.293200597743,43.6003047519078
2015-02-06 08:00:00,11,194.125593340816,409.82840028236,102.382631541157,40.1836383802103
2015-02-06 09:00:00,11,186.242925404491,384.932802985569,92.7769911730329,40.1273985091553
2015-02-06 10:00:00,11,167.214224456124,407.39730834632,99.1040021697645,43.6332891173809
2015-02-06 11:00:00,11,175.406204382943,415.584674864027,95.0056821088355,40.7951404221864
2015-02-06 12:00:00,11,161.176242411722,467.532182114696,101.619024514392,40.6928969184889
2015-02-06 13:00:00,11,158.807739789894,435.177412910291,101.50383506682,45.5764805722117
2015-02-06 14:00:00,11,183.408462550806,521.080702903632,94.0682864798599,45.4814651510626
2015-02-06 15:00:00,11,198.463376745825,474.433448923709,113.71089903277,38.4919686811544
2015-02-06 16:00:00,11,182.791836881862,506.74409838521,103.171803117628,41.5853628960304
2015-02-06 17:00:00,11,168.608190368052,464.235230828782,103.00096116874,42.7513728630116
2015-02-06 18:00:00,11,190.663348233055,524.422615754828,110.797046408816,39.9792677874182
2015-02-06 19:00:00,11,183.35608572032,393.504558476058,94.369764476528,43.962330840247
2015-02-06 20:00:00,11,178.147418730467,491.29725771368,91.4048051068882,33.8931857858705
2015-02-06 21:00:00,11,182.51395114051,397.083091992316,108.568263719449,28.8334750884098
2015-02-06 22:00:00,11,167.104826387026,479.897944912355,91.2207035895435,36.8565157468351
2015-02-06 23:00:00,11,138.327357639009,389.375527680701,86.005064580942,41.3656605530386
2015-02-07 00:00:00,11,164.693270884203,450.025941391671,91.4846860275522,38.1686859350361
2015-02-07 01:00:00,11,165.671869818683,386.092475258463,115.391423799804,43.0324702322993
2015-02-07 02:00:00,11,193.497814655764,579.698200394438,106.730035376437,43.5233591331516
2015-02-07 03:00:00,11,162.795521015757,356.85149436955,92.5203889428912,37.1834419635263
2015-02-07 04:00:00,11,159.746518513597,457.457879099126,103.291623974721,37.8700847646033
2015-02-07 05:00:00,11,193.877088203774,454.715995170863,111.368712755999,45.3675674781759
2015-02-07 06:00:00,11,184.661031812622,421.89979696778,111.688517790432,36.244996163575
2015-02-07 07:00:00,11,152.380993016776,361.084970716555,113.984302007147,45.1076281226338
2015-02-07 08:00:00,11,159.173270632208,422.345972285328,119.694772646912,37.9649996109572
2015-02-07 09:00:00,11,163.822735369068,310.906596405326,103.44384953796,35.0387679486652
2015-02-07 10:00:00,11,183.931281680024,477.842576982478,82.0434008982088,49.9560447890196
2015-02-07 11:00:00,11,198.069299215835,516.655525938335,94.8071652521242,39.6274632164878
2015-02-07 12:00:00,11,150.23359165814,397.384305825723,90.9939406712081,47.8537327590249
2015-02-07 13:00:00,11,150.868169524371,392.458715020601,90.3755982977219,39.0776784659165
2015-02-07 14:00:00,11,138.39187182947,418.867183280174,84.222559208216,35.1809588433421
2015-02-07 15:00:00,11,179.450612156515,438.449829517135,106.53178241662,41.7447045178865
2015-02-07 16:00:00,11,207.847476354405,497.398529940728,93.7620670527264,39.2648749201035
2015-02-07 17:00:00,11,196.329959427866,425.982791273089,91.1639113761206,31.7079154571061
2015-02-07 18:00:00,11,156.92470512702,448.699454915249,102.949871437898,36.1720470469391
2015-02-07 19:00:00,11,142.954632089637,463.842197777293,88.8691171208093,30.0838006411452
2015-02-07 20:00:00,11,181.120760361695,483.726256606191,94.8166246630246,37.7768874537679
2015-02-07 21:00:00,11,161.670476425913,466.832989219124,91.7917646868455,34.6974640990939
2015-02-07 22:00:00,11,175.020461918781,380.469754292952,93.7120895660617,42.0208640926666
2015-02-07 23:00:00,11,171.356495149429,428.244925327849,96.7553586342666,49.4438792983587
2015-02-08 00:00:00,11,158.977770996632,534.650287755254,88.131712125013,41.1800872536636
2015-02-08 01:00:00,11,188.364801116053,525.281697775141,103.279653318754,35.9609593302432
2015-02-08 02:00:00,11,154.64760489121,530.19755185947,98.5462787650217,37.5603538753284
2015-02-08 03:00:00,11,151.698113698254,461.238376667326,113.937084724036,33.7731791936809
2015-02-08 04:00:00,11,172.199958361172,424.993708853391,85.6598693448995,35.865153841419
2015-02-08 05:00:00,11,196.185706443325,429.825135603241,92.5945346535038,41.8636573273506
2015-02-08 06:00:00,11,189.207776156607,442.32608055885,101.110664653858,47.3084675936976
2015-02-08 07:00:00,11,148.039327544655,385.493182206193,94.8618962531526,35.5856996654408
2015-02-08 08:00:00,11,177.09675507473,401.712829178212,119.522102816578,43.3282840288954
2015-02-08 09:00:00,11,209.073952744518,518.138754083612,83.7369170674104,32.4410443295397
2015-02-08 10:00:00,11,159.714281118146,521.185567668574,100.845985009872,47.4957480126379
2015-02-08 11:00:00,11,155.929382562329,369.867511666184,98.6594232095661,34.580728219215
2015-02-08 12:00:00,11,181.313505872762,393.667135465999,100.929217435187,42.1096604262842
2015-02-08 13:00:00,11,190.378829812637,469.168113544156,101.054348530629,45.6605804606574
2015-02-08 14:00:00,11,156.685704045103,425.109074345352,111.245331727703,41.8587264545772
2015-02-08 15:00:00,11,147.894382478356,422.924511184177,106.305075367312,39.7358290680918
2015-02-08 16:00:00,11,183.935113924535,436.641161791973,93.3201427310181,42.5140756904902
2015-02-08 17:00:00,11,154.475234645176,540.735038445036,87.3455783473119,38.0518782294732
2015-02-08 18:00:00,11,150.35337835986,401.394676377448,117.218332322121,44.1956661097074
2015-02-08 19:00:00,11,165.565923626366,406.632900007181,78.9693685196785,41.8379283560016
2015-02-08 20:00:00,11,179.52658938832,472.346691411524,92.3099792636857,36.9882857831888
2015-02-08 21:00:00,11,168.880694328322,550.92129935951,92.0205467987447,46.0295989691049
2015-02-08 22:00:00,11,164.582802129644,516.423511907498,98.5471757154495,34.7824101664046
2015-02-08 23:00:00,11,186.907719444288,391.009745060784,98.9692633747404,38.7349864308371
2015-02-09 00:00:00,11,194.710234687595,432.51581713617,103.951377828418,40.0365273558917
2015-02-09 01:00:00,11,180.013954443745,451.290421906019,94.5340239695765,42.9127959396176
2015-02-09 02:00:00,11,175.866556750827,396.666217129397,106.242470056948,48.8658421163481
2015-02-09 03:00:00,11,195.637557640977,473.374889488729,108.630887244596,46.0424781225885
2015-02-09 04:00:00,11,163.710366324815,431.76681074588,108.371133244914,33.9580665399767
2015-02-09 05:00:00,11,174.04109474075,340.455507903101,89.8733441856742,42.5173533396014
2015-02-09 06:00:00,11,189.856788616879,459.336067362235,89.4972304006088,49.9412689781595
2015-02-09 07:00:00,11,148.858313242898,439.57178369953,111.67085688109,42.9675503038133
2015-02-09 08:00:00,11,161.487786691324,421.493370187261,101.795929191175,35.5531105539393
2015-02-09 09:00:00,11,166.18511804864,391.01226417949,81.5292855550414,48.4536169948356
2015-02-09 10:00:00,11,175.34008865106,382.151972741637,110.914002158145,51.1506642512311
2015-02-09 11:00:00,11,169.877406529052,394.686733351386,90.7425557421527,45.6103571164263
2015-02-09 12:00:00,11,180.435723714085,433.914767247294,77.576375057706,41.8065510769991
2015-02-09 13:00:00,11,159.291338693642,478.081741401053,96.5210855590536,49.8499583076574
2015-02-09 14:00:00,11,156.600914231495,453.706763262413,91.6187818989944,36.0450238088979
2015-02-09 15:00:00,11,185.292129376447,487.71250915903,85.9493672472867,46.8618336532348
2015-02-09 16:00:00,11,175.730148954972,462.488073908022,95.4820960112653,34.3842645027054
2015-02-09 17:00:00,11,174.21703705864,487.850095238005,102.508146227935,43.3692834903165
2015-02-09 18:00:00,11,152.399291342654,427.748613141698,88.7913545048372,46.3537628385307
2015-02-09 19:00:00,11,161.920202217298,338.373502037048,92.9154199641717,44.5777796762655
2015-02-09 20:00:00,11,169.01347411357,499.281106146195,89.1435774720841,37.5929341354702
2015-02-09 21:00:00,11,166.29121526322,502.576439629925,107.018360314079,35.9346491486324
2015-02-09 22:00:00,11,164.208533233543,470.472148712982,99.4923169620466,31.3629254842492
2015-02-09 23:00:00,11,167.367175047105,447.994950808571,103.005989703133,32.5134229594578
2015-02-10 00:00:00,11,160.336173926637,550.708986363375,101.152225848317,25.246096986014
2015-02-10 01:00:00,11,158.753010569907,452.659774115089,89.115025010087,43.66439621428
2015-02-10 02:00:00,11,172.578735817215,496.960347665463,113.223367566452,46.3705277070737
2015-02-10 03:00:00,11,172.539217466177,479.960884058266,106.701213462423,43.0178997482839
2015-02-10 04:00:00,11,175.857411707531,512.689550056204,97.0544773829549,34.4726351683922
2015-02-10 05:00:00,11,167.791334358934,547.608114196849,108.656627091652,40.68486274865
2015-02-10 06:00:00,11,157.562950135821,426.691631066037,102.446375157142,39.4700337345248
2015-02-10 07:00:00,11,154.279986273198,494.316310393995,107.226451704904,34.3495692442399
2015-02-10 08:00:00,11,178.19006840991,385.628798613524,108.14068387441,31.0096945732487
2015-02-10 09:00:00,11,167.099665187643,491.727210789287,88.1126798598236,40.9804816840973
2015-02-10 10:00:00,11,204.747716425555,464.870559991973,100.874670795529,35.9093900948575
2015-02-10 11:00:00,11,151.747823089354,509.61528399781,106.20936987004,35.370057839613
2015-02-10 12:00:00,11,157.377511844209,429.839781739998,100.723437168427,49.8015041650373
2015-02-10 13:00:00,11,153.067800528043,461.404610596307,105.809399930523,38.420904945548
2015-02-10 14:00:00,11,206.541318107188,485.285343957135,98.9301067688579,39.2165256023125
2015-02-10 15:00:00,11,178.24439051389,495.385094219938,113.265827458985,42.8356612709343
2015-02-10 16:00:00,11,197.758155108071,426.703317083825,115.389781770021,46.489414007929
2015-02-10 17:00:00,11,169.335437373717,411.354136170277,99.6310152871821,37.9803990006136
2015-02-10 18:00:00,11,186.608963450837,394.121254119198,122.150097538762,44.6494025188848
2015-02-10 19:00:00,11,153.983493838697,497.617118393739,112.561826225923,45.4648427912485
2015-02-10 20:00:00,11,184.83520460414,430.376648316095,111.876990749641,39.8401980180896
2015-02-10 21:00:00,11,155.708708534529,374.990303365793,87.0980083166618,33.0616381157628
2015-02-10 22:00:00,11,142.990854531453,472.513118240963,95.2550693471071,36.2133439341377
2015-02-10 23:00:00,11,168.608554520652,393.45756483754,114.600699724277,53.5367268678399
2015-02-11 00:00:00,11,191.728493855098,474.718336602152,112.055951688499,43.9441106818284
2015-02-11 01:00:00,11,173.546043991653,442.006276219244,105.06600390346,37.6264598317464
2015-02-11 02:00:00,11,172.919635374997,485.193992784503,90.9208622630616,47.8571587706519
2015-02-11 03:00:00,11,171.984148682709,362.996247464631,100.426782864386,47.510184859882
2015-02-11 04:00:00,11,160.604476196331,393.685008327545,94.1446762030637,34.3010758203775
2015-02-11 05:00:00,11,189.693373599137,479.5854366735,99.3590444377817,40.2737509476771
2015-02-11 06:00:00,11,180.504998040017,389.134399457292,108.971690874179,40.9047019524486
2015-02-11 07:00:00,11,174.653846853405,440.220293814504,91.2729130865129,36.5322660204349
2015-02-11 08:00:00,11,191.760881116954,434.96704943422,109.374197068964,43.6415475160369
2015-02-11 09:00:00,11,188.584426381403,476.065114985751,99.9047519957119,42.0534708564506
2015-02-11 10:00:00,11,183.252403986784,333.641476649999,85.9085178376364,39.2544867584474
2015-02-11 11:00:00,11,192.822832603419,424.16763604185,103.508274077956,31.972101975286
2015-02-11 12:00:00,11,142.848742298619,456.849559885332,112.279854826677,33.6627434989507
2015-02-11 13:00:00,11,190.024331603967,501.942150674502,118.744720953269,35.2920474025773
2015-02-11 14:00:00,11,188.565624759579,410.802173774877,106.547631649182,48.9763518043013
2015-02-11 15:00:00,11,151.694568829275,420.99154140255,106.844162274629,37.659823899697
2015-02-11 16:00:00,11,189.199256356107,427.006174975074,111.643444279458,45.5459567360613
2015-02-11 17:00:00,11,182.825322626886,530.690983592393,105.374403871746,35.8710978833681
2015-02-11 18:00:00,11,170.365909318469,487.570343597976,93.1445796927821,45.4193270228322
2015-02-11 19:00:00,11,172.209233737712,463.744587649534,94.2605572243387,43.516360322624
2015-02-11 20:00:00,11,153.049432550581,486.425893747035,101.768351243518,47.2540303517623
2015-02-11 21:00:00,11,153.840696889578,496.119107634103,102.23195514608,32.5733701417029
2015-02-11 22:00:00,11,160.619652825117,493.588539131026,110.018584413252,36.7282745958189
2015-02-11 23:00:00,11,162.905237234629,478.793237279519,71.6835550311335,31.2935131602798
2015-02-12 00:00:00,11,151.566122978907,373.86272040343,103.317643889995,55.1888976327192
2015-02-12 01:00:00,11,169.853654380901,411.345590038939,95.4464468433738,38.1263304794778
2015-02-12 02:00:00,11,151.970405108627,453.147322114446,113.961448861181,46.5483959022533
2015-02-12 03:00:00,11,184.341743209597,418.320488416527,119.8143643237,33.7455664289642
2015-02-12 04:00:00,11,180.39438606349,512.674299503923,99.8757055250968,35.8542658438895
2015-02-12 05:00:00,11,167.328270966985,506.956103977592,112.877772865167,39.8969755251553
2015-02-12 06:00:00,11,169.955318374593,515.778755932255,90.6667925036139,32.5752735664145
2015-02-12 07:00:00,11,179.552407263713,473.794394094783,104.071621788083,34.4263104321843
2015-02-12 08:00:00,11,162.412543780985,456.807693662662,97.137606961226,40.8055286079345
2015-02-12 09:00:00,11,180.782904362876,506.356195286331,106.702900299426,47.9812184655414
2015-02-12 10:00:00,11,157.967475272433,442.615879891901,91.4672053503822,40.1376342365557
2015-02-12 11:00:00,11,169.864464655453,441.364421575603,99.6711873743964,43.9977216239668
2015-02-12 12:00:00,11,167.39540763285,409.386267226629,95.4307465630639,27.9507451358709
2015-02-12 13:00:00,11,195.888194764945,409.972262029182,104.961995914812,40.4527938307394
2015-02-12 14:00:00,11,160.849197408173,431.797146638917,121.335410885761,46.0655047967423
2015-02-12 15:00:00,11,161.025817708636,413.019895383965,97.1995268944121,49.6550476655917
2015-02-12 16:00:00,11,146.086915014163,487.697201307804,114.101767297877,40.5287552903897
2015-02-12 17:00:00,11,200.290100711381,416.221023160121,97.9821191750072,36.3977419273275
2015-02-12 18:00:00,11,187.467994730132,394.956914927974,107.029623842704,46.0584559518318
2015-02-12 19:00:00,11,166.140270242851,426.543897690148,101.977328811869,37.4889501971177
2015-02-12 20:00:00,11,176.115812672383,478.6780826842,100.040729886559,34.2849317168014
2015-02-12 21:00:00,11,165.872993279352,530.449804097089,105.835911311438,48.0480136906244
2015-02-12 22:00:00,11,174.727112868922,400.624435875844,100.569345738763,36.3770558206721
2015-02-12 23:00:00,11,170.759791492033,412.35801649073,86.5045081680426,37.971908115513
2015-02-13 00:00:00,11,139.316726961598,453.28367739903,94.4148808395354,41.2385948943352
2015-02-13 01:00:00,11,169.302179256938,394.220736677692,103.339758353731,43.6218282842108
2015-02-13 02:00:00,11,168.881030957067,408.184746603979,99.180079658218,41.2354555286303
2015-02-13 03:00:00,11,160.056995381207,460.798288021077,88.5752462275482,34.798389616286
2015-02-13 04:00:00,11,177.90357122981,436.845638678352,96.3177223557672,42.4873297130085
2015-02-13 05:00:00,11,165.178760478078,422.227983362717,89.6810996053932,33.1097971485083
2015-02-13 06:00:00,11,182.117303966618,409.592504078825,102.378182346282,41.6072429126543
2015-02-13 07:00:00,11,155.366561986182,519.01414979542,100.113385449116,48.4980421728804
2015-02-13 08:00:00,11,160.44929879516,414.283073889945,112.666797287716,39.7615863547016
2015-02-13 09:00:00,11,181.603894960325,448.470307673407,98.036378081432,42.4603126184019
2015-02-13 10:00:00,11,167.97580362897,438.86311984464,89.0473021183778,43.7184515459091
2015-02-13 11:00:00,11,167.719580948346,393.078142347321,95.6428987478707,41.4296393054097
2015-02-13 12:00:00,11,192.036494233086,413.552094684513,91.4711928518491,44.2579052463452
2015-02-13 13:00:00,11,197.868039228662,413.853346702046,103.196446218576,29.9614491863487
2015-02-13 14:00:00,11,169.104336596391,498.881662265093,96.9202656676893,38.7257839211779
2015-02-13 15:00:00,11,149.082739745656,470.875037515149,85.5027435993368,37.6334425773742
2015-02-13 16:00:00,11,166.10637035924,490.01051406179,113.15363821752,37.0249234496656
2015-02-13 17:00:00,11,161.431361446703,484.572287179172,94.9034037038406,38.0115216694182
2015-02-13 18:00:00,11,172.54151808991,456.950441957016,91.2837604917658,37.2161854060565
2015-02-13 19:00:00,11,181.985264015932,426.613649340111,91.1115409324703,40.6603737680013
2015-02-13 20:00:00,11,142.01431425437,443.893052630174,87.9545011575439,41.3282069956668
2015-02-13 21:00:00,11,193.023008675644,421.389931148352,94.8222041869549,45.3166622377779
2015-02-13 22:00:00,11,168.600715201857,499.461209533329,104.055121019348,46.0157580099573
2015-02-13 23:00:00,11,159.800355094084,489.596973282425,95.9224196548338,36.4526612219624
2015-02-14 00:00:00,11,194.218579352897,375.774756735291,100.859775449794,45.9574344122612
2015-02-14 01:00:00,11,183.48301489702,474.537957718912,113.883159773563,40.0988635494024
2015-02-14 02:00:00,11,152.378836434537,407.411490090524,84.1991321871939,41.5030184163395
2015-02-14 03:00:00,11,183.374079771918,419.4167772579,104.90695796998,37.1602733486279
2015-02-14 04:00:00,11,164.840030204379,395.485263388882,86.4380928517038,42.7092535023103
2015-02-14 05:00:00,11,179.219061588849,577.954105262743,100.652245839535,37.1622870661779
2015-02-14 06:00:00,11,163.099113314415,393.011743840878,127.400007140762,37.4179891546631
2015-02-14 07:00:00,11,189.06221569731,526.264889914075,111.494931693632,30.2581032403919
2015-02-14 08:00:00,11,197.382990903432,535.41605925247,98.7912550071379,34.7732328336554
2015-02-14 09:00:00,11,177.786658220258,471.225224067963,100.395327655871,33.4461084984304
2015-02-14 10:00:00,11,154.952124151566,339.251394134496,97.7446009503234,36.4689726814806
2015-02-14 11:00:00,11,164.653995713952,452.876445500092,111.255217968106,42.0970085423963
2015-02-14 12:00:00,11,177.990565001747,376.334930559402,120.850123252592,50.6949179064775
2015-02-14 13:00:00,11,184.895505952075,507.573651168643,89.3054506566683,40.3820012788746
2015-02-14 14:00:00,11,193.128182829137,400.467469774441,107.020312841692,36.0604566004052
2015-02-14 15:00:00,11,170.664152878588,531.97722047347,121.662830994183,41.3440191939865
2015-02-14 16:00:00,11,211.589598065804,469.744494574676,99.9741394109695,35.5288895432398
2015-02-14 17:00:00,11,158.910573485297,507.677997947933,104.747081630791,35.7235198030175
2015-02-14 18:00:00,11,180.857473900625,509.229778679962,87.7936821985685,37.5954757444021
2015-02-14 19:00:00,11,173.423493945142,394.450996016379,102.810781714676,40.5820089123476
2015-02-14 20:00:00,11,197.962372305219,329.493038656835,98.4359313333373,43.3311900422246
2015-02-14 21:00:00,11,149.258925491876,542.0600491562,86.4362504097659,30.8754567160326
2015-02-14 22:00:00,11,187.448827719305,449.338446578657,111.747713258331,34.995169769429
2015-02-14 23:00:00,11,209.996897092354,351.832787515082,111.465953743535,39.2055953569133
2015-02-15 00:00:00,11,181.085650780926,493.854174145701,79.5490051932002,38.475474664564
2015-02-15 01:00:00,11,137.936465570502,543.007923517024,77.5857923404785,46.692317125999
2015-02-15 02:00:00,11,160.555612618431,442.98710277896,107.584160534952,37.1059258470664
2015-02-15 03:00:00,11,171.183179267438,360.203279439129,110.490884991869,42.4075909874689
2015-02-15 04:00:00,11,185.609847736967,425.458315800115,96.4931946576577,37.6437967246186
2015-02-15 05:00:00,11,172.81143519453,410.544910815341,96.7107051161878,46.4163638764056
2015-02-15 06:00:00,11,200.825961359512,475.0492902032,94.5631849049922,34.5555951017271
2015-02-15 07:00:00,11,169.466640883592,409.129340414607,117.536958250205,41.9732699104592
2015-02-15 08:00:00,11,139.005297362495,379.855812314961,102.876504288636,38.6078160620564
2015-02-15 09:00:00,11,200.130395468228,410.157441315481,88.8942553950825,46.0972407758552
2015-02-15 10:00:00,11,194.290765692667,472.895942819557,90.4270323406684,33.847323777761
2015-02-15 11:00:00,11,177.838846231872,435.741374966215,115.6682599897,43.1222801708328
2015-02-15 12:00:00,11,174.709589654633,502.243987798444,103.889330254715,32.5351358554703
2015-02-15 13:00:00,11,175.493671039981,434.737788059203,110.847843856099,49.4914458937035
2015-02-15 14:00:00,11,161.62293773041,367.936302200763,105.399243379298,36.9309134540024
2015-02-15 15:00:00,11,168.765974370716,473.654984498768,101.718602589345,39.6315498500553
2015-02-15 16:00:00,11,165.774171527528,505.422149092063,107.339510773562,43.4130392172048
2015-02-15 17:00:00,11,182.060436966315,507.314017788383,88.0193010948892,34.492873471
2015-02-15 18:00:00,11,178.804803797763,416.973826610305,97.0052798873126,31.4218849691988
2015-02-15 19:00:00,11,170.834471334103,469.398631398846,109.868300399989,42.9263183170447
2015-02-15 20:00:00,11,175.950383572207,423.980823294637,90.0297507081507,39.4952012783794
2015-02-15 21:00:00,11,210.13205437774,394.697199983242,105.174443784056,41.3131216889176
2015-02-15 22:00:00,11,158.892729640484,418.819532549974,108.145634108114,30.9647492330684
2015-02-15 23:00:00,11,176.518661835166,462.04171650911,98.8164914213532,33.7213891225552
2015-02-16 00:00:00,11,197.36237237983,425.997870488984,94.3638962978844,37.6683425034469
2015-02-16 01:00:00,11,165.690737927339,423.341324994363,92.7430478090994,36.3319414482876
2015-02-16 02:00:00,11,171.655260583363,444.871371755812,94.1941492983874,37.7219510057272
2015-02-16 03:00:00,11,174.020846211738,510.823643351885,100.907341175849,34.6618036549482
2015-02-16 04:00:00,11,203.670051226409,461.483864870277,92.9485346805671,35.9163258926405
2015-02-16 05:00:00,11,166.951677002805,429.62928086778,117.25736049315,42.4167682104316
2015-02-16 06:00:00,11,185.280120363835,356.825005984249,93.7451201239232,39.5884876221548
2015-02-16 07:00:00,11,166.784078334051,460.164232850059,109.72878203079,43.2404926243882
2015-02-16 08:00:00,11,186.998862975472,444.43934865236,103.565784251517,38.3567470129299
2015-02-16 09:00:00,11,166.233013306065,472.066963937571,102.708066663021,37.7432028019332
2015-02-16 10:00:00,11,181.775175751569,453.1460910887,98.5753443584912,40.7290820498407
2015-02-16 11:00:00,11,132.857312028554,470.169648400298,101.114675539429,34.0566210621701
2015-02-16 12:00:00,11,172.481260196141,466.057028016255,88.9797251982418,40.8684310876768
2015-02-16 13:00:00,11,177.00692004214,437.308077596784,88.4668097772161,35.8974693773003
2015-02-16 14:00:00,11,180.702634317785,518.677284583976,91.3108794731478,45.6380346706539
2015-02-16 15:00:00,11,155.093174010727,464.539189618041,121.473482811564,40.4726056502814
2015-02-16 16:00:00,11,150.888198544175,476.77780748646,100.337563570588,44.1497688718018
2015-02-16 17:00:00,11,169.244634503221,447.151931559522,96.1487924650371,34.6956393229762
2015-02-16 18:00:00,11,180.544522660945,468.180484532554,90.4749402668613,34.6853815140274
2015-02-16 19:00:00,11,168.097027018285,345.33578966866,107.915698695316,52.422758185189
2015-02-16 20:00:00,11,173.908896366458,405.646052535514,95.6922357329731,36.9760583877749
2015-02-16 21:00:00,11,197.557928135406,418.749958713079,113.382928253258,42.8513736748397
2015-02-16 22:00:00,11,182.91750787218,437.519229455677,83.6672793958647,35.8128829840611
2015-02-16 23:00:00,11,184.542605077287,497.361710515948,106.224982244369,45.0336175062642
2015-02-17 00:00:00,11,157.002974725668,427.630694605511,111.521492929881,39.3723339467185
2015-02-17 01:00:00,11,158.554972663992,524.207279416641,126.395983876847,43.1091600737765
2015-02-17 02:00:00,11,163.521980704709,421.274908031231,103.896955030431,40.5405248623846
2015-02-17 03:00:00,11,174.530224663211,440.605382901336,81.7044015767624,35.71446839834
2015-02-17 04:00:00,11,178.020544334797,461.254676144121,107.505885522189,37.9308765693811
2015-02-17 05:00:00,11,190.159076524909,538.540242523118,101.612580580822,46.2003705951543
2015-02-17 06:00:00,11,151.162362232954,404.071862675674,122.766335311638,37.9482075627856
2015-02-17 07:00:00,11,151.208060936378,423.373898693153,133.635049557498,45.1958382825303
2015-02-17 08:00:00,11,172.208414367927,391.813945895447,121.959751588897,42.3933107916939
2015-02-17 09:00:00,11,194.302999395643,546.179018463056,121.243770162068,36.2124795726158
2015-02-17 10:00:00,11,178.65472438035,469.685842878627,114.055244335971,36.7396282763066
2015-02-17 11:00:00,11,173.230305705373,336.301532571207,129.437935075482,47.1822098350294
2015-02-17 12:00:00,11,159.32777415009,497.274786805637,130.547980092036,44.0184764173453
2015-02-17 13:00:00,11,202.055823446851,532.623736176082,105.574789087251,44.8559046450042
2015-02-17 14:00:00,11,159.347650119931,520.490331651269,133.488494781273,50.6483252209521
2015-02-17 15:00:00,11,187.175874369308,465.748935045001,119.735844907399,35.5067259097271
2015-02-17 16:00:00,11,172.47004556823,560.162448036313,138.288802599436,49.0235732338899
2015-02-17 17:00:00,11,172.145826773148,462.011200077639,124.210642980355,39.6807941216718
2015-02-17 18:00:00,11,170.460657874341,492.645774188844,105.555664957077,42.2209592091886
2015-02-17 19:00:00,11,167.992084607669,526.718739834201,130.658799874219,39.1035991602162
2015-02-17 20:00:00,11,171.008276866258,536.310664868207,142.99967457508,41.3012834011444
2015-02-17 21:00:00,11,178.790969790122,449.009698136983,123.087550977373,41.9574615134119
2015-02-17 22:00:00,11,158.401862120463,459.768397256936,121.676986456975,35.7942294609938
2015-02-17 23:00:00,11,154.470784026877,393.058003683759,110.554966327789,42.6838303510178
2015-02-18 00:00:00,11,167.996547401773,394.936451606121,122.25950659768,51.9619862462065
2015-02-18 01:00:00,11,174.342898154135,420.518969853039,124.978766542608,33.9271314367642
2015-02-18 02:00:00,11,154.786149287293,449.791819439954,117.816035009403,36.9160708931677
2015-02-18 03:00:00,11,152.125684585759,390.480073098928,133.625576033638,41.6259416761313
2015-02-18 04:00:00,11,169.129060825337,545.848517100632,119.66306465583,43.7956815420585
2015-02-18 05:00:00,11,164.524022260695,376.941736579917,122.287125168806,43.1590701258841
2015-02-18 06:00:00,11,154.785653477507,368.788315375962,124.274241902373,44.2274169177651
2015-02-18 07:00:00,11,191.247947891041,443.505623759313,147.514558641574,45.619231976977
2015-02-18 08:00:00,11,147.890523824329,541.680356671197,110.616909671492,37.4305113477875
2015-02-18 09:00:00,11,174.29536795213,407.281231074279,109.810945617834,36.8202698542148
2015-02-18 10:00:00,11,154.408899052993,534.978078827171,123.530364832163,40.8054081704964
2015-02-18 11:00:00,11,169.116482943023,364.995271958981,118.294437573131,35.511617762391
2015-02-18 12:00:00,11,175.389128940194,589.594059042246,115.272716229712,37.9455606049757
2015-02-18 13:00:00,11,137.04374794335,428.728679968462,142.414400021835,38.0528955488941
2015-02-18 14:00:00,11,157.906621525857,502.78052552683,116.277732443628,29.1902535819592
2015-02-18 15:00:00,11,157.119327630619,391.388505440563,120.913593153532,33.2541163465485
2015-02-18 16:00:00,11,174.093138461585,438.525622702026,120.986874676438,40.8447644291894
2015-02-18 17:00:00,11,174.931514996958,424.524659723059,114.246879798096,35.0019961236333
2015-02-18 18:00:00,11,168.848900613111,432.181725512976,132.501071886597,36.4051959637375
2015-02-18 19:00:00,11,154.967920673614,427.39219584251,123.454857014746,42.3781698363268
2015-02-18 20:00:00,11,180.575608182821,544.06206438076,120.001637365893,37.0580303847467
2015-02-18 21:00:00,11,181.169852092105,574.498486058943,135.813556116241,38.2640966081814
2015-02-18 22:00:00,11,153.007410685561,277.826495486589,119.024090827609,41.9956390029778
2015-02-18 23:00:00,11,158.328339166481,447.901387541955,123.893256600296,43.0890372599827
2015-02-19 00:00:00,11,172.022801451079,474.120169999008,128.135492253177,40.6292675608225
2015-02-19 01:00:00,11,165.724400143714,439.507461513515,112.380644184645,50.1456486861218
2015-02-19 02:00:00,11,196.270615982493,448.188972176805,125.360966334278,40.6557068042861
2015-02-19 03:00:00,11,154.244801264567,476.938094291925,125.99460654782,43.2943594594385
2015-02-19 04:00:00,11,164.41912320518,495.38825927662,130.005456835816,37.69700470925
2015-02-19 05:00:00,11,177.732452307574,420.918836236622,128.126237436519,37.1623471361789
2015-02-19 06:00:00,11,167.776085592047,468.390954932253,122.560338472031,45.9419471106885
2015-02-19 07:00:00,11,178.429113506833,399.061864658633,107.188698185215,35.9855674045114
2015-02-19 08:00:00,11,174.638635946916,507.405915905127,106.903824881478,41.8364925059727
2015-02-19 09:00:00,11,193.320086120806,574.526524661272,102.262108081848,38.0088699401229
2015-02-19 10:00:00,11,151.863609047872,473.117226131078,99.3506600150938,46.6732470183074
2015-02-19 11:00:00,11,152.100230017419,402.513154527205,105.553508031691,40.8280602875945
2015-02-19 12:00:00,11,151.304873165014,496.73622212835,88.0441810447263,24.5292191119183
2015-02-19 13:00:00,11,168.31991864675,413.350465204125,105.052652387103,41.8848980518262
2015-02-19 14:00:00,11,183.820324930398,500.297564436732,93.636066093229,38.0457630338248
2015-02-19 15:00:00,11,190.226644604983,382.724261898529,88.7685374838019,31.6274138461227
2015-02-19 16:00:00,11,185.775647613035,504.298633064659,99.6870790642419,42.3181941976637
2015-02-19 17:00:00,11,165.74252576636,413.244707537869,104.038504194748,46.0814132419692
2015-02-19 18:00:00,11,183.800276712603,403.120375574504,107.863421636701,42.4420209884441
2015-02-19 19:00:00,11,185.080529897425,466.566546710787,102.981106149235,40.9272088801837
2015-02-19 20:00:00,11,152.701654904305,406.263006398778,98.544300141667,41.3313527970108
2015-02-19 21:00:00,11,193.597613711954,494.868416662257,110.58059457651,35.649733877424
2015-02-19 22:00:00,11,185.792131880353,458.548180945466,94.6694611953736,44.1083222112342
2015-02-19 23:00:00,11,167.626178098321,417.449516708169,91.5298066621998,46.3861155641815
2015-02-20 00:00:00,11,159.421818689868,443.121741935595,99.6521737062248,41.8906975273542
2015-02-20 01:00:00,11,155.15752650333,434.679601723736,107.585512780803,50.7638028562259
2015-02-20 02:00:00,11,186.385917166956,511.053948902641,74.8966151190046,40.9926549839879
2015-02-20 03:00:00,11,155.320128182057,499.430276902279,103.651962198421,44.4964262920092
2015-02-20 04:00:00,11,159.499083196032,463.39808503828,112.77887305411,46.6179487813789
2015-02-20 05:00:00,11,202.364124864292,453.088261767264,111.698732130328,34.0173017428689
2015-02-20 06:00:00,11,175.547974679012,489.314544156148,99.5175087610873,37.2657304899859
2015-02-20 07:00:00,11,175.412994584985,505.273957059084,89.9114343528134,35.8576808796529
2015-02-20 08:00:00,11,188.794726082854,497.930450337074,109.000254238149,30.150956466158
2015-02-20 09:00:00,11,188.224789669861,402.220869264289,111.494787252533,47.669198511082
2015-02-20 10:00:00,11,144.449697041858,531.308560374439,99.9788521681355,41.5475002296052
2015-02-20 11:00:00,11,159.977288429214,430.135204319355,112.225884490297,36.4373344601492
2015-02-20 12:00:00,11,170.619774033062,461.062700769827,109.076350643564,37.0728371222035
2015-02-20 13:00:00,11,172.298007521473,493.592729445403,102.370072503286,38.6373185545805
2015-02-20 14:00:00,11,199.658418055952,380.789811286477,87.7463652769539,38.6034829233599
2015-02-20 15:00:00,11,165.370874580105,395.48035886884,79.6618856921661,34.7324746434966
2015-02-20 16:00:00,11,183.003642984103,475.722606292259,93.5012820422815,36.942239976572
2015-02-20 17:00:00,11,154.571001730417,491.306656122462,102.478287065609,39.9670632190912
2015-02-20 18:00:00,11,150.829988363147,456.95859201235,93.3673155525557,38.6390009649657
2015-02-20 19:00:00,11,161.755907807403,417.650900314218,106.175962112112,42.9976189387668
2015-02-20 20:00:00,11,191.622311918322,522.070470203947,86.5461122196978,43.7803113857006
2015-02-20 21:00:00,11,149.923163654315,425.929596483259,103.270585979655,37.8659047029087
2015-02-20 22:00:00,11,178.421367735385,499.416688047159,114.864018924928,32.6193507989114
2015-02-20 23:00:00,11,145.557751814225,509.265951021758,106.062310357785,34.1486521711265
2015-02-21 00:00:00,11,176.081809391868,449.012651097575,105.577784539164,41.5763575130183
2015-02-21 01:00:00,11,176.821140061167,449.543923213131,88.744837412112,45.5106663898425
2015-02-21 02:00:00,11,166.554965771636,456.032384376305,86.4152369069599,38.8382843280109
2015-02-21 03:00:00,11,164.670644382858,490.489120150075,108.0057422996,28.4309246968536
2015-02-21 04:00:00,11,186.063577730844,454.587471898231,84.9776001113804,28.2397758549274
2015-02-21 05:00:00,11,190.312698656866,435.356012775941,98.0428037438812,36.0927161122602
2015-02-21 06:00:00,11,188.364077241791,409.708976737837,103.620699219593,44.6818966735877
2015-02-21 07:00:00,11,167.399955810252,467.259141647566,103.776053604671,32.3310084657576
2015-02-21 08:00:00,11,156.058479598172,421.618449848951,110.501798474013,42.6246242658482
2015-02-21 09:00:00,11,172.762749855065,478.575172906944,96.8780196172757,41.5170313442939
2015-02-21 10:00:00,11,162.012424293593,438.183111479554,81.099020397661,42.960457891167
2015-02-21 11:00:00,11,161.583455811744,455.440663362465,100.979951690553,40.4796968728714
2015-02-21 12:00:00,11,191.918729927081,434.651821838284,107.085357298863,43.76085245938
2015-02-21 13:00:00,11,177.59926916515,405.535113907717,91.8326480240746,42.0005610697292
2015-02-21 14:00:00,11,169.825862847543,547.236871176183,119.276386586402,34.3314781831443
2015-02-21 15:00:00,11,200.71897976626,437.169219194434,116.190469830252,41.6750118445739
2015-02-21 16:00:00,11,188.919494448224,434.88562295924,103.604626123592,37.6548895886353
2015-02-21 17:00:00,11,178.982222553353,382.19289855718,113.043230254436,31.6715231788374
2015-02-21 18:00:00,11,158.545455634408,444.968605655941,114.391953460727,44.1654289034961
2015-02-21 19:00:00,11,169.153411042362,441.074248245789,92.6722121879233,40.7788370364073
2015-02-21 20:00:00,11,142.081798426257,520.327384495863,97.464732936494,43.7762371588909
2015-02-21 21:00:00,11,155.119876635149,438.949331499082,96.7876933125228,34.5057944188625
2015-02-21 22:00:00,11,191.258419873373,433.118407092261,94.8380251718132,43.731200643624
2015-02-21 23:00:00,11,161.060514265239,585.848237722019,92.437954844113,41.8881468308746
2015-02-22 00:00:00,11,180.367505138183,412.259073212096,99.4404198786778,47.6499291075306
2015-02-22 01:00:00,11,162.284410459131,407.398469943184,102.728078149324,40.8143850678182
2015-02-22 02:00:00,11,161.696597061106,438.402912388798,87.6842845091112,36.7093396830914
2015-02-22 03:00:00,11,173.211903071325,443.903096708834,94.2222737546657,48.4335705110131
2015-02-22 04:00:00,11,192.460704013679,469.643657625799,105.351688805931,37.0549342076687
2015-02-22 05:00:00,11,180.611638578859,457.459878531435,93.0092010222105,32.9610269825082
2015-02-22 06:00:00,11,175.682834296261,430.187071310266,104.06857847206,44.7292507678118
2015-02-22 07:00:00,11,154.60536688177,368.521206411815,106.145285475274,52.1601779345453
2015-02-22 08:00:00,11,160.12692715313,385.179243297418,110.730828424725,34.912177270184
2015-02-22 09:00:00,11,156.564919097142,471.644996249489,109.151903562043,41.5506752438929
2015-02-22 10:00:00,11,176.506624258469,448.866638412575,91.1804318530047,36.6944454496919
2015-02-22 11:00:00,11,162.243857281793,474.555718966365,96.6582280125679,40.7130805611614
2015-02-22 12:00:00,11,164.526238914656,435.540349210927,96.5072508183292,37.8876705392819
2015-02-22 13:00:00,11,162.988752260407,364.223870372581,91.4725450991827,38.7514136606666
2015-02-22 14:00:00,11,191.888817478272,536.522312562582,96.426273620218,43.3876840562166
2015-02-22 15:00:00,11,177.625700651125,494.428903865583,99.4369485898156,39.2392351761617
2015-02-22 16:00:00,11,202.783650174177,455.000414203866,100.039374603423,41.0482407045193
2015-02-22 17:00:00,11,213.229290918249,359.891353139602,117.078722765585,51.5069641365254
2015-02-22 18:00:00,11,179.125876130042,467.116715817704,111.591322074272,40.8212957088376
2015-02-22 19:00:00,11,196.046511010278,439.089603157584,104.905412721429,37.5099060073449
2015-02-22 20:00:00,11,183.672071503232,434.031073168865,110.445190580221,36.4194836062524
2015-02-22 21:00:00,11,194.612468898604,466.011139615175,112.778209927622,40.2812291684422
2015-02-22 22:00:00,11,169.886378279211,506.613182990023,100.770876499549,34.9426950403493
2015-02-22 23:00:00,11,197.407371643275,495.160595904084,96.5201474453329,35.9984914267636
2015-02-23 00:00:00,11,219.420349193549,424.192628066695,93.3097705253032,45.6601138361029
2015-02-23 01:00:00,11,176.199600800077,486.110411841499,101.454736095585,47.6797176945983
2015-02-23 02:00:00,11,187.162759959285,496.885477641201,97.6965095263108,39.8844966200373
2015-02-23 03:00:00,11,185.608402454179,406.087830983975,107.906904079867,39.9129385616702
2015-02-23 04:00:00,11,196.665105839969,424.202549525695,86.1049775745776,41.6553790750212
2015-02-23 05:00:00,11,183.013132538243,367.496663191563,75.7529951709001,40.1533829067905
2015-02-23 06:00:00,11,204.462356371504,446.373307122589,95.4337283558358,38.9102505261926
2015-02-23 07:00:00,11,187.981607595233,401.692607301472,113.373315539624,41.4109728068583
2015-02-23 08:00:00,11,215.308533782775,530.722654720444,99.616391520892,38.8828851059854
2015-02-23 09:00:00,11,200.37088869001,474.176748102692,96.7694726179025,29.7445145913445
2015-02-23 10:00:00,11,198.764278339225,454.503925640307,104.624343290307,45.0165399772746
2015-02-23 11:00:00,11,211.910570903053,456.479658483691,114.420033313981,38.8054105550899
2015-02-23 12:00:00,11,212.009050112291,361.178060138192,110.982280733941,42.2500569411914
2015-02-23 13:00:00,11,181.74504981002,411.2485673397,104.913471554485,41.3146670446274
2015-02-23 14:00:00,11,195.568120132531,436.729920794531,93.1954141007653,36.4346671413907
2015-02-23 15:00:00,11,212.413538078044,501.207372607105,107.692042474754,37.9721060529102
2015-02-23 16:00:00,11,183.994286720691,479.956013996225,95.5647148410638,36.9588575102101
2015-02-23 17:00:00,11,163.214772428378,472.892863326679,120.486898075671,44.2486824074212
2015-02-23 18:00:00,11,200.931471610199,447.809034739651,102.428848079532,37.9983757706642
2015-02-23 19:00:00,11,189.843256057475,451.660891969463,97.1339703596072,45.0240525866989
2015-02-23 20:00:00,11,195.766476170228,507.85794396767,91.0171743681448,32.4353298040843
2015-02-23 21:00:00,11,168.128237801301,487.810605906261,85.5163259441846,32.6833065346595
2015-02-23 22:00:00,11,199.935850183123,482.811100859217,89.6260581543974,41.4787640898975
2015-02-23 23:00:00,11,178.071426266037,489.532053283804,106.693037397229,46.762997328643
2015-02-24 00:00:00,11,169.2272287975,494.856057605272,103.188493721191,43.4323422105395
2015-02-24 01:00:00,11,216.227367996956,410.049389138398,110.954842738375,40.3487539437212
2015-02-24 02:00:00,11,189.256298419764,488.659372930949,86.0978253147184,39.3882445642595
2015-02-24 03:00:00,11,200.237980775545,417.081824556128,104.12399343878,43.5926809927625
2015-02-24 04:00:00,11,183.765445114856,481.866612303432,95.1775608966625,43.0805233073849
2015-02-24 05:00:00,11,171.955591661763,433.580676396512,109.80566073035,42.8663933843468
2015-02-24 06:00:00,11,193.351337745545,514.49386608199,115.470534462853,46.1433765085259
2015-02-24 07:00:00,11,195.449916952673,411.893436218035,93.8464706992761,43.7972132454442
2015-02-24 08:00:00,11,186.51691532713,388.156422851174,111.712896614046,40.9301788999947
2015-02-24 09:00:00,11,203.142771905203,413.568423964958,111.955556263612,35.5618080530493
2015-02-24 10:00:00,11,201.71701364768,450.517902008916,88.7934386446145,30.0000770560449
2015-02-24 11:00:00,11,198.213458482375,554.954319179571,100.240323025013,39.8306286969261
2015-02-24 12:00:00,11,215.023914343086,420.591258081769,92.1950151770708,47.7105349308207
2015-02-24 13:00:00,11,201.991752821105,421.145574174512,100.80529266791,39.2098150133873
2015-02-24 14:00:00,11,218.306205209126,452.886427335018,110.309706119993,42.6826547885536
2015-02-24 15:00:00,11,152.976580107981,421.141171918115,106.07551338574,40.9958164629843
2015-02-24 16:00:00,11,194.730801380995,508.974758582172,90.0454005902115,26.816894601678
2015-02-24 17:00:00,11,174.973967540098,483.504461167372,86.2498015136775,41.8941763771589
2015-02-24 18:00:00,11,160.531011472594,473.496622449496,99.8500303398742,41.9201054777379
2015-02-24 19:00:00,11,179.412705756597,522.201314693541,98.5613112968027,32.4447590041324
2015-02-24 20:00:00,11,165.841250170911,481.698934609265,99.9702141868382,43.0633810699812
2015-02-24 21:00:00,11,180.953892346134,427.800722970797,91.2738782045931,44.518576862911
2015-02-24 22:00:00,11,156.175633114752,506.296059536203,98.139685470837,33.0982528116479
2015-02-24 23:00:00,11,130.504143726208,441.002740937925,115.824276306811,36.7080417344884
2015-02-25 00:00:00,11,169.075667126386,502.17130527244,103.208140464348,32.5947469760814
2015-02-25 01:00:00,11,165.461659133919,336.196911327451,95.8901775778563,43.8441586936847
2015-02-25 02:00:00,11,154.658807224945,386.437714035937,101.207038884222,39.4096707246394
2015-02-25 03:00:00,11,161.209675625783,477.565996248091,91.691612311845,30.6521018646295
2015-02-25 04:00:00,11,176.867467324789,499.445758099962,94.2940617645433,41.9598361952063
2015-02-25 05:00:00,11,133.880490140267,414.894087733965,108.002410935512,44.5265648898594
2015-02-25 06:00:00,11,153.61949502521,388.551817475815,85.3481996406913,40.2269312751162
2015-02-25 07:00:00,11,183.73103459677,476.157450148289,108.301517261712,40.970242947358
2015-02-25 08:00:00,11,172.710650529615,488.421367376096,109.899348478368,50.4492600349886
2015-02-25 09:00:00,11,186.702946542763,384.601172652831,77.2507869552568,29.6389209542122
2015-02-25 10:00:00,11,165.339253109592,430.635529413422,99.4529687050804,42.3344930976954
2015-02-25 11:00:00,11,180.384078404731,412.488948448555,85.0956660185417,41.0301201461547
2015-02-25 12:00:00,11,165.132440279907,463.560073481211,114.641158545778,40.7221939373848
2015-02-25 13:00:00,11,194.118619452823,467.335739930646,89.6663184397991,37.4520833099664
2015-02-25 14:00:00,11,176.482344319515,516.532160120499,89.2287913482692,38.1913024316052
2015-02-25 15:00:00,11,159.161773188273,550.573819395997,102.136434563535,34.3571921846371
2015-02-25 16:00:00,11,154.078068037455,408.218066732817,71.5378135243618,52.0739024667786
2015-02-25 17:00:00,11,173.978656615734,482.238511601894,113.492182297749,43.6576578113782
2015-02-25 18:00:00,11,175.804953297908,465.743770019366,84.0946306852655,40.3046524675754
2015-02-25 19:00:00,11,190.671053158384,397.494769252562,82.9586212465393,38.9659802346409
2015-02-25 20:00:00,11,177.561043969396,390.404453134627,90.161608814566,41.1003276173177
2015-02-25 21:00:00,11,136.501420327836,440.645616071645,107.35352734931,41.8367210292738
2015-02-25 22:00:00,11,162.212190072617,437.204587461909,110.504810398713,44.1611650135734
2015-02-25 23:00:00,11,191.297917128716,489.458526939178,99.4833495235582,37.0435714831549
2015-02-26 00:00:00,11,175.517396338968,414.839010222782,106.275282444222,41.020476376623
2015-02-26 01:00:00,11,173.467343040483,513.065412731474,112.034965814691,42.137981803383
2015-02-26 02:00:00,11,152.183029875103,397.780500970843,81.4062783280269,38.6541295150903
2015-02-26 03:00:00,11,152.306500267131,439.024739316687,96.7046982820397,39.3422371772925
2015-02-26 04:00:00,11,177.884343566924,307.901994147952,99.657823791932,47.5992759702798
2015-02-26 05:00:00,11,164.124657944955,383.990967352524,105.821108587674,28.5999467127174
2015-02-26 06:00:00,11,159.020571951618,400.359633837183,101.327999208108,35.3983137490646
2015-02-26 07:00:00,11,172.41139285527,478.469693575674,101.525701886307,26.9670449635496
2015-02-26 08:00:00,11,173.876334019326,523.88892968741,102.602555870299,37.9393303352086
2015-02-26 09:00:00,11,180.153173104732,448.897863985143,104.939575974312,41.2298676670555
2015-02-26 10:00:00,11,167.280893878184,457.905431516444,106.821844571505,46.0100597848446
2015-02-26 11:00:00,11,174.472099980191,474.234776629781,94.8616280279788,41.817550831748
2015-02-26 12:00:00,11,169.288480647411,439.834086062896,105.460329749082,35.9301897576644
2015-02-26 13:00:00,11,167.888093100766,433.788303395857,107.877126646715,39.7974289632136
2015-02-26 14:00:00,11,147.255408051088,511.263388762709,97.0006750312897,29.3867641061317
2015-02-26 15:00:00,11,163.812821271281,382.728085354659,96.0701256126506,39.57958626897
2015-02-26 16:00:00,11,174.267978920391,464.584901705586,93.1600943545128,35.3417745095549
2015-02-26 17:00:00,11,197.132745417142,464.195825428843,90.2302165020741,34.7659379748399
2015-02-26 18:00:00,11,205.003208059605,522.162127420476,96.5979892005785,41.4324847690622
2015-02-26 19:00:00,11,150.825513439642,367.631572145778,84.4268142227431,43.9239283832735
2015-02-26 20:00:00,11,175.166997733057,426.155936823402,101.49121627807,35.1451765914618
2015-02-26 21:00:00,11,194.650397609319,446.730537051344,104.446488448704,36.9739949547559
2015-02-26 22:00:00,11,160.967289485966,491.15123135132,104.487901485915,31.6839498331075
2015-02-26 23:00:00,11,159.129185128073,502.46979768589,99.8768680792913,44.1260456570785
2015-02-27 00:00:00,11,179.137044588892,467.144734024109,110.287224133039,32.4531134135855
2015-02-27 01:00:00,11,141.462575082913,427.872561459302,96.6601350774048,44.5502371929401
2015-02-27 02:00:00,11,185.265334356776,400.042699892644,97.6293026787837,35.7127118636663
2015-02-27 03:00:00,11,157.68877195565,487.091418166623,106.148663603779,39.6299009061336
2015-02-27 04:00:00,11,178.442569976323,506.208992342093,82.6167989180416,33.2752140651581
2015-02-27 05:00:00,11,161.11567488814,399.193713769969,107.529532485139,41.7315522774827
2015-02-27 06:00:00,11,172.575338130299,457.587937962399,93.6445303255211,34.4427085705015
2015-02-27 07:00:00,11,191.614994536903,463.842576147136,90.629857267231,47.295185057586
2015-02-27 08:00:00,11,159.961838456127,484.599986459867,92.5564839418509,39.5597172621258
2015-02-27 09:00:00,11,167.116947860874,463.982822580488,99.0092067514063,44.5411467950286
2015-02-27 10:00:00,11,189.153354639701,455.239582155227,100.941387233424,47.4170317112351
2015-02-27 11:00:00,11,175.724557645697,425.353120377861,110.284198518552,36.9736601712707
2015-02-27 12:00:00,11,170.551952603559,399.289333825147,116.914583929733,38.8566229507229
2015-02-27 13:00:00,11,146.835591330289,409.326945043439,102.442476680612,41.5168977287058
2015-02-27 14:00:00,11,179.521733574678,391.690049374761,100.16108113739,43.0844578540195
2015-02-27 15:00:00,11,169.432328608422,484.338655312161,106.537802233734,38.4323894039908
2015-02-27 16:00:00,11,190.916585187298,423.636081069254,95.3606327153792,39.4540339739352
2015-02-27 17:00:00,11,182.287535185424,401.989283430584,99.7093081639248,39.5109195883752
2015-02-27 18:00:00,11,147.125997396051,379.157985295922,88.4350572002597,45.5246727318478
2015-02-27 19:00:00,11,200.273377082377,418.224079489037,106.474229967065,39.9816684825926
2015-02-27 20:00:00,11,164.420211320366,495.094947871385,98.0830875337492,40.4454785974039
2015-02-27 21:00:00,11,172.124494818048,461.920158385758,98.6398244075992,29.6676809665371
2015-02-27 22:00:00,11,155.699617767156,461.434357773201,102.12327903795,40.3211035073459
2015-02-27 23:00:00,11,176.993937811003,489.957395775385,93.9940272028741,41.7523919578306
2015-02-28 00:00:00,11,178.962239099681,403.386009472751,104.332553932221,52.3237812058629
2015-02-28 01:00:00,11,201.194501813182,422.819411198958,102.778635563339,39.0065168089042
2015-02-28 02:00:00,11,141.714522546973,433.040582346457,99.5405539182705,33.0470582404025
2015-02-28 03:00:00,11,164.111181255242,367.510220888804,79.0368394334287,38.6461312410187
2015-02-28 04:00:00,11,153.920529660885,471.112266680564,85.3554738415559,35.9530192857047
2015-02-28 05:00:00,11,197.098258048091,410.16095363573,86.9340227692377,37.0410184257607
2015-02-28 06:00:00,11,166.321319476801,493.541910057875,103.997809835167,43.1842396462704
2015-02-28 07:00:00,11,189.155797885495,452.095605453744,98.9313367053522,39.9798503111267
2015-02-28 08:00:00,11,154.491252658711,524.49321971607,91.3620841586606,44.5312759244803
2015-02-28 09:00:00,11,152.705924344422,480.736768344725,97.1515133028116,46.3045940061714
2015-02-28 10:00:00,11,178.654496309376,467.560417835976,112.13383111935,46.8484717441613
2015-02-28 11:00:00,11,151.615953387322,345.994175483226,97.9161370303217,34.1811502617086
2015-02-28 12:00:00,11,181.174586874634,434.498504771634,103.817425849866,45.1691102939548
2015-02-28 13:00:00,11,160.478385746463,393.66839773529,109.452394076307,27.0012058411603
2015-02-28 14:00:00,11,164.828871436261,337.845522857672,89.7612660533147,30.7084103394385
2015-02-28 15:00:00,11,149.773027624087,561.514219753562,87.3150203410921,40.9246611002708
2015-02-28 16:00:00,11,183.955772465301,430.951770922066,120.201582144405,38.3474171249379
2015-02-28 17:00:00,11,176.561753652884,435.26004945731,102.973085687475,49.2708581995631
2015-02-28 18:00:00,11,165.970521449682,377.404776622913,97.0993782299226,36.7028966160781
2015-02-28 19:00:00,11,179.667600936992,475.82175849685,98.1685617657333,42.3565636840997
2015-02-28 20:00:00,11,154.759013558668,436.891778160187,92.9246884425852,43.3317766006106
2015-02-28 21:00:00,11,178.950472653449,498.255770015408,81.1235671006245,44.2798724336712
2015-02-28 22:00:00,11,172.816469333694,487.672409779456,99.4984700284176,45.8126789003912
2015-02-28 23:00:00,11,178.288976585552,514.81786889441,116.986617701671,38.8567187769186
2015-03-01 00:00:00,11,150.575432571959,377.497575412923,95.0300620128987,29.2215893921578
2015-03-01 01:00:00,11,186.023996865151,423.588465030009,98.3064022866965,38.3446643780615
2015-03-01 02:00:00,11,164.198456166998,446.458459265727,100.041474234472,35.4052857012385
2015-03-01 03:00:00,11,191.421188991277,483.4267876133,108.081729416954,35.1258669276938
2015-03-01 04:00:00,11,190.353884195864,308.675088151028,103.06590930793,43.0945601578658
2015-03-01 05:00:00,11,160.925127668491,461.907819798867,100.004874574099,34.6815892261292
2015-03-01 06:00:00,11,170.677124774323,519.530271097212,93.7203685073458,33.8546482837098
2015-03-01 07:00:00,11,160.519057748949,465.811971991761,91.3171171075651,39.3907868388454
2015-03-01 08:00:00,11,167.174950612728,396.905660597277,92.1475037888744,43.4886282448576
2015-03-01 09:00:00,11,148.656941929186,397.442431043912,94.2819776800523,46.3438138685138
2015-03-01 10:00:00,11,185.362005198295,525.824641148665,120.147764722991,41.4484278010515
2015-03-01 11:00:00,11,149.847663455796,427.72644722137,122.658314975564,48.5126052265301
2015-03-01 12:00:00,11,174.931273994407,503.581102615776,101.912925848686,38.8858524547678
2015-03-01 13:00:00,11,177.254376106089,486.214759414348,87.5502416863643,42.3905061446453
2015-03-01 14:00:00,11,172.4637727982,537.952943637486,113.561353764133,38.727209869733
2015-03-01 15:00:00,11,150.441170399171,453.769919038649,104.888580935176,36.3713246122184
2015-03-01 16:00:00,11,171.564309076859,510.815217612119,112.207159415533,39.0148675346548
2015-03-01 17:00:00,11,178.990766854402,307.560984762172,81.7762552778117,41.7963086886142
2015-03-01 18:00:00,11,153.578212010058,452.145380416293,96.1212794135239,36.0838551576899
2015-03-01 19:00:00,11,166.793062850707,481.305918901252,83.906309543015,38.4047414323424
2015-03-01 20:00:00,11,156.101278065596,536.091084655234,93.2619450224386,45.0217742826893
2015-03-01 21:00:00,11,167.883199662887,508.066533949136,98.3865730436924,43.0773080953557
2015-03-01 22:00:00,11,164.529068338337,487.888515579353,109.47017889357,34.9092742651689
2015-03-01 23:00:00,11,154.460406906036,471.417033544796,114.917238378301,39.7552070860494
2015-03-02 00:00:00,11,192.324563268768,306.902460734603,103.418168086893,37.1116202794473
2015-03-02 01:00:00,11,148.94735113867,416.701280978115,97.2675695852726,41.939555900463
2015-03-02 02:00:00,11,173.928469388802,530.186472100506,91.8426950606481,41.7970473466308
2015-03-02 03:00:00,11,184.805917038824,391.292731097397,102.970102087502,32.4037890140965
2015-03-02 04:00:00,11,200.855678806315,481.818358920266,107.33599927669,43.2768721294725
2015-03-02 05:00:00,11,152.866118030178,524.085746330145,113.86072580533,40.0355614788706
2015-03-02 06:00:00,11,154.65973325453,391.456741013923,107.296545733003,36.5067779498677
2015-03-02 07:00:00,11,170.506298707141,491.461792631335,111.314089033014,44.9955688482251
2015-03-02 08:00:00,11,181.313751338323,410.92789036745,112.141416718677,34.8372783415631
2015-03-02 09:00:00,11,175.956866805495,500.791428852355,105.438551027868,40.1236879469875
2015-03-02 10:00:00,11,195.074718144798,369.665305117893,97.4290671901357,35.4755179072854
2015-03-02 11:00:00,11,174.133408257534,373.949731330096,85.6768348097434,45.308404537115
2015-03-02 12:00:00,11,171.366109767634,532.770229570296,103.637771835838,35.6674670089558
2015-03-02 13:00:00,11,190.900289254798,382.585681533892,91.808321475038,38.5089381133617
2015-03-02 14:00:00,11,178.056043425314,389.998180344115,110.277635022606,41.4307920638432
2015-03-02 15:00:00,11,182.058550766908,526.869580099674,97.3411985093907,31.9079099941645
2015-03-02 16:00:00,11,166.989934740647,522.58921209353,112.534637317681,42.1326257479214
2015-03-02 17:00:00,11,184.144102936608,426.409659274715,119.93861263967,43.6000711729666
2015-03-02 18:00:00,11,173.43466210875,420.013523494942,111.954809068375,44.3841316899646
2015-03-02 19:00:00,11,177.036325459221,374.651355018171,96.7224519418072,40.4108541572912
2015-03-02 20:00:00,11,165.076403284016,371.909037081905,90.6965502116695,45.3072389964748
2015-03-02 21:00:00,11,190.109955401341,448.103996408954,89.2377738549415,41.0139766837594
2015-03-02 22:00:00,11,171.667460438338,512.67805164048,110.744417500579,35.4392371447035
2015-03-02 23:00:00,11,178.446893769525,462.771456686039,105.697348106508,37.5011002834324
2015-03-03 00:00:00,11,167.386210661014,407.741196423878,100.883359392243,45.7869697990092
2015-03-03 01:00:00,11,170.176270576094,469.634200482331,106.894563643851,32.6947103577577
2015-03-03 02:00:00,11,155.767583809616,433.718838329472,113.759876686676,41.5469937833041
2015-03-03 03:00:00,11,168.39577324025,544.730484736648,103.170139059819,37.0487556798056
2015-03-03 04:00:00,11,178.831479855656,513.45996803726,94.8426744123703,43.4268634968156
2015-03-03 05:00:00,11,188.128929769021,441.103277394572,86.1136663242475,38.7601249428446
2015-03-03 06:00:00,11,188.172041024032,429.519603798114,108.819980892981,43.4324453599408
2015-03-03 07:00:00,11,172.338842101608,494.199662644349,100.673601247509,36.5937338183111
2015-03-03 08:00:00,11,174.166709655454,524.13961782462,87.3134879100225,41.6570363520926
2015-03-03 09:00:00,11,195.92723151294,428.217574948477,104.234148550696,40.7377387517544
2015-03-03 10:00:00,11,131.807348499346,431.70541224313,88.6982164196315,44.7395547479259
2015-03-03 11:00:00,11,182.332476197082,526.636775821166,104.301290017406,44.0019319955273
2015-03-03 12:00:00,11,149.819573745678,523.104030173504,107.771503724788,38.4704456904359
2015-03-03 13:00:00,11,163.25519769341,476.280670221424,107.068520657653,43.2096586019705
2015-03-03 14:00:00,11,176.960956412578,375.426539406,103.27990989619,40.3244366970258
2015-03-03 15:00:00,11,182.146454982491,511.427658779763,102.190122392052,43.0399868489131
2015-03-03 16:00:00,11,162.529414891065,486.2262934074,97.6818605037187,37.3630042148174
2015-03-03 17:00:00,11,189.084494792261,437.960538459114,97.173140868975,32.1498649139909
2015-03-03 18:00:00,11,184.419614735616,394.792459194546,100.059250190256,38.7664393198355
2015-03-03 19:00:00,11,173.446080845535,522.730976807355,95.4376559873061,40.1991866056785
2015-03-03 20:00:00,11,171.370008126224,494.870915087634,89.6351055071477,38.5603246359874
2015-03-03 21:00:00,11,170.528551990654,411.644708206513,100.937879671679,44.7958432551685
2015-03-03 22:00:00,11,166.040610554119,450.175974529465,101.390683000619,33.834908970712
2015-03-03 23:00:00,11,175.633898618035,437.934662612139,91.366839999876,43.8400791647875
2015-03-04 00:00:00,11,179.109540447335,468.986146307207,107.879850746683,39.4834350838817
2015-03-04 01:00:00,11,153.812956365451,444.038591262133,98.3661039512538,35.0889198455954
2015-03-04 02:00:00,11,152.334427116036,509.081850369474,95.7987042466663,39.7116549741116
2015-03-04 03:00:00,11,174.06528698024,433.657864381446,113.063769292458,33.3893129245602
2015-03-04 04:00:00,11,158.824320274966,377.817635280441,102.461427062333,43.6801843003678
2015-03-04 05:00:00,11,192.175235938751,528.300221250305,76.4112249877266,38.0886908258671
2015-03-04 06:00:00,11,176.838684336792,337.224735519762,102.161840353661,38.7507066494884
2015-03-04 07:00:00,11,175.909119100987,467.966871951715,116.53633727873,37.2008578319804
2015-03-04 08:00:00,11,180.057502007159,450.86189217374,86.7334329470755,48.3789609826498
2015-03-04 09:00:00,11,151.050986017451,478.627142395024,97.5081742976837,28.594501211875
2015-03-04 10:00:00,11,133.451613378023,478.023014942703,97.9202580923327,39.13468598508
2015-03-04 11:00:00,11,190.53842213272,485.369825793328,102.590771137085,37.0388927517114
2015-03-04 12:00:00,11,164.889769282432,419.681729894477,90.9700414851725,39.5043326407243
2015-03-04 13:00:00,11,175.104149447743,470.728567941192,83.1046008772694,46.0412477740332
2015-03-04 14:00:00,11,186.92003043689,374.128724060318,94.1146021654952,46.0406424903786
2015-03-04 15:00:00,11,206.684995856899,492.329863506144,106.386627312302,39.8676636264998
2015-03-04 16:00:00,11,134.102335205469,391.576771092058,101.180610333956,43.9328773666963
2015-03-04 17:00:00,11,151.225777310342,470.67750011476,88.5764078902666,45.4524376631511
2015-03-04 18:00:00,11,165.303820391647,412.447543921384,103.722606152235,48.5444188750865
2015-03-04 19:00:00,11,179.355718701568,452.413180844831,102.002392502506,38.5626354894641
2015-03-04 20:00:00,11,163.359490487008,535.39906235854,100.137016716043,41.2974730668951
2015-03-04 21:00:00,11,150.318460394454,449.791396805974,99.978878484269,55.029813013349
2015-03-04 22:00:00,11,161.311621062211,432.938041791824,96.4913121431061,45.3781141357837
2015-03-04 23:00:00,11,154.773579911067,527.61463059444,104.247895416718,42.1104462111787
2015-03-05 00:00:00,11,148.893286872413,467.819365018519,95.5544070439758,45.8862659190348
2015-03-05 01:00:00,11,165.674261139381,500.756601803378,115.801120703913,36.0580077281624
2015-03-05 02:00:00,11,187.844219457862,487.929704515588,110.322309040609,36.1493684702942
2015-03-05 03:00:00,11,166.533040707913,407.884848288271,104.876927996877,40.021246790535
2015-03-05 04:00:00,11,136.871172074542,393.408299829102,97.6371837323682,37.3425585093282
2015-03-05 05:00:00,11,178.463624032963,548.561041685657,104.496369794948,52.4598059486673
2015-03-05 06:00:00,11,158.80258496476,391.598610808429,99.6821146915778,45.2113049807288
2015-03-05 07:00:00,11,167.265593054918,491.392767646484,97.1284498285961,36.1563969872193
2015-03-05 08:00:00,11,167.259942252112,473.099618963921,104.129845578435,40.3321894366363
2015-03-05 09:00:00,11,186.534188213177,404.348104799378,85.8425250937563,35.3942878058487
2015-03-05 10:00:00,11,158.499430000357,440.60561981079,99.445616914953,34.5194079513566
2015-03-05 11:00:00,11,196.44538137109,449.947270737678,108.056290241584,38.4802994509044
2015-03-05 12:00:00,11,191.627353414507,470.441585334997,89.5085792736858,44.9218937214114
2015-03-05 13:00:00,11,152.855769871182,512.871911111802,101.02760910435,34.3515866435014
2015-03-05 14:00:00,11,152.640796240365,426.741539084761,106.786543396432,49.0739807082974
2015-03-05 15:00:00,11,133.143278473984,500.100463448125,101.525051997699,41.6471431166393
2015-03-05 16:00:00,11,167.596119406544,470.58054393776,97.781185202657,40.5088125782181
2015-03-05 17:00:00,11,159.092652522716,517.309647938027,94.6181586354664,37.7028281044976
2015-03-05 18:00:00,11,163.929315073056,502.961911812883,100.631897900384,41.8463241776624
2015-03-05 19:00:00,11,169.772109848442,459.222602339541,98.2159360884419,35.4989501507149
2015-03-05 20:00:00,11,168.65858864582,458.690593694814,98.7418522187848,33.0041364909447
2015-03-05 21:00:00,11,196.91901128095,520.207043541445,95.6773672330858,43.2260263863229
2015-03-05 22:00:00,11,158.361544968,530.633150831702,103.263478993101,40.766263495803
2015-03-05 23:00:00,11,176.577519239111,457.429415004342,97.6113944460132,41.7980547902812
2015-03-06 00:00:00,11,166.921545207685,426.466522650748,100.851431281804,39.4013047300235
2015-03-06 01:00:00,11,183.221791075016,423.005031693178,98.8124619607202,36.555879730549
2015-03-06 02:00:00,11,166.970389138217,414.592006430167,112.462772029449,39.8231113564864
2015-03-06 03:00:00,11,179.184894564557,424.230471088971,94.7131045822406,33.216336500736
2015-03-06 04:00:00,11,194.536375952569,366.758595811375,99.8296646590937,38.9587013409536
2015-03-06 05:00:00,11,188.412732180781,364.339415562367,116.29972368549,35.3464458889591
2015-03-06 06:00:00,11,169.955536193456,528.997059122437,99.4780024357876,42.6690370238343
2015-03-06 07:00:00,11,196.056574145416,498.24254586874,101.896108872063,44.4700580326181
2015-03-06 08:00:00,11,206.88122328431,543.701035069125,121.876412632735,48.8222205349267
2015-03-06 09:00:00,11,171.924246783759,471.115574421392,114.512887444179,45.5560026938443
2015-03-06 10:00:00,11,134.197676604487,443.127895487887,98.4223928818141,44.2091386881759
2015-03-06 11:00:00,11,200.496417965707,421.079833290566,110.908141690585,33.7806473267252
2015-03-06 12:00:00,11,179.100829908049,381.486796453574,104.325613125488,38.0797978759589
2015-03-06 13:00:00,11,166.258414356994,457.10245350121,109.294852248695,48.146296009639
2015-03-06 14:00:00,11,179.656883829505,403.434924205181,92.9129992277054,40.0665997687192
2015-03-06 15:00:00,11,168.06376943552,403.891645847193,100.51759621356,33.8941116060667
2015-03-06 16:00:00,11,175.457971002045,409.198570103065,105.402911130287,39.9829705728818
2015-03-06 17:00:00,11,153.378401379912,395.378228551833,100.513099301944,31.3263181998868
2015-03-06 18:00:00,11,203.592170040821,483.241529024582,93.3389182527402,41.77564037709
2015-03-06 19:00:00,11,161.014726403218,381.955269681241,102.332139370459,49.9004768289803
2015-03-06 20:00:00,11,171.129761520277,502.316981408538,127.831231514786,49.1436787574533
2015-03-06 21:00:00,11,152.413267484467,441.682955421444,101.381675492618,47.7140361707669
2015-03-06 22:00:00,11,165.828937844155,468.730389490141,109.441275035872,44.7528663346506
2015-03-06 23:00:00,11,189.611446226445,390.004707483039,98.5040693113993,39.6985959243239
2015-03-07 00:00:00,11,183.389250410186,528.874667910748,100.202449962113,31.3628757075104
2015-03-07 01:00:00,11,217.937066450389,378.856782498707,101.767681726781,37.126383489213
2015-03-07 02:00:00,11,175.779357497934,441.537003529044,91.9426302127485,40.9907633128058
2015-03-07 03:00:00,11,165.766001158542,432.68310631685,110.056320888754,38.4143911777681
2015-03-07 04:00:00,11,148.361230691599,490.018377614572,93.155442351576,36.4352009337995
2015-03-07 05:00:00,11,177.214117702724,469.771394799731,97.2746875108728,38.3416018155592
2015-03-07 06:00:00,11,165.741361517639,459.803916992694,124.337822726332,43.8261581256832
2015-03-07 07:00:00,11,173.334441296572,439.694645007888,96.0295794231507,31.1046792271061
2015-03-07 08:00:00,11,134.374699170758,452.679430583958,95.9610829406851,35.0504247017472
2015-03-07 09:00:00,11,171.319834127621,465.963787981039,100.644384215404,47.1584995994855
2015-03-07 10:00:00,11,157.846792558624,402.385049630341,115.654980527712,48.8892967135031
2015-03-07 11:00:00,11,158.729180321292,437.606988097828,88.4454526783665,41.887587865672
2015-03-07 12:00:00,11,159.227575230546,603.752455924452,114.533866088324,39.3936351967843
2015-03-07 13:00:00,11,148.709053168677,440.626917826887,95.8321273107162,38.7828421275736
2015-03-07 14:00:00,11,149.876624339388,433.035531099225,81.8095840663422,45.67579861018
2015-03-07 15:00:00,11,204.550665209873,496.253525869858,109.522346366806,42.1237207430764
2015-03-07 16:00:00,11,185.802801739919,464.952996513017,110.540480076121,38.4309228060044
2015-03-07 17:00:00,11,160.843964368683,381.45428191348,120.523593583935,45.6029382902581
2015-03-07 18:00:00,11,144.356662221161,443.455567389977,103.278959489809,42.0357412867764
2015-03-07 19:00:00,11,188.052391604127,494.427158479597,88.3949279499154,40.0358715206515
2015-03-07 20:00:00,11,171.840266048484,451.669588106876,113.424996403725,34.632064097563
2015-03-07 21:00:00,11,173.606384154979,449.850150882274,93.3831175159907,36.0604645333501
2015-03-07 22:00:00,11,197.66125959917,375.300317923487,91.9856570180267,51.0550410602212
2015-03-07 23:00:00,11,188.369482889327,603.203564434245,106.89193180163,41.0224833576287
2015-03-08 00:00:00,11,155.950013796676,454.463522371864,88.6506275875969,40.2636063601546
2015-03-08 01:00:00,11,179.899349388219,528.629246578879,107.777151361618,36.691648310965
2015-03-08 02:00:00,11,181.993101491615,423.436067960154,114.635772774322,44.8203083988774
2015-03-08 03:00:00,11,176.224344800443,528.51692961494,107.562527117451,41.7598303159271
2015-03-08 04:00:00,11,178.130178154022,412.771964132892,95.8433390585823,38.707710335753
2015-03-08 05:00:00,11,147.842993929698,406.229320871247,108.787083349082,41.9101484113633
2015-03-08 06:00:00,11,188.402877168353,445.725247805721,92.7299713014711,40.3882432263872
2015-03-08 07:00:00,11,168.909728695127,512.357177481934,91.4655416239565,32.1352305976584
2015-03-08 08:00:00,11,178.208515080705,378.155073929185,97.9242804250654,29.0686347572141
2015-03-08 09:00:00,11,150.497785710843,474.451327685401,93.129460494682,37.6975846319582
2015-03-08 10:00:00,11,162.940159530787,406.540349401298,88.0902307105066,46.4171474909338
2015-03-08 11:00:00,11,166.440922166365,503.878564164303,104.442938154535,42.1603054874963
2015-03-08 12:00:00,11,165.845151588137,536.371140024166,116.379267371806,35.8094412363008
2015-03-08 13:00:00,11,138.725812464697,445.143873604179,107.790209831126,35.4439812979193
2015-03-08 14:00:00,11,148.985972887394,406.897496487948,106.305080483192,37.0283390280779
2015-03-08 15:00:00,11,148.637769307047,440.456046938008,108.215778566508,39.2286828992648
2015-03-08 16:00:00,11,171.230499342351,429.640541422512,101.433656355419,38.0545921605555
2015-03-08 17:00:00,11,207.885048620227,461.653531797744,89.6354527418259,41.2749314342355
2015-03-08 18:00:00,11,177.53529766553,444.769482624589,92.3625168481638,34.9682044225687
2015-03-08 19:00:00,11,166.834205250495,497.558085959534,92.8344151352557,40.4790160337995
2015-03-08 20:00:00,11,156.310830788436,423.961226911286,83.7617047037329,42.7559302696679
2015-03-08 21:00:00,11,197.108151874659,454.769198514228,87.2961588939289,43.9691441694678
2015-03-08 22:00:00,11,159.134549046085,541.442675816627,97.7344361328943,45.4769504716969
2015-03-08 23:00:00,11,155.274449713051,422.5921716674,118.872942248039,29.3648429579019
2015-03-09 00:00:00,11,166.451287340014,467.496776038403,87.2828382443217,34.7480258158474
2015-03-09 01:00:00,11,176.330081797617,314.002427927916,111.990087782014,36.8391885189777
2015-03-09 02:00:00,11,172.911829018101,479.13682794876,86.2089801073247,40.2345638282975
2015-03-09 03:00:00,11,164.296783867819,485.202863035209,101.533263196945,48.0544440176937
2015-03-09 04:00:00,11,169.246340008873,501.524282409953,106.229444667959,30.2863279579485
2015-03-09 05:00:00,11,158.710458583746,498.746392273904,89.2605837095278,45.7867191446092
2015-03-09 06:00:00,11,168.783367586561,370.126866523529,78.121376165607,39.7057050332355
2015-03-09 07:00:00,11,151.405065334689,457.807490088311,117.012734532786,35.8244332003215
2015-03-09 08:00:00,11,192.317894178286,359.882242051784,93.7661208398912,33.2961710001215
2015-03-09 09:00:00,11,204.972452025189,445.184941916911,101.510578386068,43.0797636019051
2015-03-09 10:00:00,11,171.8635502226,387.682433909961,116.275319335461,50.4912123407961
2015-03-09 11:00:00,11,168.143280211092,397.865468133191,95.1547440821437,39.1013992335378
2015-03-09 12:00:00,11,176.012413816217,461.318791827409,113.686276097493,43.088037553734
2015-03-09 13:00:00,11,159.788956600139,490.635336289087,92.4294735647803,35.1210715895248
2015-03-09 14:00:00,11,157.031245584789,365.195854223466,101.364230683794,44.3894013582022
2015-03-09 15:00:00,11,193.138696480561,449.165882093914,97.7624956453313,42.3803358930042
2015-03-09 16:00:00,11,181.969052328081,351.532889739879,103.676946485188,50.2722462970009
2015-03-09 17:00:00,11,173.45656197151,408.742406883095,92.762768074803,40.242066528164
2015-03-09 18:00:00,11,173.361169713149,389.776378843875,97.0518095774316,35.2750213867779
2015-03-09 19:00:00,11,184.022040388803,508.446018182423,112.069886029128,40.400370130799
2015-03-09 20:00:00,11,178.162786866222,475.394445550315,98.3386632320368,41.485907102854
2015-03-09 21:00:00,11,181.34937485308,392.994742101805,91.8263088252947,34.4072008905884
2015-03-09 22:00:00,11,196.71850573341,365.240613498637,100.38349201943,35.4946423469729
2015-03-09 23:00:00,11,175.529646586719,478.077538200285,105.010602327907,40.2190439045791
2015-03-10 00:00:00,11,178.105870708284,411.189883672335,102.339917374107,35.0657311343433
2015-03-10 01:00:00,11,168.604134490861,523.069765970234,106.262395555415,42.6514105378821
2015-03-10 02:00:00,11,152.40059020778,434.800726049684,106.800610806616,39.53034315082
2015-03-10 03:00:00,11,175.2113926335,438.0981680229,108.958491514396,43.0714681341562
2015-03-10 04:00:00,11,150.529975249405,475.267911310537,92.9392190614547,41.6645282664417
2015-03-10 05:00:00,11,161.114948133906,450.59004440061,88.4109077570135,40.8289266648371
2015-03-10 06:00:00,11,155.851848238882,459.425991594242,91.4352083959093,48.1018551484208
2015-03-10 07:00:00,11,179.25574185628,540.83293733549,110.864907262893,38.9696121046349
2015-03-10 08:00:00,11,181.370857410839,468.297290725752,110.184517081464,36.9642158069494
2015-03-10 09:00:00,11,179.360239466414,493.512782742282,86.3770345777965,41.7488457396331
2015-03-10 10:00:00,11,166.198011977322,473.301570947049,93.9998895542497,37.9933945359643
2015-03-10 11:00:00,11,160.835084349958,398.819182707374,100.92479645626,33.6509403987493
2015-03-10 12:00:00,11,169.431448729173,409.643008242586,102.734669797835,32.3590859867918
2015-03-10 13:00:00,11,162.780321807675,411.173158198552,110.893314318558,38.2387534945779
2015-03-10 14:00:00,11,174.548497436897,399.692709366531,88.704787974693,38.2140241844572
2015-03-10 15:00:00,11,168.703784013934,458.959145631413,86.2662061990101,41.3336406640062
2015-03-10 16:00:00,11,148.373916056452,445.136683140062,101.995901371467,45.8085972439633
2015-03-10 17:00:00,11,164.926047783228,414.72670189178,87.2732116472554,38.9454350503113
2015-03-10 18:00:00,11,178.486813028796,412.688279039093,92.786335727288,44.7030729122737
2015-03-10 19:00:00,11,179.050800309443,466.034232463733,102.166170809384,33.9080029780634
2015-03-10 20:00:00,11,169.819019054007,482.607263731996,84.8325358863777,45.6180285807525
2015-03-10 21:00:00,11,174.64123789162,459.007234825833,82.1513205849008,43.2278356115177
2015-03-10 22:00:00,11,168.895374876255,461.261663830394,92.5569432779688,36.9671134948974
2015-03-10 23:00:00,11,166.118270840086,470.728357638425,119.865975326311,28.3746702135745
2015-03-11 00:00:00,11,162.713188434351,597.379306812044,92.3774302186427,31.8172320419896
2015-03-11 01:00:00,11,158.491902401312,431.455674254437,90.8017022958127,43.5908198194044
2015-03-11 02:00:00,11,179.18864843594,470.202341225151,84.1734358898762,56.1088175981278
2015-03-11 03:00:00,11,164.944353909581,434.339880326299,108.582419468217,29.8930377942312
2015-03-11 04:00:00,11,166.222298592748,507.881995974073,98.6142101793325,43.6001477637747
2015-03-11 05:00:00,11,163.708021802196,405.890649855471,99.5306242737729,43.3160472175136
2015-03-11 06:00:00,11,187.082160839674,483.54320951804,124.710182551339,46.8181660285524
2015-03-11 07:00:00,11,165.915320610085,436.43476541935,105.717016565258,42.2392614941072
2015-03-11 08:00:00,11,154.047431808962,504.638991222251,95.289081489599,43.6508973888633
2015-03-11 09:00:00,11,181.499218455571,371.843582693073,86.631288552777,35.5508643017319
2015-03-11 10:00:00,11,194.256652016297,380.722998099794,102.42915900313,43.5570401260733
2015-03-11 11:00:00,11,155.238427034805,479.548135577249,117.986921977242,39.60513234098
2015-03-11 12:00:00,11,167.108020639598,479.377818330047,78.6500999245417,40.4161301324878
2015-03-11 13:00:00,11,192.674979690046,472.815822456368,83.7915902799867,32.9080277370219
2015-03-11 14:00:00,11,161.403790298067,542.26742920296,90.3610944147083,39.9760134160876
2015-03-11 15:00:00,11,162.145901489758,488.258794321407,102.139706753686,47.4113998203461
2015-03-11 16:00:00,11,170.886575766323,471.389082425707,80.9369945278658,39.4087333982055
2015-03-11 17:00:00,11,183.714227247564,492.669575653642,88.5342035802764,36.4740730338308
2015-03-11 18:00:00,11,200.85031130461,375.166941203278,101.829309533918,35.8468298631709
2015-03-11 19:00:00,11,170.847685646003,425.918786016442,98.0442511034077,31.0100531708223
2015-03-11 20:00:00,11,181.639011155509,479.38649886427,81.5073776845655,35.0059325888591
2015-03-11 21:00:00,11,181.848220076124,492.721767811377,107.353611798013,37.416835680897
2015-03-11 22:00:00,11,185.646949624799,430.258834686559,97.4128991221111,38.3626142418947
2015-03-11 23:00:00,11,169.371987099964,414.048109615028,111.092629024472,38.3229000183114
2015-03-12 00:00:00,11,172.58417270131,453.88600243723,105.919248508916,40.5642996451269
2015-03-12 01:00:00,11,173.272936423484,419.4944892153,93.4754987730899,39.0194419688055
2015-03-12 02:00:00,11,160.041224243612,584.01414735916,102.003506179466,35.9583196062276
2015-03-12 03:00:00,11,188.804538367711,533.038582877332,104.969707085339,35.6728167706749
2015-03-12 04:00:00,11,171.481997807733,397.938390893428,98.3893199733328,42.7955483875453
2015-03-12 05:00:00,11,137.960758346574,388.366778418509,107.572305224779,40.5900172804328
2015-03-12 06:00:00,11,169.911181521803,390.870749543858,103.747569844356,37.9552782212541
2015-03-12 07:00:00,11,163.134095728063,461.616995873661,108.140080960367,34.2046410349647
2015-03-12 08:00:00,11,159.611006472379,450.818468043102,107.322845912766,33.9067334136883
2015-03-12 09:00:00,11,159.233298285259,440.912992621749,92.4695535753754,33.0921667221319
2015-03-12 10:00:00,11,183.661306803778,466.95605389675,96.0423339416131,36.4162125511696
2015-03-12 11:00:00,11,162.60531177829,385.594746611342,86.0903171360334,41.3538812671095
2015-03-12 12:00:00,11,159.043432166445,434.058700401626,96.2352736408774,40.5619026179287
2015-03-12 13:00:00,11,160.597384268742,468.445819538549,103.012284647847,41.9700327093964
2015-03-12 14:00:00,11,184.254843660881,476.056196367286,96.9793169386428,37.6892640238919
2015-03-12 15:00:00,11,174.45660411348,439.44307241468,100.873137145891,36.4413073817507
2015-03-12 16:00:00,11,165.973036475415,441.048817563822,95.8615034662959,38.3701792582065
2015-03-12 17:00:00,11,152.471642194078,451.512057225721,99.2936890180203,51.6955535789207
2015-03-12 18:00:00,11,158.416324946487,417.656964942329,98.6986413452506,38.87465954717
2015-03-12 19:00:00,11,182.97101347742,368.348766678233,101.162312092055,35.3030558275835
2015-03-12 20:00:00,11,162.875620229479,462.002648120634,90.2953454425594,42.3293514731227
2015-03-12 21:00:00,11,158.971101099427,505.03099386884,101.883831670961,40.8875719742755
2015-03-12 22:00:00,11,173.333028706064,375.052478926997,101.735924954809,34.9418749962202
2015-03-12 23:00:00,11,181.771989394952,472.159253505694,117.55313563682,44.6520899542997
2015-03-13 00:00:00,11,193.179104077216,407.590981281732,103.888006141165,36.6323930362215
2015-03-13 01:00:00,11,166.567310305292,545.332703203182,100.51505410291,32.106600213273
2015-03-13 02:00:00,11,138.083875603242,433.802173423879,103.791574870476,35.3440851358933
2015-03-13 03:00:00,11,175.869747232685,338.247965333992,108.903707381598,44.6194363256177
2015-03-13 04:00:00,11,134.066821344632,479.685918391028,97.441120012662,44.1958536356078
2015-03-13 05:00:00,11,150.144499647673,376.942029683158,81.9039774892399,30.8300256861475
2015-03-13 06:00:00,11,141.8243058124,500.15872538447,132.961740748065,46.6720580111863
2015-03-13 07:00:00,11,156.750663875717,434.023642342422,102.851202353839,37.6604788881662
2015-03-13 08:00:00,11,154.996835739368,440.771780782294,97.1319843193787,39.0984322592547
2015-03-13 09:00:00,11,186.214002440506,479.508292528668,111.776741205373,39.1759557408665
2015-03-13 10:00:00,11,152.796661715417,441.252329569822,94.9370535338843,36.0614561591188
2015-03-13 11:00:00,11,166.917181729738,445.43886969089,94.9354359136126,32.4212552470802
2015-03-13 12:00:00,11,163.172599570517,469.918098457755,88.8209590639623,40.6711938475084
2015-03-13 13:00:00,11,147.901042299254,393.74880335641,102.30935831704,33.4658906049822
2015-03-13 14:00:00,11,144.741010598857,443.862610286906,99.6721948195681,36.8118521642273
2015-03-13 15:00:00,11,143.21770785966,450.002644919149,109.090480833083,42.3813818291415
2015-03-13 16:00:00,11,151.946420819459,539.534177972347,108.855429558878,38.8939202196337
2015-03-13 17:00:00,11,169.945963497056,453.609343149381,91.4778346639865,44.0530987816679
2015-03-13 18:00:00,11,159.661194264831,394.763948249982,102.0887481577,33.5051410274143
2015-03-13 19:00:00,11,154.233848942781,343.040699620479,96.3377486658856,49.6682775143017
2015-03-13 20:00:00,11,188.34188969933,494.952660909158,116.990170443304,47.553525224146
2015-03-13 21:00:00,11,169.545039435134,415.623007824054,102.743909294203,41.2265913869783
2015-03-13 22:00:00,11,177.109444062136,472.164536571782,87.6983583876897,35.5580591790809
2015-03-13 23:00:00,11,166.167926222733,420.414597860122,91.0417820777299,39.327208905276
2015-03-14 00:00:00,11,174.599301563695,431.163909171221,107.878359560995,35.5342999047659
2015-03-14 01:00:00,11,152.321588606526,460.90890610665,89.4789778342523,29.5522860427259
2015-03-14 02:00:00,11,198.851753169668,450.275253248949,100.011291025941,38.6565288695545
2015-03-14 03:00:00,11,174.247570325919,426.110489975372,120.513902506813,42.61892850468
2015-03-14 04:00:00,11,160.80494956186,419.360215545791,88.612800745545,39.5683293928983
2015-03-14 05:00:00,11,168.700156084127,463.905250883425,99.4557380043436,49.6473595589123
2015-03-14 06:00:00,11,195.938089750927,432.299918023616,88.8196721655574,46.6795284695555
2015-03-14 07:00:00,11,158.776261026205,469.297906541736,112.084887873242,33.3852165274786
2015-03-14 08:00:00,11,180.375049661216,528.454705440054,102.935586102583,36.2344622214723
2015-03-14 09:00:00,11,191.183030262066,503.727673264482,100.236224699574,44.4615088457237
2015-03-14 10:00:00,11,144.48266185056,487.863594777151,89.9982077425123,40.0262295040698
2015-03-14 11:00:00,11,164.45184199549,404.482966953839,84.6963752731859,35.8389022367779
2015-03-14 12:00:00,11,182.731936082729,447.578491161476,93.8729222322918,44.0044661773665
2015-03-14 13:00:00,11,176.772051654962,476.724744461893,99.2148397593012,39.1936167448438
2015-03-14 14:00:00,11,174.417205267622,551.615218973639,113.721904028329,41.2783677706096
2015-03-14 15:00:00,11,176.520886615195,423.256831522877,106.600279557496,43.0080645746815
2015-03-14 16:00:00,11,181.240336333612,480.037375796238,100.032502079921,38.9863017738438
2015-03-14 17:00:00,11,151.830357446351,419.559113192517,100.815250147963,43.7169246591874
2015-03-14 18:00:00,11,184.961362775485,471.787747171006,108.431636430681,40.5521191525685
2015-03-14 19:00:00,11,183.366385383211,444.564674753903,96.9787376156031,42.6336410131185
2015-03-14 20:00:00,11,188.737294362392,352.426115191126,94.5524671681459,38.7612753322693
2015-03-14 21:00:00,11,201.425211678349,448.873082609397,88.4478008815389,38.809080442226
2015-03-14 22:00:00,11,160.565089801072,444.34605454348,87.1012771579633,44.5366092353854
2015-03-14 23:00:00,11,171.743731358557,481.072664482624,97.5872222556494,44.1305234069513
2015-03-15 00:00:00,11,155.856949645101,471.729571840168,79.4336736778358,40.9435186041149
2015-03-15 01:00:00,11,162.335882612467,452.459912121599,95.5812572072515,39.7151962060863
2015-03-15 02:00:00,11,147.354171079898,400.322079762023,98.6475773366196,41.3147832772806
2015-03-15 03:00:00,11,200.667042044705,420.359069164432,105.300407075186,36.0832310369817
2015-03-15 04:00:00,11,160.431712413146,498.158936724498,92.2498119039878,33.6009607009759
2015-03-15 05:00:00,11,168.031076120871,445.007349926018,85.0894229755288,35.9810107362766
2015-03-15 06:00:00,11,163.187448572504,391.70175895154,97.7541187233757,41.3689397107053
2015-03-15 07:00:00,11,152.635124621527,475.142635450999,108.610206585476,48.5426772859103
2015-03-15 08:00:00,11,178.17428048198,502.395913529909,97.2863026871372,42.6102370018623
2015-03-15 09:00:00,11,175.600624684636,417.877391880781,97.5688918799674,40.5490906996829
2015-03-15 10:00:00,11,158.202793591851,522.174413462721,101.039720540425,37.3224680487227
2015-03-15 11:00:00,11,180.807199891178,413.507290485706,96.3182280072781,36.5250574982636
2015-03-15 12:00:00,11,172.118996890342,490.393749887634,109.858611219011,31.7594660925694
2015-03-15 13:00:00,11,155.27175959217,465.13648360909,86.7074867243138,42.8409436066691
2015-03-15 14:00:00,11,183.535257996474,409.770462921453,106.612464956129,35.8097425447343
2015-03-15 15:00:00,11,153.704194242684,490.410632553176,104.859803796631,45.5744100933816
2015-03-15 16:00:00,11,143.003011464005,541.926640764306,116.131343377616,33.5041416978002
2015-03-15 17:00:00,11,187.173999415818,401.165106686085,122.362333934545,48.9258242803901
2015-03-15 18:00:00,11,185.360882741815,397.396825439151,96.4498084483046,35.5638223313864
2015-03-15 19:00:00,11,164.215099237579,459.716591761584,96.9903177171801,47.6502415231048
2015-03-15 20:00:00,11,155.69578315414,411.582739658193,93.4064459778651,40.9372148648029
2015-03-15 21:00:00,11,175.259479641117,460.809992377666,94.6372955716459,28.5676763077108
2015-03-15 22:00:00,11,167.239768522061,386.263223340889,116.129001708831,39.4827820806389
2015-03-15 23:00:00,11,167.05076810671,479.823344241312,93.6581232534554,35.7127155595616
2015-03-16 00:00:00,11,158.115786465589,430.208822852846,108.508797982107,43.8739510663002
2015-03-16 01:00:00,11,173.641843332588,509.725170553354,97.5480868968578,39.7947405755074
2015-03-16 02:00:00,11,174.970945050401,437.585193755114,109.418403481925,40.6740236740558
2015-03-16 03:00:00,11,184.292128494869,530.46318877163,80.0830256046354,41.9845934205189
2015-03-16 04:00:00,11,198.673250682455,511.887734073085,113.652540489477,41.9837549326447
2015-03-16 05:00:00,11,165.045747498415,514.217420032182,113.918279448563,42.7758664916493
2015-03-16 06:00:00,11,176.162548856241,501.609389370914,103.202066429096,34.6301370453416
2015-03-16 07:00:00,11,168.29658784203,433.494996868138,109.329899881327,38.4494276700064
2015-03-16 08:00:00,11,164.200720648587,429.398602694046,94.1130052306996,49.9635030726581
2015-03-16 09:00:00,11,216.013132499305,492.486672195039,94.7581422179766,43.276170182102
2015-03-16 10:00:00,11,184.026594412067,406.305259712518,96.0825773234025,41.2697926943377
2015-03-16 11:00:00,11,168.064890683712,464.950189740084,118.507249787952,45.3597679167901
2015-03-16 12:00:00,11,154.386973869848,442.88988740606,101.346799128626,32.0919810743051
2015-03-16 13:00:00,11,145.299878616159,435.089564211432,122.582984522545,35.0108930226164
2015-03-16 14:00:00,11,163.658173614121,467.765607043951,108.750742667603,39.0118026027165
2015-03-16 15:00:00,11,185.688666630428,368.122651177527,110.570091410856,46.4155968969919
2015-03-16 16:00:00,11,187.206778946654,385.703779637482,90.5961960738064,35.8632815854521
2015-03-16 17:00:00,11,161.40113744574,419.877903268344,99.4568788493947,28.397083512656
2015-03-16 18:00:00,11,172.563373875167,428.239182319283,101.929090487325,32.3922280787052
2015-03-16 19:00:00,11,177.363367479679,487.447661622359,92.3020106727384,49.8072514845827
2015-03-16 20:00:00,11,162.053672139629,477.914162423365,91.4782469898089,35.7922755671395
2015-03-16 21:00:00,11,166.742945325658,391.770509970919,114.317286639961,36.7456362649404
2015-03-16 22:00:00,11,170.044572331699,461.814803660621,95.8393261990247,34.3648671180473
2015-03-16 23:00:00,11,172.968747662134,405.900230361604,113.186986836854,39.6548039764698
2015-03-17 00:00:00,11,162.266279189728,470.402950397672,73.0296105650299,35.1105992806599
2015-03-17 01:00:00,11,170.819989328792,508.413088096354,98.4422197628172,44.2130440942095
2015-03-17 02:00:00,11,155.501874123578,431.982316514128,96.9376903181102,40.5157234378076
2015-03-17 03:00:00,11,159.194371511236,456.547866137286,100.841497462066,48.9492665171496
2015-03-17 04:00:00,11,159.177080410208,511.656187292786,103.59419799633,35.2948827369775
2015-03-17 05:00:00,11,159.525486297457,479.697777448313,89.1975352302783,38.1478007234959
2015-03-17 06:00:00,11,174.720590852112,369.481226652516,86.7982239669616,41.4811339927522
2015-03-17 07:00:00,11,208.669799206566,499.294843850448,102.529596896838,34.9120088772398
2015-03-17 08:00:00,11,164.735288274598,461.860328572447,94.4362335596277,35.8144316631191
2015-03-17 09:00:00,11,176.071530575994,419.86045143372,86.21159260023,39.8520628392673
2015-03-17 10:00:00,11,149.586816786383,419.712157963629,94.6349970193365,33.4853833195545
2015-03-17 11:00:00,11,159.352049248624,477.767105215199,107.301852564421,35.9284452528589
2015-03-17 12:00:00,11,162.348421610637,483.495860300407,114.017830695319,39.1840289773376
2015-03-17 13:00:00,11,216.259801593523,548.778895317593,93.1185541717293,36.1544915288926
2015-03-17 14:00:00,11,160.017411938004,408.106550014848,100.979269555624,39.2430204472387
2015-03-17 15:00:00,11,200.597210052917,475.60100854759,102.31196906336,41.436005704027
2015-03-17 16:00:00,11,162.862848360401,432.237034769539,92.2042650976239,41.4111377879198
2015-03-17 17:00:00,11,154.977360887707,491.891150674681,106.523143386649,36.9045495720805
2015-03-17 18:00:00,11,168.258929935439,429.29339552894,89.566488581153,41.8886159229341
2015-03-17 19:00:00,11,194.961075380968,498.287730371269,101.703682293431,38.0130440053367
2015-03-17 20:00:00,11,193.529528726098,543.773923800999,106.105915896572,45.2638848913658
2015-03-17 21:00:00,11,160.722114047281,484.028407753185,76.1862047166204,40.9968571508471
2015-03-17 22:00:00,11,204.140140229163,382.557359412399,95.578411035721,39.0825224645529
2015-03-17 23:00:00,11,149.089672360271,494.468880261389,87.5220411585191,34.6270297094275
2015-03-18 00:00:00,11,153.439248038402,479.235183641096,106.135547606175,43.4954464969994
2015-03-18 01:00:00,11,172.906507576666,469.852072429487,108.688228230468,46.454325014527
2015-03-18 02:00:00,11,134.890556468906,344.880953421818,91.550410958661,39.5733562260296
2015-03-18 03:00:00,11,171.440447272591,385.950171186501,102.291977691405,37.6424875727153
2015-03-18 04:00:00,11,176.973686326541,436.2250214178,107.851337219443,38.7572535438901
2015-03-18 05:00:00,11,185.697292042432,441.833186448792,100.338723317066,42.8177030121171
2015-03-18 06:00:00,11,161.153244280178,437.594190801717,110.004473314243,48.0962771671831
2015-03-18 07:00:00,11,186.35785818165,328.361494775794,89.4045833950625,36.4734966547911
2015-03-18 08:00:00,11,141.327632789693,467.608997530282,92.023065360432,38.1785085554106
2015-03-18 09:00:00,11,169.933643611255,521.053966135498,102.310163220911,41.5769496174898
2015-03-18 10:00:00,11,191.889626023733,420.275250125345,111.172183254892,45.8424174661407
2015-03-18 11:00:00,11,196.051088982293,487.596355593799,97.9809124827838,31.1373412001102
2015-03-18 12:00:00,11,182.766114024991,489.861140221337,77.7837195473455,39.1993269801415
2015-03-18 13:00:00,11,179.385558194347,428.878141126992,113.212433090017,39.8615202327032
2015-03-18 14:00:00,11,165.424618230676,320.254264355845,100.518914814618,36.5744183841028
2015-03-18 15:00:00,11,157.548684977265,511.608507777758,96.3690540804951,34.3454877802833
2015-03-18 16:00:00,11,185.649850016867,477.52185586098,104.255013757436,34.573354975677
2015-03-18 17:00:00,11,188.394731008317,388.335371120741,115.105855577577,39.9400500807831
2015-03-18 18:00:00,11,189.66176283723,493.856002020149,113.017803795805,39.621536024636
2015-03-18 19:00:00,11,191.583750391009,459.996218768034,107.610521984554,37.6318863167142
2015-03-18 20:00:00,11,169.257622704254,462.100632548378,87.7915414809819,39.8620827643619
2015-03-18 21:00:00,11,165.759777316334,509.759293743198,116.489256848684,44.6201267886006
2015-03-18 22:00:00,11,144.234663565562,515.147548248087,96.111402744699,36.4161980370447
2015-03-18 23:00:00,11,166.716290319055,411.766684298055,90.3412483569863,43.5896563577062
2015-03-19 00:00:00,11,161.980218583323,458.58354712583,113.108624620167,47.9971155659475
2015-03-19 01:00:00,11,179.502669324177,527.429721701673,105.189961958735,48.2059040353892
2015-03-19 02:00:00,11,167.149579107193,361.117241297497,107.980998747636,37.5775775389461
2015-03-19 03:00:00,11,176.410802520506,387.837888801658,110.353999091568,39.385496624134
2015-03-19 04:00:00,11,139.409582163232,408.034224516294,110.764966576863,37.1899293175312
2015-03-19 05:00:00,11,183.242386892946,466.484027793987,79.7697882019525,36.5474166066069
2015-03-19 06:00:00,11,159.20081525835,480.632297450479,96.0079010890732,41.1153121489607
2015-03-19 07:00:00,11,181.528944548845,386.565501792478,104.230276801573,42.7671768287815
2015-03-19 08:00:00,11,178.799847797647,439.526593168824,92.3638259613885,40.3355384380435
2015-03-19 09:00:00,11,177.983253758677,521.376404092617,105.831630888652,31.3852121384804
2015-03-19 10:00:00,11,178.796742992027,355.27395120823,97.6415991569013,37.608156570401
2015-03-19 11:00:00,11,189.425416433761,444.936610005843,105.129557029696,45.9913138680027
2015-03-19 12:00:00,11,145.940575778691,370.272529938206,77.7037128761177,47.035975672136
2015-03-19 13:00:00,11,188.377114681251,333.949751393267,96.4876480144716,30.3516255834578
2015-03-19 14:00:00,11,164.266982654791,518.076389872145,102.721547863876,41.6542223368288
2015-03-19 15:00:00,11,163.924629920125,478.76341401848,105.603501361953,45.1420695450336
2015-03-19 16:00:00,11,155.668938246823,436.916077575916,117.408302605212,45.3154923793031
2015-03-19 17:00:00,11,180.867575558104,448.058538193708,108.991049016907,33.7965924985578
2015-03-19 18:00:00,11,152.092270753626,480.42047639,92.0200827530687,44.3681983332537
2015-03-19 19:00:00,11,164.090224809058,461.07582623436,70.6937397680617,40.6888301831912
2015-03-19 20:00:00,11,171.171906587257,416.851670542173,90.8811618034457,41.3191193880876
2015-03-19 21:00:00,11,161.920100074457,439.860771947502,101.05589861801,50.529739966211
2015-03-19 22:00:00,11,150.605954012109,491.613086338594,90.1413215062143,45.5646635343054
2015-03-19 23:00:00,11,157.638252016527,491.783304039926,112.066263417487,45.8893311141667
2015-03-20 00:00:00,11,163.10216378803,488.962088568142,86.265320945,29.8292782636342
2015-03-20 01:00:00,11,169.12196301705,311.401027661316,92.0955553834764,40.4426239472376
2015-03-20 02:00:00,11,164.594865504411,402.329823112221,99.2330759354549,35.2554723233801
2015-03-20 03:00:00,11,165.74020245114,463.036416775601,100.760590016647,47.2108196132906
2015-03-20 04:00:00,11,170.754940543881,387.361430527372,104.097724919763,44.9128842566476
2015-03-20 05:00:00,11,171.814828295654,410.318403219204,86.170160351337,41.6433035374617
2015-03-20 06:00:00,11,157.253870128196,439.651043663712,96.5759052235736,44.2825777270761
2015-03-20 07:00:00,11,165.52670059768,440.967822686102,102.434311807173,41.773660280812
2015-03-20 08:00:00,11,173.345034788544,476.107308055669,94.2285679044727,33.6362820815022
2015-03-20 09:00:00,11,186.310070971983,408.437869817868,92.9307345035718,39.1760006877824
2015-03-20 10:00:00,11,163.580976506898,425.534751755739,97.0340649729666,46.8344885973595
2015-03-20 11:00:00,11,156.654136134143,413.216744346113,89.8245849038716,43.3297994368115
2015-03-20 12:00:00,11,179.971905316313,390.388146070801,112.902955244965,35.7757267534676
2015-03-20 13:00:00,11,179.562279719354,416.745689511943,92.2385048910058,35.0572438451203
2015-03-20 14:00:00,11,162.907361925941,421.231449401908,117.093349112695,41.6687092694226
2015-03-20 15:00:00,11,168.403533856643,451.427290216055,102.061331435595,40.9317211011627
2015-03-20 16:00:00,11,160.470770280486,501.967093418834,103.035885882592,37.186981617143
2015-03-20 17:00:00,11,167.994994339328,431.418235268997,78.6371596752097,43.2156360427201
2015-03-20 18:00:00,11,134.937166763594,486.209599558675,90.1967937891395,31.910316624756
2015-03-20 19:00:00,11,157.907151239076,502.988284706813,105.863976646129,42.2834030867743
2015-03-20 20:00:00,11,170.080001223047,426.09857718464,105.144452651808,39.227858642307
2015-03-20 21:00:00,11,151.251742789153,365.033337910714,92.3479062739728,44.3346056129087
2015-03-20 22:00:00,11,181.412290723356,391.686962259148,103.853128275518,33.4463606856982
2015-03-20 23:00:00,11,170.135756951796,390.744729202661,95.6924032896544,45.0689968112732
2015-03-21 00:00:00,11,164.908697798902,435.924074204312,117.990072260837,53.4692780817577
2015-03-21 01:00:00,11,161.189142296859,490.326431696427,106.138236044592,38.5550127172985
2015-03-21 02:00:00,11,163.683171576376,448.601521818417,98.2479235558768,39.0190058601945
2015-03-21 03:00:00,11,158.82682299845,518.662125928941,80.994996539805,38.5164275139919
2015-03-21 04:00:00,11,186.70559143289,460.654462184393,102.757768072287,41.6034102799741
2015-03-21 05:00:00,11,177.028917038496,509.586607880982,114.156968493512,37.6671989421044
2015-03-21 06:00:00,11,173.982778462626,450.661091143739,105.073292101352,44.4354570065927
2015-03-21 07:00:00,11,140.201396799741,469.049995337673,106.831968061192,40.3713918427536
2015-03-21 08:00:00,11,158.846279844616,498.871649266292,98.3792078462878,37.0097885905824
2015-03-21 09:00:00,11,183.199445551985,489.129090889181,104.903689862084,43.0149715375314
2015-03-21 10:00:00,11,144.568704667416,350.627678599667,110.083319602203,37.9499779885885
2015-03-21 11:00:00,11,195.136831205846,509.3477567369,103.999244991595,44.630792280903
2015-03-21 12:00:00,11,160.26557922603,466.903453442091,97.9560356940026,40.1286178265037
2015-03-21 13:00:00,11,182.955374243622,474.784852114542,111.53297729804,42.4585658013431
2015-03-21 14:00:00,11,159.463675047557,440.468368249042,110.41133844267,43.7221060329208
2015-03-21 15:00:00,11,184.387954800544,540.57256643423,94.5503953069595,36.3499555073794
2015-03-21 16:00:00,11,180.379622656853,497.971818686762,100.278807612431,39.9047450795437
2015-03-21 17:00:00,11,177.76602935168,412.351682836801,100.247663956228,44.6725094355184
2015-03-21 18:00:00,11,192.93587895402,417.19219198082,84.3713538256577,41.4656504676644
2015-03-21 19:00:00,11,159.476883537351,481.244678411965,101.534285073058,50.7273668416243
2015-03-21 20:00:00,11,163.657054061631,456.138010822987,96.3133154717045,37.2034430934065
2015-03-21 21:00:00,11,165.780688752806,514.37476439582,102.054070693572,32.7474902837288
2015-03-21 22:00:00,11,162.606361384885,475.117047184604,95.4882882846195,49.04687038155
2015-03-21 23:00:00,11,154.944316466645,405.682606257681,101.583474807179,34.3805452287484
2015-03-22 00:00:00,11,169.092314544953,465.338134156424,118.070313228502,36.9722299671779
2015-03-22 01:00:00,11,181.959088829438,465.480798718823,94.4573194441484,35.912661876953
2015-03-22 02:00:00,11,181.618078932776,370.283474170127,100.283992274413,44.5513168849172
2015-03-22 03:00:00,11,143.968505152427,459.595352575248,107.574795523696,38.5490328920374
2015-03-22 04:00:00,11,135.893495176445,401.728266806878,98.5476897418607,30.0754119079539
2015-03-22 05:00:00,11,145.917749981945,438.857306661877,108.008136839157,39.3862383233135
2015-03-22 06:00:00,11,171.824610060687,447.948314019495,90.7582119900981,33.5476814474376
2015-03-22 07:00:00,11,156.425483652285,573.559584066129,89.5252728853258,36.4567763977026
2015-03-22 08:00:00,11,184.873064876749,457.241818917685,94.1335361573813,41.2317477934238
2015-03-22 09:00:00,11,149.699786612714,499.317581473779,101.729738430251,39.2904332367251
2015-03-22 10:00:00,11,167.079108374575,389.286518749104,89.9267932138718,33.5123973669759
2015-03-22 11:00:00,11,150.426532853934,342.894286836138,102.184194849964,42.0698518002702
2015-03-22 12:00:00,11,189.188431153866,447.312960052998,87.1777677291068,40.3455650208169
2015-03-22 13:00:00,11,179.237466316034,436.197862277483,95.0217683143676,40.5018308429645
2015-03-22 14:00:00,11,192.422240181769,417.581822311715,98.1753968858084,27.2233143966503
2015-03-22 15:00:00,11,152.995083034748,357.38225862347,107.322981261725,36.6439766819413
2015-03-22 16:00:00,11,170.933580616246,494.302931077574,93.9705903596268,50.7688239795478
2015-03-22 17:00:00,11,201.113734828437,368.559716832117,84.9516747542584,46.3738338923632
2015-03-22 18:00:00,11,168.225360165179,393.579490888931,107.598858925248,38.7845937420243
2015-03-22 19:00:00,11,191.892637455234,441.98435148103,101.542785474163,34.5728752491189
2015-03-22 20:00:00,11,187.584540486005,436.644064009448,83.9669744185874,46.0008032311512
2015-03-22 21:00:00,11,163.837304493466,412.558877692641,80.6580319464806,43.3630635835494
2015-03-22 22:00:00,11,165.941837554446,417.815165559957,95.7508699536534,40.2785911201028
2015-03-22 23:00:00,11,170.394725146689,435.102589945572,101.988967281818,37.867319683007
2015-03-23 00:00:00,11,177.43076207396,447.258880430765,102.209937884105,42.6322767103058
2015-03-23 01:00:00,11,161.564765900891,546.909120464743,95.7347758908943,43.6825432738061
2015-03-23 02:00:00,11,178.350628836861,448.062350596523,103.435048916792,34.7967512608437
2015-03-23 03:00:00,11,193.006923727507,522.960413157986,98.6191721379252,42.6652424490136
2015-03-23 04:00:00,11,167.555722622047,448.379531456858,106.548618070959,36.9429190806562
2015-03-23 05:00:00,11,149.46360053586,453.036446826928,89.0727392242958,30.1274411596503
2015-03-23 06:00:00,11,209.040404160674,429.547921829054,104.695638812625,37.0479868070403
2015-03-23 07:00:00,11,171.376821012814,464.405636850031,104.738733735406,46.1693583162497
2015-03-23 08:00:00,11,154.816112770618,463.092483091621,79.5606888227825,45.4875916852443
2015-03-23 09:00:00,11,187.147841913136,410.61475892118,104.454632192131,41.9720799697495
2015-03-23 10:00:00,11,162.531982655046,453.988722460224,92.8558083562145,39.685580182456
2015-03-23 11:00:00,11,145.836685662563,403.916417360497,93.7664485264048,41.9199672689462
2015-03-23 12:00:00,11,153.276711915422,501.403860820683,103.192265316903,41.5556466034156
2015-03-23 13:00:00,11,179.026157587264,471.479796186375,102.745211341214,40.4082409103263
2015-03-23 14:00:00,11,190.618327663891,448.52073654631,91.6635928306947,47.4484637716193
2015-03-23 15:00:00,11,154.111264300007,368.285844224754,114.972574134405,34.2230201493364
2015-03-23 16:00:00,11,163.288973308445,515.066504708587,91.7569333865505,48.392293767366
2015-03-23 17:00:00,11,170.383674664653,494.54659305966,106.187565390753,32.6992790419952
2015-03-23 18:00:00,11,161.211110694288,455.20222346969,120.968085970131,37.5106333893354
2015-03-23 19:00:00,11,152.238805156089,472.480997212215,95.6321910367733,39.2918241268395
2015-03-23 20:00:00,11,159.751812731082,470.667217415259,101.925601192533,41.8291453082178
2015-03-23 21:00:00,11,182.136386974234,485.180383440851,89.6569231212471,48.542821637238
2015-03-23 22:00:00,11,157.531138415468,409.993843521346,92.6194682173102,45.0029119913089
2015-03-23 23:00:00,11,178.88331155688,481.724266163132,94.6285156012401,44.6908414492895
2015-03-24 00:00:00,11,174.329820502053,409.180032768102,89.026427705076,45.7594296397559
2015-03-24 01:00:00,11,151.001053506228,392.713567860587,106.513314053392,43.6613435139017
2015-03-24 02:00:00,11,173.310132452412,462.513806661728,78.2626043247579,46.9062316041922
2015-03-24 03:00:00,11,149.126506686079,416.183895950833,93.8627590320662,36.0782386335919
2015-03-24 04:00:00,11,173.550292125356,353.743512095786,96.1920482857909,38.0698593755579
2015-03-24 05:00:00,11,159.150116652934,449.679006292578,90.6478853145239,38.1317016435485
2015-03-24 06:00:00,11,177.523881996003,496.818505418674,94.2078092524676,37.5569679043768
2015-03-24 07:00:00,11,157.979192547143,368.215948712283,93.7096763232447,36.9938522287412
2015-03-24 08:00:00,11,186.992127155787,398.836686639681,98.537336483136,40.428761424169
2015-03-24 09:00:00,11,161.087315183394,441.789436288879,103.869582080767,44.5134136090142
2015-03-24 10:00:00,11,184.181267800516,399.704333806513,97.8567863348178,34.4505508742244
2015-03-24 11:00:00,11,152.745803962653,449.307502448923,104.888034322238,35.6164950603444
2015-03-24 12:00:00,11,168.130866664304,388.455818047849,99.2225994345208,52.4343075983101
2015-03-24 13:00:00,11,171.501563852191,408.503721785767,99.2730740099747,51.0429344310729
2015-03-24 14:00:00,11,171.152811182455,426.562670213328,85.368003570683,35.2836641866355
2015-03-24 15:00:00,11,186.224178143184,457.546860648605,107.514903030595,43.5159600107781
2015-03-24 16:00:00,11,169.419553007324,469.290469108121,102.640591313617,42.0412492099833
2015-03-24 17:00:00,11,150.051437502085,436.250349676149,99.8218605857523,40.5762863910162
2015-03-24 18:00:00,11,190.565398679116,387.923288329229,84.0433859638906,47.1540456669536
2015-03-24 19:00:00,11,164.106446650182,484.617579556497,91.3178275222511,37.5560662271993
2015-03-24 20:00:00,11,165.311458737155,437.871057801979,81.0520968360828,41.3541314301516
2015-03-24 21:00:00,11,144.49730583824,393.898263710075,96.8587687210788,48.5087625058323
2015-03-24 22:00:00,11,176.584522400967,554.517419566547,115.61423326058,46.549292220904
2015-03-24 23:00:00,11,159.667085684218,443.834261664921,93.6997138088368,40.0149546145495
2015-03-25 00:00:00,11,179.294282821601,522.181249074311,106.499776491403,36.7738533739916
2015-03-25 01:00:00,11,160.99404048539,410.229978634527,95.7300407644753,39.3259834191587
2015-03-25 02:00:00,11,190.66666085818,451.163676858152,83.8191560619716,42.2280354900811
2015-03-25 03:00:00,11,182.306325726248,390.384676579549,105.864723627727,27.1565793413559
2015-03-25 04:00:00,11,171.744447176575,456.752867235404,88.5661329898588,36.8777485146191
2015-03-25 05:00:00,11,184.982557121625,457.070374440739,103.943252916872,39.8667167766952
2015-03-25 06:00:00,11,182.080879779598,464.018147220019,104.868618009777,40.2379965901548
2015-03-25 07:00:00,11,168.797111094403,488.863412877703,103.764965009712,38.7121806433396
2015-03-25 08:00:00,11,162.186786330705,451.616399289827,83.8312173075866,44.8363090643272
2015-03-25 09:00:00,11,181.761961893626,427.878469820333,102.180868452437,31.9917096922375
2015-03-25 10:00:00,11,175.174651925776,421.252441065083,89.8087452233864,33.1326544453049
2015-03-25 11:00:00,11,138.28121007142,418.739377592182,109.599335463685,38.1934650124981
2015-03-25 12:00:00,11,164.684812391777,486.745262891796,80.9042300004758,42.8665673395677
2015-03-25 13:00:00,11,172.510875444758,427.002620605827,91.5047354339986,39.4151953290416
2015-03-25 14:00:00,11,172.615135598827,435.916713556509,115.892523837597,40.9668329390827
2015-03-25 15:00:00,11,150.762148114652,474.209975308767,83.6573083359584,36.374386454598
2015-03-25 16:00:00,11,158.88356957596,404.276060721152,101.614033271772,39.8374584921587
2015-03-25 17:00:00,11,176.273595482927,426.273450823904,103.918275682805,40.503547973407
2015-03-25 18:00:00,11,173.844682286241,404.567144487789,76.532514000828,29.6977912460976
2015-03-25 19:00:00,11,162.558113406784,409.655790446984,104.996069417767,40.0932910040413
2015-03-25 20:00:00,11,139.362151463737,460.151067996662,79.5541210628044,37.0950536339894
2015-03-25 21:00:00,11,186.971143126659,460.070620530507,117.618765902955,42.0997890631004
2015-03-25 22:00:00,11,172.605478137492,480.45444129451,105.552104235653,47.7765257269471
2015-03-25 23:00:00,11,168.560869250706,412.105884031539,94.0902223949153,39.5112095965447
2015-03-26 00:00:00,11,147.174568512439,497.596221552828,96.1411264221827,46.8100478598177
2015-03-26 01:00:00,11,190.004234272204,396.61373294374,101.974975774145,24.6975172119449
2015-03-26 02:00:00,11,169.893769375721,502.892366937378,100.702044368979,38.722048070427
2015-03-26 03:00:00,11,174.362641939151,483.392957987618,102.491010027632,51.748415693001
2015-03-26 04:00:00,11,173.542285901581,402.766775395231,103.066949814686,40.70197121834
2015-03-26 05:00:00,11,182.635220185822,510.50301905823,109.391454057796,36.1612438002752
2015-03-26 06:00:00,11,145.487188269425,511.887293720796,98.014760212078,37.6905516119237
2015-03-26 07:00:00,11,155.576454581237,405.750667564617,107.379356667653,46.3194556497532
2015-03-26 08:00:00,11,161.975187023566,500.86622470836,103.281636908691,32.0254786142639
2015-03-26 09:00:00,11,150.283504824666,466.059763934658,124.153020107122,39.7916226701429
2015-03-26 10:00:00,11,181.591521534329,476.575089462862,91.1356796733417,29.594151460195
2015-03-26 11:00:00,11,150.780157228617,467.945555804932,96.6861487893677,40.8729009497782
2015-03-26 12:00:00,11,172.180984007178,473.437015740451,100.639177811211,35.3573394621027
2015-03-26 13:00:00,11,168.548805952106,427.153274032078,111.969168543811,33.7376290282929
2015-03-26 14:00:00,11,167.882924744833,372.758493620635,95.3092542172778,35.3175045222409
2015-03-26 15:00:00,11,199.417239880069,540.890868258494,93.0576732281931,40.2855351818018
2015-03-26 16:00:00,11,175.707333627334,440.069091638738,113.061149642506,44.4486353401739
2015-03-26 17:00:00,11,156.085217280672,531.259836236494,101.84282668308,35.4150099240196
2015-03-26 18:00:00,11,170.123351922171,469.82913994299,97.7391322173615,40.6597056418695
2015-03-26 19:00:00,11,174.007914625844,519.353662801534,106.088803238552,38.1163167825774
2015-03-26 20:00:00,11,180.938046508557,476.151688925439,93.6125277487431,38.8952004081013
2015-03-26 21:00:00,11,167.236892589982,444.032589141527,123.548752973624,33.4615487212958
2015-03-26 22:00:00,11,157.542392090283,360.859727603514,103.667127293333,49.1130390466074
2015-03-26 23:00:00,11,186.460417578437,416.77868610172,91.0254981033247,48.6299771121309
2015-03-27 00:00:00,11,157.781705345373,429.449667708628,108.581999261154,35.313811631953
2015-03-27 01:00:00,11,167.493088040676,535.629495231716,84.5263988285761,42.1555804936597
2015-03-27 02:00:00,11,173.518375507877,405.356801331662,97.7533800825128,46.1254454979792
2015-03-27 03:00:00,11,175.709038134727,339.821670017501,90.8120080413857,42.2082016229278
2015-03-27 04:00:00,11,181.031478223955,453.11163742506,92.2899190616427,42.8456526052166
2015-03-27 05:00:00,11,146.60553141841,419.550981978209,86.1768919984456,46.0977123782621
2015-03-27 06:00:00,11,192.631752892807,441.020506585199,104.77282722007,42.1208522537212
2015-03-27 07:00:00,11,168.935978444986,467.730064361219,104.200106049143,45.0577254650296
2015-03-27 08:00:00,11,198.763082956288,366.908763624979,123.045532350293,39.8761887976736
2015-03-27 09:00:00,11,138.480635596025,474.339839707047,105.258312494543,41.8802404672684
2015-03-27 10:00:00,11,183.499646081926,528.804475938875,87.0455940040795,43.7748363601305
2015-03-27 11:00:00,11,185.224197427051,457.65194921153,78.8687574003839,34.4022230751154
2015-03-27 12:00:00,11,160.337011980599,347.344800680885,94.0225678081838,38.2293052961753
2015-03-27 13:00:00,11,152.905386010813,379.394744589686,120.329933725276,51.1372658847709
2015-03-27 14:00:00,11,186.264553077993,429.313840751896,103.357885489289,49.7112694301004
2015-03-27 15:00:00,11,175.112071638427,470.432254100278,94.1677080084767,42.549531434054
2015-03-27 16:00:00,11,174.21291584279,468.323512188841,107.369131229397,40.8161176814858
2015-03-27 17:00:00,11,201.387175758603,531.956059350496,114.030929859931,46.3905539312594
2015-03-27 18:00:00,11,166.078397041291,377.861198452186,105.676852828309,42.55376233972
2015-03-27 19:00:00,11,150.294577137253,400.065363507961,104.703613817944,35.1667884165323
2015-03-27 20:00:00,11,188.607852939572,561.210110052489,109.734108566728,41.7959772451899
2015-03-27 21:00:00,11,131.523743625092,431.469456556615,110.643556690658,33.4354440187674
2015-03-27 22:00:00,11,166.498568588688,450.471702751185,123.519319786902,50.0567535051316
2015-03-27 23:00:00,11,206.32173806175,404.823524194369,76.0877025536742,48.8763465479092
2015-03-28 00:00:00,11,149.648886966896,492.586354272395,91.2735561392889,41.5462038289788
2015-03-28 01:00:00,11,170.655021078391,462.522259183203,78.5535684766758,46.0644462590409
2015-03-28 02:00:00,11,175.645248526948,443.232877910452,96.919190143783,42.9224817621973
2015-03-28 03:00:00,11,121.332560591609,509.825714160641,101.069507862943,40.8398649986387
2015-03-28 04:00:00,11,142.833701560274,449.402186030001,95.1048201352689,35.392827334628
2015-03-28 05:00:00,11,179.998631300382,496.629344645535,100.589675107997,38.3277125122328
2015-03-28 06:00:00,11,157.564718655598,499.492796594887,96.1251757559388,33.5102109879665
2015-03-28 07:00:00,11,165.081554686853,430.955547957343,92.5603907155048,37.3527943467858
2015-03-28 08:00:00,11,181.747198591185,435.41639376866,95.6556727018589,35.4747203954788
2015-03-28 09:00:00,11,173.861112743456,444.532030182277,81.4100484001819,35.105298503894
2015-03-28 10:00:00,11,184.441974943412,419.718114660894,97.1033423494636,34.2793222171323
2015-03-28 11:00:00,11,151.400166500678,462.605023619102,114.271518498738,34.5574549402526
2015-03-28 12:00:00,11,180.075095132035,392.546334566794,104.975507639496,40.4644940687909
2015-03-28 13:00:00,11,165.71053551536,434.883373101851,92.5902083369274,38.359367243282
2015-03-28 14:00:00,11,141.857409583062,416.958001302209,105.054031174375,41.1928290552698
2015-03-28 15:00:00,11,156.713903466218,463.221700429239,112.44759839187,34.771186470276
2015-03-28 16:00:00,11,155.148242959052,394.409894478702,99.9634857933692,38.2449573675578
2015-03-28 17:00:00,11,160.573904700814,495.186069776568,101.722912489136,38.1040489129736
2015-03-28 18:00:00,11,175.258329807954,412.588567455809,116.199031852604,41.9536865622178
2015-03-28 19:00:00,11,180.83715924586,418.091076092497,97.5227392006089,39.4665576325914
2015-03-28 20:00:00,11,159.58730110652,461.606701506444,95.9504257523456,42.0751580010808
2015-03-28 21:00:00,11,177.1893761732,495.124218237926,106.943283165462,41.6272490458709
2015-03-28 22:00:00,11,158.488373306259,434.057572843286,93.4782519814572,36.9334083306295
2015-03-28 23:00:00,11,170.388731264292,465.90816396587,89.7379131700488,34.2926066781749
2015-03-29 00:00:00,11,189.528958239594,590.658754192362,102.420625191325,31.2546616713279
2015-03-29 01:00:00,11,169.702579431213,478.798870288872,92.6786471920028,47.842042357171
2015-03-29 02:00:00,11,171.784810132375,370.472092884288,93.585099980154,36.6528809405735
2015-03-29 03:00:00,11,184.718871933182,496.613874051443,109.111299207959,45.7942314057851
2015-03-29 04:00:00,11,160.678634165424,535.40473767465,111.209868387695,29.3319342039968
2015-03-29 05:00:00,11,156.244554202588,499.7419469504,102.761848215277,40.6315672307296
2015-03-29 06:00:00,11,187.280649842948,438.843267972573,94.3215003187102,37.7822657423679
2015-03-29 07:00:00,11,179.715102940625,443.193009904759,107.502318307984,39.9441726846411
2015-03-29 08:00:00,11,166.105282657021,431.873228548401,104.882312460553,40.7182658263612
2015-03-29 09:00:00,11,187.655828129653,499.25958238649,90.7274062295693,41.3351104097212
2015-03-29 10:00:00,11,169.598223712634,458.28007948485,104.598850992781,40.6441228082714
2015-03-29 11:00:00,11,208.712085046336,400.641572788483,91.3599494518249,38.5995339845667
2015-03-29 12:00:00,11,162.98959422716,462.781858398386,101.009764421491,37.0623955085632
2015-03-29 13:00:00,11,204.820992066903,404.312554465364,90.8093971938141,46.0381532382582
2015-03-29 14:00:00,11,166.662445283406,380.251732534611,93.7848769199419,46.4617563282584
2015-03-29 15:00:00,11,160.319224647895,408.633218082404,93.376301330265,46.4054343005045
2015-03-29 16:00:00,11,189.283956062759,447.279676108701,85.3138370083677,38.227441057937
2015-03-29 17:00:00,11,171.78658045768,442.322896296861,86.5530393248776,36.1931970509949
2015-03-29 18:00:00,11,166.693596183417,528.131151279119,106.906775835428,42.7727885879986
2015-03-29 19:00:00,11,163.192126377182,411.683520910638,101.394973680144,34.0816488385964
2015-03-29 20:00:00,11,180.649357174347,494.946333239298,101.881812008128,32.3718358474502
2015-03-29 21:00:00,11,183.873107169867,468.490031600879,96.1837788038109,43.9247657087264
2015-03-29 22:00:00,11,162.275250805532,337.556655737406,108.35930418538,38.2215856901484
2015-03-29 23:00:00,11,177.864412786928,433.765288446546,105.681665729112,38.2033302898272
2015-03-30 00:00:00,11,193.535235398476,424.044308459681,107.427719086068,36.7014168453795
2015-03-30 01:00:00,11,182.495637840589,442.537509896175,104.524211536123,39.7278796435566
2015-03-30 02:00:00,11,166.02858684252,405.258238203737,112.94901006355,38.5123262305177
2015-03-30 03:00:00,11,174.995278730697,513.486898762433,97.2678774805014,39.7456443804545
2015-03-30 04:00:00,11,210.140448426021,485.76600076934,108.097160531949,53.1109399170709
2015-03-30 05:00:00,11,187.113118942158,410.912143997765,126.198121667676,35.770601271692
2015-03-30 06:00:00,11,173.011968664634,443.614951728136,103.719712615771,34.6154857101818
2015-03-30 07:00:00,11,175.990079691812,555.998434494534,105.723804371881,36.1784799808846
2015-03-30 08:00:00,11,190.326839062131,436.887061138382,98.9940592727831,49.4847610990193
2015-03-30 09:00:00,11,183.642251403401,495.673837070645,110.821887951272,47.8925583028935
2015-03-30 10:00:00,11,212.111974334753,503.519647434031,80.86156406193,43.2478735367983
2015-03-30 11:00:00,11,202.010899051398,466.361274062265,102.068765980558,45.5600553451139
2015-03-30 12:00:00,11,199.707316271901,542.713606350134,117.303297818767,36.365176633771
2015-03-30 13:00:00,11,166.527640217217,415.038897362695,83.2315863809027,32.7867969462636
2015-03-30 14:00:00,11,185.931342167961,389.086756241051,103.645841981272,35.8604948104232
2015-03-30 15:00:00,11,193.388121217016,452.603493896049,81.9016742355169,41.8131037148978
2015-03-30 16:00:00,11,205.056811671876,432.456503473224,90.3120187027317,45.2850347756183
2015-03-30 17:00:00,11,197.394324807354,507.658563470597,95.076601533368,39.0980432386877
2015-03-30 18:00:00,11,173.400737488498,493.925276851328,117.885821004748,44.880225616916
2015-03-30 19:00:00,11,209.53523724527,501.319830048092,89.0376751298079,46.3647083161468
2015-03-30 20:00:00,11,189.527922430084,363.961367437649,82.3980914045032,40.8443450624752
2015-03-30 21:00:00,11,170.584308011306,463.909939707437,107.829389631536,39.8033700181172
2015-03-30 22:00:00,11,165.774262985557,486.855014813675,106.372590275731,44.2676480710168
2015-03-30 23:00:00,11,184.029103795023,468.170961481158,113.759295468895,35.2865946235632
2015-03-31 00:00:00,11,180.650399298787,418.799700620016,112.77775724291,30.7032856502889
2015-03-31 01:00:00,11,171.123504533436,425.62925595607,105.174568819157,47.4051693764213
2015-03-31 02:00:00,11,153.946415815962,391.070390940186,104.701475775395,43.5054129841723
2015-03-31 03:00:00,11,190.649020042412,509.337428811364,86.5306364901391,36.3135654555195
2015-03-31 04:00:00,11,179.720483445859,413.025197671986,109.017351872939,40.241011058438
2015-03-31 05:00:00,11,209.627677680036,463.489755524944,105.540546851062,36.8517384102939
2015-03-31 06:00:00,11,180.397191829486,463.070296211776,104.613912638114,36.0028882890282
2015-03-31 07:00:00,11,197.774952671211,402.722552253622,91.9694934361926,38.8951715533196
2015-03-31 08:00:00,11,186.348706627325,474.310568930616,124.466013811224,45.6946113605972
2015-03-31 09:00:00,11,153.811456978962,463.879358530236,94.8876706337278,38.2482997972678
2015-03-31 10:00:00,11,218.344046971868,454.133003611784,92.2436171092633,48.4719513937288
2015-03-31 11:00:00,11,185.254503866549,395.312947137588,96.3587256249308,43.2897986628255
2015-03-31 12:00:00,11,188.172723376641,490.863645627385,114.701840737785,41.7293959315529
2015-03-31 13:00:00,11,197.271856494793,474.342370171983,91.0545434711151,29.0429803224421
2015-03-31 14:00:00,11,204.79317814322,452.554700609615,106.743154455846,38.6847803994111
2015-03-31 15:00:00,11,185.876613624051,372.239406274638,102.620746449843,37.5323750086757
2015-03-31 16:00:00,11,188.024578566982,454.159410090756,106.587246487427,39.633543161123
2015-03-31 17:00:00,11,201.753745041055,463.52989984454,95.7946711848757,45.0844237114476
2015-03-31 18:00:00,11,208.144762856512,454.304376126724,100.702552730094,33.3216612209278
2015-03-31 19:00:00,11,215.855473147461,381.427741702338,104.136612425698,40.0339278710073
2015-03-31 20:00:00,11,167.929943198416,383.489662889179,101.057909500806,42.8720390961403
2015-03-31 21:00:00,11,203.099201402439,404.792551684948,90.8481963137796,42.9614955023812
2015-03-31 22:00:00,11,206.848580606048,387.748210039183,99.5838450265323,42.2689048619983
2015-03-31 23:00:00,11,197.746667198597,410.726687844559,120.231378111151,36.0169470085874
2015-04-01 00:00:00,11,187.216845972917,397.848627475456,110.113908332679,43.3354124277816
2015-04-01 01:00:00,11,175.067097423771,425.684837895354,103.58459933192,37.3857319382288
2015-04-01 02:00:00,11,201.395908614145,443.695822028446,116.64724528856,44.921621977117
2015-04-01 03:00:00,11,184.101843013952,415.600442834669,94.063429909552,39.7131370800445
2015-04-01 04:00:00,11,193.644073152757,478.605165356348,115.808100822443,39.0066485484042
2015-04-01 05:00:00,11,172.513557697784,374.586980229029,98.490076546642,49.1760585453025
2015-04-01 06:00:00,11,189.647402771556,444.447283978146,88.9688948021662,40.9796031661377
2015-04-01 07:00:00,11,189.251619184016,522.989443278422,115.138365967998,29.3489254923236
2015-04-01 08:00:00,11,177.944409420568,418.67138632313,105.93831467972,36.132083456054
2015-04-01 09:00:00,11,173.523963010904,458.15257094321,100.659844792952,34.6966651428826
2015-04-01 10:00:00,11,180.388343140167,490.213887940947,113.287623105256,38.7182530127606
2015-04-01 11:00:00,11,141.886096620376,406.877479925116,108.770720730108,41.9986251852906
2015-04-01 12:00:00,11,163.02996646762,486.364121410926,104.713519753962,47.4529035093438
2015-04-01 13:00:00,11,158.198684930361,538.144109349776,101.964969750893,48.7297524645911
2015-04-01 14:00:00,11,173.121340451873,450.446935552366,99.563710248314,40.9418169367394
2015-04-01 15:00:00,11,154.608538786893,470.183174225463,108.144259392282,33.8357810371704
2015-04-01 16:00:00,11,192.342856063783,430.528526473172,111.991552741677,38.876161795173
2015-04-01 17:00:00,11,180.291996504438,419.441058745667,97.8209197782706,46.8043788880221
2015-04-01 18:00:00,11,150.773268886229,409.069563731409,102.970571612717,26.9291015722796
2015-04-01 19:00:00,11,158.051886267171,459.366274482637,104.774360564311,38.68845229095
2015-04-01 20:00:00,11,157.59843520389,447.616858900435,105.686391729086,39.6942278138016
2015-04-01 21:00:00,11,195.097629318321,413.286405648917,108.410110972883,35.4526657126049
2015-04-01 22:00:00,11,174.499525738772,556.623703396145,103.027631190594,44.6756431176365
2015-04-01 23:00:00,11,170.056994432971,393.613919424997,102.772276495181,38.6224208254691
2015-04-02 00:00:00,11,163.240417799464,488.128375427859,124.539749908805,38.8987958914175
2015-04-02 01:00:00,11,161.084506564915,473.556366177675,87.3005097592886,30.829515723112
2015-04-02 02:00:00,11,156.622762546293,442.44453058009,115.000495741861,39.672002555731
2015-04-02 03:00:00,11,185.011365363633,437.513613037229,75.6257840622462,44.6994111573527
2015-04-02 04:00:00,11,156.912588199255,393.038610466014,87.5418651217547,38.1942453954547
2015-04-02 05:00:00,11,177.907909200723,467.887024442791,103.423658571039,41.7933930252121
2015-04-02 06:00:00,11,137.630835048292,421.329996410408,95.9848437089333,42.7153819145506
2015-04-02 07:00:00,11,186.745800984306,450.721276096001,121.881131341188,43.4334009593857
2015-04-02 08:00:00,11,176.846452610333,315.471654266063,109.436689506777,39.5827096309004
2015-04-02 09:00:00,11,167.660896598127,408.145541379068,95.8548088788812,44.5435795455404
2015-04-02 10:00:00,11,173.073547331785,384.045675845589,127.575767202478,45.1893345937995
2015-04-02 11:00:00,11,185.373567121827,456.777007883891,106.961426223323,39.7357318653611
2015-04-02 12:00:00,11,199.744856703982,449.851446797981,90.6229710551788,51.3047697121766
2015-04-02 13:00:00,11,174.321184071616,395.851238459526,116.472472254992,42.61132708834
2015-04-02 14:00:00,11,163.827705224395,389.601111510283,100.989441923067,37.370672605333
2015-04-02 15:00:00,11,155.741363913259,433.251620727951,96.4791060996396,45.0212006310282
2015-04-02 16:00:00,11,182.266269094883,460.236438662152,72.135793055872,39.893453832157
2015-04-02 17:00:00,11,165.08003706642,381.595183359375,97.6356231804456,49.2769361752592
2015-04-02 18:00:00,11,179.017112227038,435.388947876105,92.0774840894545,45.7412316671156
2015-04-02 19:00:00,11,170.686413211786,360.166399358835,108.969421201642,43.9675015882897
2015-04-02 20:00:00,11,176.677772291799,411.321019096868,96.640264697029,32.9010137261934
2015-04-02 21:00:00,11,190.790219234027,460.843181740082,106.317847363377,45.3792761855987
2015-04-02 22:00:00,11,197.104178618283,473.224663130981,108.794545164233,37.2638348648415
2015-04-02 23:00:00,11,154.836920177736,481.131665148239,99.1537866382339,43.8365415749027
2015-04-03 00:00:00,11,167.14280410679,391.161524526356,99.8636872676734,38.9408242626757
2015-04-03 01:00:00,11,143.610187234313,512.230371729543,93.0825703558811,40.5322475066676
2015-04-03 02:00:00,11,167.909824590354,467.850779326444,84.7995291651581,42.3696428198402
2015-04-03 03:00:00,11,192.998477845222,460.176215185505,104.131036248312,48.4691750084486
2015-04-03 04:00:00,11,171.774508997596,447.985009901609,97.2328959234625,38.4572592421997
2015-04-03 05:00:00,11,169.824323600978,495.815767739045,88.0321774179999,33.1122175191587
2015-04-03 06:00:00,11,185.551937713245,513.833605532605,97.1526505729564,52.8420462507225
2015-04-03 07:00:00,11,170.703691019629,499.361055508117,102.712336118568,38.5246579976002
2015-04-03 08:00:00,11,190.826982753755,550.417930851309,102.05976657007,35.9021398152833
2015-04-03 09:00:00,11,185.556876447508,519.606572787242,109.030064552039,37.3639978707507
2015-04-03 10:00:00,11,175.47524159097,359.827508998228,102.818628307322,35.8386169161126
2015-04-03 11:00:00,11,154.74985547964,496.383588874416,96.9770474440908,38.4889685007901
2015-04-03 12:00:00,11,170.00488399449,385.794002809568,98.7016951046838,36.364339285106
2015-04-03 13:00:00,11,161.925310578667,369.113097838761,108.00708068451,35.1907562917163
2015-04-03 14:00:00,11,165.710671221655,436.723089338146,118.013517599042,45.0957928642371
2015-04-03 15:00:00,11,176.972417669247,434.23065484861,107.948709975848,42.2086138413319
2015-04-03 16:00:00,11,146.809073591629,463.147512072109,101.254032269825,36.8087832707151
2015-04-03 17:00:00,11,168.512629659707,436.52737662638,102.13339820261,45.0220076922078
2015-04-03 18:00:00,11,151.693367558035,465.33788761343,96.3136661434086,39.6780266632329
2015-04-03 19:00:00,11,184.114024456921,376.192625493817,78.3011209167377,44.9940276440257
2015-04-03 20:00:00,11,172.574794058304,398.946250462291,85.2597621290117,43.2242608988183
2015-04-03 21:00:00,11,171.93939051885,479.85068018668,74.8322310489342,45.5353742932648
2015-04-03 22:00:00,11,167.512085825094,497.684034853047,77.5080341654039,30.3914241129084
2015-04-03 23:00:00,11,180.728837846015,418.707106185508,102.416040024041,40.5574910022122
2015-04-04 00:00:00,11,165.408192241794,394.807584564768,94.723425597068,35.042649504907
2015-04-04 01:00:00,11,156.850402398664,446.130184870832,112.784694509595,37.4091953750611
2015-04-04 02:00:00,11,152.250748989495,405.60927656226,100.223886680494,41.3398608094332
2015-04-04 03:00:00,11,158.052874858203,418.462537005995,105.053272086389,38.4258206270541
2015-04-04 04:00:00,11,197.279361437014,480.685428484995,89.8780126714732,37.0984719820181
2015-04-04 05:00:00,11,171.143568906391,456.966786332735,117.449642689493,36.4524675081
2015-04-04 06:00:00,11,149.460571118606,388.272283999214,94.1141039392044,36.6571071266348
2015-04-04 07:00:00,11,174.094913647778,506.275870238619,105.361845802908,45.8444675291712
2015-04-04 08:00:00,11,183.598700965608,438.711905340016,91.6679987797079,48.1743301855577
2015-04-04 09:00:00,11,163.08065890026,438.93792684943,111.931863858751,38.4698194148209
2015-04-04 10:00:00,11,155.179556892435,511.759857184887,108.781705904084,42.6387153837102
2015-04-04 11:00:00,11,154.440041725636,484.947046718625,82.378701988645,41.0971991989088
2015-04-04 12:00:00,11,182.612147624889,478.902267102687,111.957836201732,34.420412346017
2015-04-04 13:00:00,11,143.710519614524,399.80101878651,112.205244062493,40.9238632113003
2015-04-04 14:00:00,11,157.202802248882,480.05358681794,109.001669765226,35.6160086476374
2015-04-04 15:00:00,11,165.632914352176,465.756958702053,116.591381986113,42.6883775961569
2015-04-04 16:00:00,11,173.18663091967,506.986202930555,96.031810900903,38.6611713244227
2015-04-04 17:00:00,11,174.938200214225,507.903901644242,103.664143933443,45.014117472753
2015-04-04 18:00:00,11,180.131053778099,301.09082101034,117.769643395306,47.8520414716305
2015-04-04 19:00:00,11,178.035491818102,388.694284272996,96.0210026178009,39.6643934291087
2015-04-04 20:00:00,11,179.62448871718,405.549275263905,98.9674928405006,34.2063747907817
2015-04-04 21:00:00,11,177.437608567031,506.512254784716,87.7528660361084,40.9660822695457
2015-04-04 22:00:00,11,168.996781355052,480.86340172762,104.474875320422,41.9891429157919
2015-04-04 23:00:00,11,190.242524562052,459.009426208465,102.485353800433,37.0429356485362
2015-04-05 00:00:00,11,178.915116042045,414.113252688328,108.468565351881,46.1291421390183
2015-04-05 01:00:00,11,183.698983014832,431.136254721587,113.975554322615,41.3742019203923
2015-04-05 02:00:00,11,191.9610078573,413.780947771242,112.613087373529,43.8957607489021
2015-04-05 03:00:00,11,179.059646402375,424.833475192709,96.2782588093864,40.4730425393673
2015-04-05 04:00:00,11,166.213243067308,409.163643699483,104.824588274436,32.9190202382955
2015-04-05 05:00:00,11,194.352106935859,398.468800493189,103.17896665669,44.0052876120956
2015-04-05 06:00:00,11,166.837666768047,409.131494932951,99.2667506114045,35.7079021181669
2015-04-05 07:00:00,11,164.007022729299,486.502326540153,112.97102485428,32.1843890213883
2015-04-05 08:00:00,11,163.694481728518,421.913115313251,103.325581908342,30.8562501086544
2015-04-05 09:00:00,11,184.248882717714,321.569054325983,91.3462452540006,43.4025180003587
2015-04-05 10:00:00,11,176.468849220673,361.623605929855,96.889583100953,39.2369304413606
2015-04-05 11:00:00,11,169.530742335372,380.696820412736,94.9441205135777,41.8193200066938
2015-04-05 12:00:00,11,185.69255332384,455.352682920933,93.6852491503353,41.1383155054491
2015-04-05 13:00:00,11,163.131632917,494.990353587159,94.5284743303116,37.3255760605008
2015-04-05 14:00:00,11,192.475078528619,571.943721966553,107.83035135282,36.9134404412098
2015-04-05 15:00:00,11,183.177685104458,407.815486099448,93.9686703115564,41.5445662080991
2015-04-05 16:00:00,11,146.242846078714,418.714003699482,109.234678528089,40.1877003357112
2015-04-05 17:00:00,11,163.907143805574,373.726901698912,89.9293436313387,31.7988333424098
2015-04-05 18:00:00,11,186.64982313024,452.640441872456,83.3609281963233,49.1515523015899
2015-04-05 19:00:00,11,139.756276323559,511.836660078014,116.958532007744,49.5642691229805
2015-04-05 20:00:00,11,178.747723332423,434.457398801423,85.713995334936,29.8678958493268
2015-04-05 21:00:00,11,184.635259050342,405.518246279332,108.022894525606,47.443241332229
2015-04-05 22:00:00,11,169.022562326636,371.129601517455,94.6434129922002,46.8873875239936
2015-04-05 23:00:00,11,166.005033720744,471.993210111129,105.388374525148,38.7773546776778
2015-04-06 00:00:00,11,159.463408873057,429.257192211053,90.3028081103566,35.8692739994994
2015-04-06 01:00:00,11,169.409533381921,490.009876431647,139.453896651291,31.6527853545077
2015-04-06 02:00:00,11,185.098679310774,438.958828173766,100.21239657651,34.3565123729202
2015-04-06 03:00:00,11,186.252136053125,442.897263067992,122.759254473529,44.6389273079037
2015-04-06 04:00:00,11,136.702670718544,426.174130263216,89.6263555047471,46.6421330692258
2015-04-06 05:00:00,11,166.7683369068,479.304168666381,99.3298947720614,43.4738973011124
2015-04-06 06:00:00,11,162.689817438763,506.269747953641,99.3301190331534,42.0713887232943
2015-04-06 07:00:00,11,169.174625176194,470.257943276266,94.5409103377104,40.3186774371075
2015-04-06 08:00:00,11,161.746153869686,452.289980528608,88.9649437734927,36.1697339679856
2015-04-06 09:00:00,11,181.929206401456,504.542859212647,112.488700093956,42.0010945700041
2015-04-06 10:00:00,11,167.994130204145,456.614271113633,98.6963397603241,33.0079621756592
2015-04-06 11:00:00,11,150.17012930523,499.408359448572,113.52730380244,30.0809173309914
2015-04-06 12:00:00,11,151.390672521556,423.495104211001,110.483796331709,34.2776984765631
2015-04-06 13:00:00,11,165.54777233406,452.87974453686,96.7880355115682,39.2727777241082
2015-04-06 14:00:00,11,185.179996071864,478.282300483159,100.50895080778,39.9250099741261
2015-04-06 15:00:00,11,144.123394785108,525.647297217236,99.5981157464505,35.8683920523623
2015-04-06 16:00:00,11,150.315634009119,309.218814775135,88.3860042163208,41.4087575645431
2015-04-06 17:00:00,11,162.313781722814,386.606687795868,122.566208981466,35.3246202068678
2015-04-06 18:00:00,11,185.55216196852,419.572805053142,94.0872428727351,39.966546471754
2015-04-06 19:00:00,11,175.973480329787,444.592270042451,97.2103649182306,42.9724916825497
2015-04-06 20:00:00,11,156.365712139576,431.678907829808,99.0940324815112,37.0747419430526
2015-04-06 21:00:00,11,171.467084275011,444.773619651092,104.206180233536,35.9141094461978
2015-04-06 22:00:00,11,150.389847405625,497.226496027828,80.4205415078225,43.0261203942285
2015-04-06 23:00:00,11,143.412226979895,477.572091574306,104.08147042393,52.6883038022274
2015-04-07 00:00:00,11,186.276577963843,476.230287029976,109.208015962947,45.7165651886156
2015-04-07 01:00:00,11,162.671226135979,515.226578743438,99.9751398916112,37.7949921302018
2015-04-07 02:00:00,11,139.937290612416,356.449241850986,94.6352200899387,36.6101109560599
2015-04-07 03:00:00,11,188.493469524652,452.40891885188,98.4295459507125,46.1875847786097
2015-04-07 04:00:00,11,163.790604060972,494.061487407062,97.1353430418204,34.140466934446
2015-04-07 05:00:00,11,159.889177651113,447.499388101981,106.783730152908,32.3576582725034
2015-04-07 06:00:00,11,183.692482582454,512.387886371204,120.562351529761,38.788355745794
2015-04-07 07:00:00,11,159.87432920594,529.307888042509,97.1304075701901,41.7497556767941
2015-04-07 08:00:00,11,188.233559315089,437.564288885583,112.951681799182,53.9447499731432
2015-04-07 09:00:00,11,170.347244982434,500.048951380886,115.008473619551,43.2394776123688
2015-04-07 10:00:00,11,186.41503432497,423.464993742537,105.242041053638,35.5292730376479
2015-04-07 11:00:00,11,200.842348534802,467.356289543036,117.799286981718,35.2586169360362
2015-04-07 12:00:00,11,160.906372669258,456.496104242319,117.721154406208,41.43393626298
2015-04-07 13:00:00,11,186.695302375011,463.923033753057,80.8912844631597,38.6252201664996
2015-04-07 14:00:00,11,180.339522557969,390.673758700177,91.3283267823975,42.7954852235626
2015-04-07 15:00:00,11,157.634131895954,474.042306116929,69.7941826623074,38.5064338940615
2015-04-07 16:00:00,11,161.117107592451,462.685745139742,93.3901615119562,37.6247200146711
2015-04-07 17:00:00,11,155.535438945812,474.251975954102,87.7822442831214,43.1099888442723
2015-04-07 18:00:00,11,177.318830788455,483.644975789651,109.623625049748,31.7720980523638
2015-04-07 19:00:00,11,142.14496524451,522.803609687701,108.434144268281,41.8659070266553
2015-04-07 20:00:00,11,158.942599937219,400.454832507209,85.5024341985313,30.2890066296749
2015-04-07 21:00:00,11,166.765592294827,502.477450326992,109.649717001195,40.6082264560579
2015-04-07 22:00:00,11,186.663740380369,546.018902832231,106.647113940177,31.7164655177545
2015-04-07 23:00:00,11,136.559900670442,442.420314396397,99.6650026766788,47.546781390674
2015-04-08 00:00:00,11,165.217673051257,558.630144358967,89.0792088698241,43.7794748786298
2015-04-08 01:00:00,11,166.011953225895,464.657473206177,128.357823272323,41.4919184196096
2015-04-08 02:00:00,11,175.438404471497,563.615961750952,114.931151701024,50.5797393300643
2015-04-08 03:00:00,11,156.828164589432,504.591599987592,99.189304169605,32.6287667716169
2015-04-08 04:00:00,11,158.626051853634,512.157586770816,93.4724636504189,34.5215991795612
2015-04-08 05:00:00,11,149.873048782195,381.449337280203,110.053912969455,34.7642452024543
2015-04-08 06:00:00,11,171.127014439085,429.727394060749,93.2497765132632,39.4521863991816
2015-04-08 07:00:00,11,162.452344893964,386.110213159724,85.0574609540443,40.7804519315835
2015-04-08 08:00:00,11,204.213814277009,456.719562453005,84.0775858657893,43.2851830199854
2015-04-08 09:00:00,11,162.03636662482,473.758916707248,89.2372067144624,40.5745288250339
2015-04-08 10:00:00,11,174.523772275514,368.818051595323,95.7971647109703,46.6274796759327
2015-04-08 11:00:00,11,160.732944138378,382.010198240767,89.9462554272141,38.4493426319414
2015-04-08 12:00:00,11,164.641039201723,503.966849990227,113.487212678981,41.4576064944238
2015-04-08 13:00:00,11,186.591150283562,387.111142175613,97.8767003216199,37.1812798283871
2015-04-08 14:00:00,11,173.947058263938,436.798106498245,120.965216831249,39.0369345207872
2015-04-08 15:00:00,11,189.673312476162,444.269727281181,99.802285909922,47.2588816713976
2015-04-08 16:00:00,11,158.53193338665,492.691401107611,91.1792577593521,34.7222212053645
2015-04-08 17:00:00,11,176.104291017178,440.697690126953,105.496955687538,32.5450341476731
2015-04-08 18:00:00,11,149.795955453491,522.662319066661,106.540816459462,37.2525596489092
2015-04-08 19:00:00,11,167.579420598815,471.955069690621,93.1770907339635,33.2597282835155
2015-04-08 20:00:00,11,163.734691099962,463.650823522401,103.830805943034,37.6022233333992
2015-04-08 21:00:00,11,187.264744906678,492.674481308898,102.602058667937,49.1377073942371
2015-04-08 22:00:00,11,169.641375194578,353.784454604715,78.3784038744048,34.2633637735891
2015-04-08 23:00:00,11,166.119267273541,445.573129209825,103.499734517273,36.7345727131836
2015-04-09 00:00:00,11,171.566016229902,467.658428287997,107.55048167659,38.6620878045688
2015-04-09 01:00:00,11,155.71330750522,396.644731810632,112.207775201022,38.3519971057066
2015-04-09 02:00:00,11,175.478448092813,406.685637564466,87.3234666465055,41.312044603521
2015-04-09 03:00:00,11,175.065041943582,416.477034787257,101.380539676629,34.1899539398766
2015-04-09 04:00:00,11,173.641592938588,372.232731004531,92.5278788948967,44.7001610863151
2015-04-09 05:00:00,11,167.394894442385,465.371550921721,103.2257612322,41.8848849145306
2015-04-09 06:00:00,11,171.091928354936,416.885057545613,98.6527431997495,43.1216369367043
2015-04-09 07:00:00,11,195.108772972981,458.740881149196,115.537117820852,37.4414560828152
2015-04-09 08:00:00,11,180.311584319929,458.467255300403,96.9711108666458,44.0665129142593
2015-04-09 09:00:00,11,180.974003135489,479.863960601797,101.211750640756,42.2945140140668
2015-04-09 10:00:00,11,178.313755770847,461.258596584885,100.536529248261,36.3768832208334
2015-04-09 11:00:00,11,204.281544822274,419.644119375383,98.8795909376733,37.7401129577012
2015-04-09 12:00:00,11,168.701822867045,463.557606054988,93.1258835820233,47.1868703060137
2015-04-09 13:00:00,11,169.843706124346,400.869741207666,77.6547141776426,44.624057349939
2015-04-09 14:00:00,11,168.861600762149,435.634308087964,93.6601538371253,47.7802326005316
2015-04-09 15:00:00,11,175.148971513547,450.785076968292,109.738207039021,33.4287779776967
2015-04-09 16:00:00,11,169.469663540343,526.087790868689,115.151792109102,37.0811508868886
2015-04-09 17:00:00,11,163.242080219258,493.597663924403,102.692493889904,46.0094190514212
2015-04-09 18:00:00,11,129.658142705729,495.242971157045,89.414821036263,44.8850663459561
2015-04-09 19:00:00,11,180.252717053933,523.514628071127,83.0909984950895,39.6847068268334
2015-04-09 20:00:00,11,146.775021790489,427.25471314182,75.8458712962657,38.0286161640755
2015-04-09 21:00:00,11,166.101380219949,489.113936298823,98.8694579196915,41.3772631314653
2015-04-09 22:00:00,11,165.231972728959,390.662612131155,119.98895970155,46.5151470184289
2015-04-09 23:00:00,11,172.117604558246,364.550148712605,94.1151340649242,41.1112633074911
2015-04-10 00:00:00,11,186.668664076445,404.032810270157,90.452772094337,38.0417617490609
2015-04-10 01:00:00,11,179.771753540049,382.174057828467,102.460293696505,48.8855568989769
2015-04-10 02:00:00,11,170.89303790484,471.026561326237,97.6714674298547,45.6278039630094
2015-04-10 03:00:00,11,158.148377094697,394.115836793593,117.768857614823,37.6080227887306
2015-04-10 04:00:00,11,188.309010486809,427.75612644747,100.773399271857,42.5218745186454
2015-04-10 05:00:00,11,171.669393425178,451.829987123954,95.8404498787068,36.7194564628782
2015-04-10 06:00:00,11,140.952116703157,386.914888036775,94.8719521294747,43.3079673442663
2015-04-10 07:00:00,11,155.234879049583,350.104247940523,99.3963313863067,38.2699746292155
2015-04-10 08:00:00,11,171.086770730602,524.024781368896,116.456358306003,44.9273071242214
2015-04-10 09:00:00,11,191.659044985309,450.184578076697,97.383879532862,42.8301934842919
2015-04-10 10:00:00,11,162.681991845737,380.756530172225,93.3643949576156,42.6703350585721
2015-04-10 11:00:00,11,157.359101814163,393.791883429449,89.8204636457801,45.1678840435837
2015-04-10 12:00:00,11,157.337312906536,490.3341561209,95.7484883969654,31.08692731818
2015-04-10 13:00:00,11,147.02616410169,468.775481766243,96.3445195519885,43.2219275880607
2015-04-10 14:00:00,11,175.294700730511,538.074334540759,106.503077826293,35.3745408844711
2015-04-10 15:00:00,11,170.734858998264,349.248098704154,100.710012882674,36.3985640424032
2015-04-10 16:00:00,11,163.766995350282,461.97648051268,100.925083323126,39.3338987541857
2015-04-10 17:00:00,11,171.069783805038,361.660612099109,90.9206856429088,43.6829119873008
2015-04-10 18:00:00,11,155.450791822999,490.856547661849,93.2998516185032,46.6163857137567
2015-04-10 19:00:00,11,169.990908298012,486.312304336541,104.69865975734,44.8123598558842
2015-04-10 20:00:00,11,190.396982637161,342.049620420577,91.1811442074164,39.5882260774596
2015-04-10 21:00:00,11,174.783420418202,379.184866550809,91.6218502336587,38.4460669828285
2015-04-10 22:00:00,11,153.988097061281,450.373486094516,109.239797796772,35.8468417852305
2015-04-10 23:00:00,11,168.989109325335,414.650023752207,100.314871126317,36.3672493748373
2015-04-11 00:00:00,11,191.321835673041,541.418655813007,84.2841833065703,38.0962175465143
2015-04-11 01:00:00,11,176.688340870537,481.997607752183,84.8494130281663,45.3264294179157
2015-04-11 02:00:00,11,158.28562766716,471.237891734419,112.701708702682,36.2981949960875
2015-04-11 03:00:00,11,149.149135621429,424.034920011658,94.1615653063484,39.7639869847409
2015-04-11 04:00:00,11,169.586577928954,470.6568535196,104.448873788916,43.6633273170832
2015-04-11 05:00:00,11,165.941935701685,409.895192156605,103.69680910466,43.9269416868026
2015-04-11 06:00:00,11,156.157905659371,452.584415367958,107.439568524308,44.7016358136385
2015-04-11 07:00:00,11,132.781632544455,427.399723309531,93.6139002893854,47.5461289430391
2015-04-11 08:00:00,11,178.532164602682,438.746724499945,104.362834465011,36.2014891763882
2015-04-11 09:00:00,11,175.966495878783,446.239131728384,104.013911170033,41.3460217239626
2015-04-11 10:00:00,11,151.157339185845,422.058681013919,96.1951590101134,34.4434325648778
2015-04-11 11:00:00,11,192.831386784657,466.920877960444,114.658579486365,35.8920589178513
2015-04-11 12:00:00,11,153.72198162928,510.519006148653,105.619327544975,40.7411870181118
2015-04-11 13:00:00,11,166.86003165249,561.891426347213,110.5656649491,33.5947765086062
2015-04-11 14:00:00,11,186.488045690508,461.742484900117,100.103334971133,46.2939368206456
2015-04-11 15:00:00,11,157.551159538012,370.849769304558,82.7830560455509,42.989388010732
2015-04-11 16:00:00,11,167.18201082774,368.774492032279,109.537889758734,48.281390642195
2015-04-11 17:00:00,11,208.330055882654,530.819666247305,91.0555046140429,32.5540456998321
2015-04-11 18:00:00,11,146.175138453167,522.101669046434,102.795405758224,40.2515125005624
2015-04-11 19:00:00,11,140.014525037148,434.196647795547,101.882801540043,41.7640748083232
2015-04-11 20:00:00,11,176.173987085014,461.611678447324,86.3114018900194,49.1052465062862
2015-04-11 21:00:00,11,174.680170171126,533.780521907282,88.3881083410299,36.5649032948553
2015-04-11 22:00:00,11,157.555394733012,455.074660408711,86.0593658504972,36.2348762670153
2015-04-11 23:00:00,11,142.581289541783,405.128632052072,95.5263667749941,45.2630174276853
2015-04-12 00:00:00,11,168.849517127451,425.326790503994,91.0790102140383,38.0149765671154
2015-04-12 01:00:00,11,189.637952323919,476.539742505064,88.8135102864415,45.7091459115164
2015-04-12 02:00:00,11,158.105905767854,475.049757512703,86.9703464226712,38.1940686105729
2015-04-12 03:00:00,11,139.427910613795,390.465803003366,92.9168154018755,33.1038432706945
2015-04-12 04:00:00,11,154.665384178982,413.854540793745,95.3660491235317,34.3415683895419
2015-04-12 05:00:00,11,175.671676063872,432.546073331304,95.5230468929154,31.8660472258476
2015-04-12 06:00:00,11,157.430389588802,443.347894455809,82.2371434155653,43.9234041411459
2015-04-12 07:00:00,11,178.569149745804,373.268028624462,125.065615033453,44.7012400918904
2015-04-12 08:00:00,11,191.049500870613,430.223612905155,98.6798669116558,40.2697466631584
2015-04-12 09:00:00,11,166.537570494874,436.154880002318,86.5899265365648,30.0448168319718
2015-04-12 10:00:00,11,177.798340925412,484.56212149504,94.7993127853177,43.0360144635432
2015-04-12 11:00:00,11,195.213756392663,542.538121737754,103.899405678935,37.2259851266971
2015-04-12 12:00:00,11,158.289630726451,474.405510390232,82.99357644664,39.4341821934362
2015-04-12 13:00:00,11,178.55454989134,448.996882911408,89.2821741080916,42.558256973354
2015-04-12 14:00:00,11,166.400785170524,365.219169586407,87.5235709077326,46.2680674928681
2015-04-12 15:00:00,11,145.534596216817,557.93887525795,90.9791229118061,40.7069897344398
2015-04-12 16:00:00,11,130.881159379901,515.158434169552,114.893263893743,39.4018686838246
2015-04-12 17:00:00,11,152.687116361975,504.090993469442,101.28197082747,39.6095037072276
2015-04-12 18:00:00,11,156.503102107574,404.175998966729,106.545071648267,44.2905585626604
2015-04-12 19:00:00,11,173.313384012195,434.28237967481,121.329221030784,41.4186073022029
2015-04-12 20:00:00,11,173.160149790913,421.202251599863,93.4196906589382,44.504533495712
2015-04-12 21:00:00,11,183.958850397859,484.488113359029,113.666715627765,43.9460746520363
2015-04-12 22:00:00,11,184.657655639976,455.090776180117,110.270235086318,47.6943419871161
2015-04-12 23:00:00,11,164.852996659802,343.852746390785,98.7718485971003,41.4988130195561
2015-04-13 00:00:00,11,177.522127382074,526.476502398151,110.679870805443,47.3801787068873
2015-04-13 01:00:00,11,187.057008044462,437.295016987942,98.1379866864463,41.0855765191837
2015-04-13 02:00:00,11,162.602483014427,513.622496558646,112.142075065025,38.8677466077983
2015-04-13 03:00:00,11,189.467881587171,413.343031188259,88.388599082698,38.5882287130777
2015-04-13 04:00:00,11,180.477178737632,488.399968220752,106.910543201377,41.0905149000207
2015-04-13 05:00:00,11,166.163526299571,409.92308899818,88.4304437884036,49.5594763956403
2015-04-13 06:00:00,11,148.921437061899,499.625748001452,113.77676955919,39.6016236838866
2015-04-13 07:00:00,11,159.275838108913,410.598050406464,119.663272049859,40.3882271049108
2015-04-13 08:00:00,11,167.811895759114,374.510013532926,102.362395958911,38.6912561636042
2015-04-13 09:00:00,11,185.452780930993,371.037030163471,95.7515152729472,33.291947474899
2015-04-13 10:00:00,11,155.538732281307,440.314160472241,110.92049479898,40.5997029664732
2015-04-13 11:00:00,11,163.382286108208,427.748647967822,106.059281294495,27.7309122012897
2015-04-13 12:00:00,11,170.687515612184,516.580202755006,111.459450301559,38.363147445174
2015-04-13 13:00:00,11,137.76189440265,358.130579488488,98.2647072818238,51.3149058466827
2015-04-13 14:00:00,11,181.959211116524,425.399173221804,91.1591432862827,49.8477835377647
2015-04-13 15:00:00,11,162.20536751165,439.224577271013,81.7731426508616,44.0589098050855
2015-04-13 16:00:00,11,134.886952332642,455.468046672929,86.7895304861867,34.4845849109422
2015-04-13 17:00:00,11,170.785455999828,556.026404853803,115.226254377673,48.7338462307648
2015-04-13 18:00:00,11,191.828835939201,438.715150081118,104.615900245121,45.6960110953076
2015-04-13 19:00:00,11,198.01440805015,503.383913481385,109.922489632165,47.6311900845237
2015-04-13 20:00:00,11,174.535585902552,409.390566877518,99.1433362834981,39.3229884811394
2015-04-13 21:00:00,11,164.123069101862,480.437824827932,90.0907948484178,33.7661844156686
2015-04-13 22:00:00,11,135.788300599687,436.635196843585,108.641946365549,35.7774352684903
2015-04-13 23:00:00,11,186.3862665491,495.399443808101,118.519842409279,41.2779874582918
2015-04-14 00:00:00,11,178.441508169932,349.119378832242,97.5891479839337,40.9479624962584
2015-04-14 01:00:00,11,186.570521479167,378.876699727797,93.141250626196,47.5225830135633
2015-04-14 02:00:00,11,168.942497270744,492.867324178439,95.370258291809,36.040692975682
2015-04-14 03:00:00,11,167.900770773738,448.941104998757,107.272001435386,36.0842048919896
2015-04-14 04:00:00,11,164.824597562589,529.595113260936,117.49223843404,37.8727505920861
2015-04-14 05:00:00,11,175.540853528521,482.70353841204,104.536241181203,39.9107632042134
2015-04-14 06:00:00,11,176.907605224809,415.98303249594,89.2102180863383,39.0303048309167
2015-04-14 07:00:00,11,166.257839781923,501.039570265586,118.592241345205,37.0066632192186
2015-04-14 08:00:00,11,149.122191346427,459.558690334697,93.4475498828525,29.9572586787081
2015-04-14 09:00:00,11,144.700296409306,439.223436651726,108.997410596528,42.4490660418329
2015-04-14 10:00:00,11,181.497619418033,518.362987232601,103.392052354734,42.3448254084107
2015-04-14 11:00:00,11,161.810379275836,461.207113120802,87.7343069237543,45.1559737503402
2015-04-14 12:00:00,11,183.801578281543,441.758811008083,104.487647576493,43.3152609995659
2015-04-14 13:00:00,11,176.738505770568,424.64502702439,100.094545241955,40.7084493495103
2015-04-14 14:00:00,11,152.983162573507,502.046697816154,83.5811018151543,38.4682585105341
2015-04-14 15:00:00,11,159.849994091934,412.987835962249,103.645898019709,33.9218242108559
2015-04-14 16:00:00,11,164.136752952566,494.581229383805,79.2534983786982,52.8690860658928
2015-04-14 17:00:00,11,174.836213832903,335.239798698837,99.8237177032135,47.5288634191908
2015-04-14 18:00:00,11,161.071193685043,457.408904205859,90.8195494674998,42.8270515382298
2015-04-14 19:00:00,11,165.241985538325,487.237475477151,85.3162425525101,43.6142165110534
2015-04-14 20:00:00,11,164.127857643504,406.896147489532,111.377050663872,37.5459432141101
2015-04-14 21:00:00,11,188.823345883487,458.325477328604,102.914005299976,32.2526791046475
2015-04-14 22:00:00,11,163.006924497438,508.424628333471,99.9080812655013,43.0549465511166
2015-04-14 23:00:00,11,173.293927384633,354.607807653185,91.2733249035848,43.0115903642778
2015-04-15 00:00:00,11,177.242124871256,426.906028387041,91.1693707633643,47.9476527712953
2015-04-15 01:00:00,11,198.886834930108,485.021852783364,92.66597924106,41.4762843106622
2015-04-15 02:00:00,11,173.469426620232,401.284817956029,120.958926128833,45.8639926872236
2015-04-15 03:00:00,11,162.353653935479,461.24679001552,97.2491792089913,50.8569456952757
2015-04-15 04:00:00,11,185.790804445331,503.770477107523,96.4942166199337,43.427786068563
2015-04-15 05:00:00,11,156.153174952856,343.890424204765,98.391911180009,42.2567823582057
2015-04-15 06:00:00,11,182.818690471651,503.843921574901,101.415869193127,40.6774846282797
2015-04-15 07:00:00,11,165.989074450731,447.948658210124,105.328900996435,36.7942930265907
2015-04-15 08:00:00,11,147.538772477339,422.798689196096,91.3880591237465,39.7036500396898
2015-04-15 09:00:00,11,185.170190856558,304.862226403925,80.5586966504736,34.6880696847787
2015-04-15 10:00:00,11,148.020432863845,416.303092197529,91.4896398039749,45.4785604269826
2015-04-15 11:00:00,11,190.695154982044,370.435714166902,98.8356843832368,47.3049859656134
2015-04-15 12:00:00,11,177.784099186645,369.298219592999,84.6941073956925,43.4366001365019
2015-04-15 13:00:00,11,136.555436012441,455.712539591159,102.399880373909,31.050452808553
2015-04-15 14:00:00,11,170.125074922622,494.233714593842,120.395737501123,43.2376805041562
2015-04-15 15:00:00,11,158.539525262793,459.090284506468,89.708884715107,38.1641765364106
2015-04-15 16:00:00,11,172.401751649421,504.491545507247,100.512918430913,39.3605894496646
2015-04-15 17:00:00,11,178.602527889717,429.465532311911,96.6169408338562,46.7761100298229
2015-04-15 18:00:00,11,184.855181820226,470.607265398461,98.0235055754835,37.3832428281412
2015-04-15 19:00:00,11,157.122477194212,446.313755400528,102.591771969567,34.0240271622974
2015-04-15 20:00:00,11,171.328537023894,350.067935075688,100.068155233301,37.4709494265293
2015-04-15 21:00:00,11,198.324118215148,473.818077547038,122.448110231019,41.8181335985956
2015-04-15 22:00:00,11,183.042389642201,402.342597856933,115.976207511873,38.6128994578614
2015-04-15 23:00:00,11,174.201878220678,431.643838846556,86.6259405871359,36.425750296369
