2015-10-24 01:00:00,11,186.946170178625,413.154703230639,94.9700466801448,39.0289758105376
2015-04-29 22:00:00,11,176.077968193852,495.816545310991,97.4907683285135,43.1671726928357
2015-03-14 11:00:00,11,164.45184199549,404.482966953839,84.6963752731859,35.8389022367779
2015-05-07 07:00:00,11,173.342830622703,426.704863570633,102.378578211155,41.715480514715
2015-07-14 13:00:00,11,163.089224986531,476.289069359828,101.743000488499,33.7193292710192
2015-07-26 19:00:00,11,167.124348719908,499.182345832006,97.525993028104,26.4872611072335
2015-02-26 14:00:00,11,147.255408051088,511.263388762709,97.0006750312897,29.3867641061317
2015-04-12 12:00:00,11,158.289630726451,474.405510390232,82.99357644664,39.4341821934362
2015-06-06 00:00:00,11,189.850203408485,487.219792583422,101.719375081005,40.1486790447061
2015-01-19 00:00:00,11,186.981936792776,291.157559740717,92.1384216994976,43.1334270173751
2015-01-31 01:00:00,11,149.779542210288,454.275577527624,95.8436440226725,40.5995745755309
2015-04-06 21:00:00,11,171.467084275011,444.773619651092,104.206180233536,35.9141094461978
2015-03-26 00:00:00,11,147.174568512439,497.596221552828,96.1411264221827,46.8100478598177
2015-08-22 16:00:00,11,194.742712715573,487.31881718265,79.3476027139927,35.6711891520946
2015-05-05 05:00:00,11,202.556726308613,403.6851293214,100.769730115127,40.3786722182203
2015-10-24 02:00:00,11,170.300928304581,461.054866774926,93.7333405486024,50.6517568396418
2015-06-14 08:00:00,11,150.487170884773,422.785849817818,91.2632599753829,39.9752440255467
2015-10-20 00:00:00,11,166.446399639675,452.003369690744,102.45767161201,40.0876694196079
2015-09-10 13:00:00,11,180.380982357008,424.306565702489,98.7767359009493,42.7567139012164
2015-12-12 08:00:00,11,145.163943452139,407.025191887976,98.1686906676317,32.2465188016753
2015-02-26 21:00:00,11,194.650397609319,446.730537051344,104.446488448704,36.9739949547559
2015-10-23 14:00:00,11,156.966726805655,465.078314227637,90.5112146998276,46.9884014088925
2015-03-27 12:00:00,11,160.337011980599,347.344800680885,94.0225678081838,38.2293052961753
2015-05-25 12:00:00,11,148.070354027331,393.444816797584,81.9750938058562,41.9850429789968
2015-02-24 00:00:00,11,169.2272287975,494.856057605272,103.188493721191,43.4323422105395
2015-09-07 07:00:00,11,166.786089830107,451.100599736715,133.050974788777,28.8200111307805
2015-04-29 15:00:00,11,169.039757835088,487.474100251853,101.682576158427,36.477601620024
2015-10-09 03:00:00,11,170.174637995081,435.173662756838,101.591149858041,37.230341530582
2015-11-19 11:00:00,11,189.001135625635,424.501116363481,118.39413392972,36.3320190376063
2015-07-31 14:00:00,11,177.424076123267,391.50624904022,99.9619354122878,47.2105117224231
2015-09-07 01:00:00,11,160.464596819953,340.183382978501,136.071922442001,33.963451210024
2015-03-09 05:00:00,11,158.710458583746,498.746392273904,89.2605837095278,45.7867191446092
2015-03-31 00:00:00,11,180.650399298787,418.799700620016,112.77775724291,30.7032856502889
2015-07-13 17:00:00,11,161.850357220661,495.90659299007,101.599874660062,45.6533994308113
2015-03-23 22:00:00,11,157.531138415468,409.993843521346,92.6194682173102,45.0029119913089
2015-07-07 02:00:00,11,172.83190491561,443.767370427473,104.094006115918,51.217571407483
2015-03-13 01:00:00,11,166.567310305292,545.332703203182,100.51505410291,32.106600213273
2015-03-14 04:00:00,11,160.80494956186,419.360215545791,88.612800745545,39.5683293928983
2015-11-02 13:00:00,11,171.525481922594,433.329752282454,97.5303931061849,41.9557163920414
2015-02-12 16:00:00,11,146.086915014163,487.697201307804,114.101767297877,40.5287552903897
2015-09-06 04:00:00,11,173.103284425616,516.143748407537,141.492786120781,40.5854571018946
2015-04-25 05:00:00,11,169.132913399479,409.780256941393,80.0997804936279,41.4068773225165
2015-12-16 06:00:00,11,149.161288724036,439.092485138621,125.371118534732,35.5184515114809
2015-10-26 17:00:00,11,189.440513322698,456.234773855348,113.960451947031,36.4243209732921
2015-06-17 02:00:00,11,180.137430857633,494.463179099036,102.313718214169,43.354311364601
2015-04-11 17:00:00,11,208.330055882654,530.819666247305,91.0555046140429,32.5540456998321
2015-08-11 02:00:00,11,156.069996167987,429.547359802946,108.164586823735,46.8050398975797
2015-04-10 06:00:00,11,140.952116703157,386.914888036775,94.8719521294747,43.3079673442663
2015-04-22 03:00:00,11,186.887370534493,516.8307267422,107.896654375159,40.0834267347825
2015-12-17 11:00:00,11,175.055567269005,397.525056249652,86.1638474463857,35.6763360518354
2015-08-23 15:00:00,11,193.254972615624,452.100410863466,110.156376649744,47.4841390384064
2015-01-03 09:00:00,11,172.265556603861,439.356169400427,79.2644794381843,38.9066132208201
2015-08-17 04:00:00,11,189.651243682322,343.56496825129,92.2702728585187,35.7159311420675
2015-04-08 14:00:00,11,173.947058263938,436.798106498245,120.965216831249,39.0369345207872
2015-08-26 19:00:00,11,140.118294465498,405.587208419301,101.075789242685,41.9684730651318
2015-12-21 02:00:00,11,180.887512578682,504.901675320343,107.237303900161,39.7620938565492
2015-06-05 12:00:00,11,123.138339379534,398.203969407554,93.5327734450044,31.4484954756679
2015-05-07 13:00:00,11,180.88593946004,462.725038220482,108.622089713641,31.8361077019899
2015-12-12 22:00:00,11,192.045816002343,485.392098857069,99.0208110986453,53.6772759919891
2015-06-15 12:00:00,11,175.844071760975,418.457380054818,93.491790501824,41.0380305514831
2015-05-21 00:00:00,11,171.640755938251,428.393488052842,107.916724330508,45.0291065710802
2015-05-09 01:00:00,11,150.328872244264,420.030975100861,89.2002170455553,35.9260454666475
2015-05-25 02:00:00,11,206.27877045975,424.247161699669,95.9956260027758,41.1364513052598
2015-11-14 13:00:00,11,165.688645630006,510.812728797664,91.5409027789123,35.2432571137345
2015-04-24 08:00:00,11,141.478045885169,392.777494713851,87.5455203628297,47.0771042584514
2015-02-23 20:00:00,11,195.766476170228,507.85794396767,91.0171743681448,32.4353298040843
2015-09-15 03:00:00,11,160.945558249749,446.684554489345,90.7623240138124,37.7620592842364
2015-07-02 21:00:00,11,190.959980952369,426.534199441195,83.8573647122002,42.5006337351184
2015-11-18 14:00:00,11,188.062493713891,437.795954243352,105.000583867887,42.9121853671301
2015-03-02 13:00:00,11,190.900289254798,382.585681533892,91.808321475038,38.5089381133617
2015-09-25 05:00:00,11,170.636702911042,496.000353716765,116.796163629104,41.2731737474229
2015-12-13 10:00:00,11,171.153655884927,469.302829837717,96.2476341504541,46.8968970955349
2015-02-24 16:00:00,11,194.730801380995,508.974758582172,90.0454005902115,26.816894601678
2015-02-05 02:00:00,11,156.225899805113,477.845255687227,106.722457589048,40.0558178899874
2015-06-22 03:00:00,11,157.685477102807,461.197599577439,95.3345189196561,34.0118076066066
2015-07-10 14:00:00,11,156.263958872025,405.045085078786,93.9916253415565,51.2805334966074
2015-12-24 16:00:00,11,185.338346448371,448.521052698022,104.133439956858,41.0574297631883
2015-03-24 01:00:00,11,151.001053506228,392.713567860587,106.513314053392,43.6613435139017
2015-12-02 11:00:00,11,171.417172840634,508.698476448619,94.0747364236369,38.8393576642042
2015-08-06 06:00:00,11,164.013640718126,410.820963916225,101.852562650087,47.5768230705593
2015-07-10 15:00:00,11,160.525238803401,405.680698679559,102.68486880839,46.5200361461284
2015-01-21 16:00:00,11,174.269111212306,409.241551833728,89.5370255180783,39.3035922741216
2015-09-07 03:00:00,11,195.912817846342,492.584690490058,135.631384060231,43.7755241264506
2015-06-06 03:00:00,11,176.703968634404,391.898685117132,104.285004790967,42.5800137498098
2015-06-12 15:00:00,11,166.681831823231,514.572130861746,110.222362776426,41.5987523752865
2015-01-27 22:00:00,11,203.813458565579,457.732955236273,126.384212766024,43.997102566343
2015-11-04 04:00:00,11,164.043670999465,473.764233085539,109.813247782386,35.8137572134259
2015-04-14 19:00:00,11,165.241985538325,487.237475477151,85.3162425525101,43.6142165110534
2015-09-13 13:00:00,11,181.746833328023,499.799528103648,83.5303687753969,41.0295577003743
2015-11-10 16:00:00,11,167.890820389435,462.403682918751,89.3530910630105,32.9998917765834
2015-10-24 00:00:00,11,167.646145815283,464.458001224686,81.6962305255319,47.769600690659
2015-05-21 21:00:00,11,171.550182316153,499.141687993741,98.3321213436912,36.8657013761215
2015-07-26 03:00:00,11,180.829482529438,462.576715299007,108.775469047917,39.1385341032706
2015-04-19 08:00:00,11,137.728604626752,373.93386740839,114.211837923545,28.2989216323533
2015-01-31 06:00:00,11,152.318853132643,473.174239589787,96.4061520197811,42.9766958580255
2015-01-04 01:00:00,11,154.324397468845,364.901341546678,95.1197797633159,37.7390969019171
2015-05-07 17:00:00,11,186.917793852636,449.10321564901,87.0621920385894,46.2383600434282
2015-01-15 15:00:00,11,176.260556357962,409.145255081062,105.163880603808,31.2329755853947
2015-01-21 08:00:00,11,180.895267140018,216.951249521535,103.045640845978,38.9103030303424
2015-05-13 03:00:00,11,154.407451856604,487.848387584495,111.053708237697,32.2665925928044
2015-02-23 05:00:00,11,183.013132538243,367.496663191563,75.7529951709001,40.1533829067905
2015-08-30 13:00:00,11,160.279127271409,487.002198039434,94.9062329063955,36.4108189403802
2015-08-17 15:00:00,11,164.537656253781,369.270838133404,73.9724778683846,39.5239904977236
2015-09-08 15:00:00,11,179.368928958197,327.568696482741,105.319239787176,41.772139621516
2015-04-12 16:00:00,11,130.881159379901,515.158434169552,114.893263893743,39.4018686838246
2015-11-02 11:00:00,11,159.311325352087,416.601614000901,95.5880430546156,43.8895119514023
2015-10-23 22:00:00,11,167.679263820036,442.558787376967,91.4088265167967,36.0509035949349
2015-09-21 19:00:00,11,159.579193434191,430.082030251338,96.7493170943345,46.7249633782289
2015-09-16 00:00:00,11,161.653645326394,522.157137805385,87.6732610719415,32.6128515513366
2015-12-09 02:00:00,11,156.896292844296,419.346695359389,98.3234681683148,40.2850730777125
2015-09-26 05:00:00,11,187.702788519959,501.837017012373,86.1340923153383,46.3334671413427
2015-11-24 07:00:00,11,150.619212018001,380.68614108275,94.5201292089175,35.6803649099954
2015-06-13 08:00:00,11,164.15478613036,470.591603685545,86.9265549827319,44.8878440375904
2015-11-16 04:00:00,11,163.257363274888,420.394992483363,105.517020378883,35.9264521211471
2015-02-23 16:00:00,11,183.994286720691,479.956013996225,95.5647148410638,36.9588575102101
2015-07-24 19:00:00,11,179.680746148974,506.297012252894,130.31322967962,43.6430074251286
2015-02-09 04:00:00,11,163.710366324815,431.76681074588,108.371133244914,33.9580665399767
2015-08-12 22:00:00,11,183.829456996436,355.001087476977,78.8095393770674,36.7448928874846
2015-06-19 07:00:00,11,187.32046653522,460.812594678776,102.195139524356,39.134198895561
2015-05-25 01:00:00,11,169.859469920887,469.175193152475,91.8997285037661,43.2893144050772
2015-11-04 20:00:00,11,154.872484709535,447.641728158795,98.3936280041637,43.4212280797038
2015-03-19 21:00:00,11,161.920100074457,439.860771947502,101.05589861801,50.529739966211
2015-04-21 09:00:00,11,168.209879044355,469.626209118352,91.0588995184054,38.9362498176831
2015-05-30 20:00:00,11,166.504032085211,485.047507661244,106.433360989925,39.6020493146677
2015-02-25 07:00:00,11,183.73103459677,476.157450148289,108.301517261712,40.970242947358
2015-11-18 05:00:00,11,179.871903705543,507.641370705578,96.4305417059654,39.9351717084228
2015-02-17 20:00:00,11,171.008276866258,536.310664868207,142.99967457508,41.3012834011444
2015-11-24 03:00:00,11,189.944068452919,430.778008188662,106.732518250753,40.4878057500418
2015-12-26 18:00:00,11,163.84045060573,505.373724189182,101.25452022697,33.8796729477071
2015-11-30 15:00:00,11,188.700183093091,413.004384343409,116.706920082515,48.4883977440461
2015-02-14 10:00:00,11,154.952124151566,339.251394134496,97.7446009503234,36.4689726814806
2015-08-31 12:00:00,11,146.105515515315,449.718181324466,99.8166978601888,41.2125692643708
2015-04-10 17:00:00,11,171.069783805038,361.660612099109,90.9206856429088,43.6829119873008
2015-04-17 01:00:00,11,177.003733600483,429.724492082348,103.057483274293,42.1965336006868
2015-10-18 10:00:00,11,169.872316508806,491.3832594861,102.365213004344,44.4442149632517
2015-10-09 09:00:00,11,146.473556942572,480.511296734648,96.0833410934268,48.4233422077623
2015-01-07 23:00:00,11,168.461675528431,496.600345049654,108.117274820524,44.1858933523903
2015-06-24 08:00:00,11,161.565764233323,413.218649553365,76.4832317573261,41.4293674204945
2015-07-23 02:00:00,11,157.977805543475,434.845377313921,91.621134903127,34.0322269757355
2015-09-22 13:00:00,11,163.946235804476,480.787648315728,105.509904524679,45.6663547640284
2015-04-03 04:00:00,11,171.774508997596,447.985009901609,97.2328959234625,38.4572592421997
2015-04-02 20:00:00,11,176.677772291799,411.321019096868,96.640264697029,32.9010137261934
2015-08-23 22:00:00,11,171.840436741935,531.953261587745,100.868305938361,43.6047327714183
2015-08-16 05:00:00,11,180.381595282764,448.765660707963,82.0419203978919,36.8264031560586
2015-03-29 12:00:00,11,162.98959422716,462.781858398386,101.009764421491,37.0623955085632
2015-10-22 16:00:00,11,196.560022311703,424.478408734877,76.9004613100764,50.8402313157674
2015-09-09 07:00:00,11,180.728715188396,438.98423695987,97.0386275950104,35.5513848504846
2015-08-22 10:00:00,11,171.472547434595,457.367991192357,108.346833651464,47.2728621293026
2015-02-09 06:00:00,11,189.856788616879,459.336067362235,89.4972304006088,49.9412689781595
2015-11-23 16:00:00,11,167.238002397511,401.305122400675,104.531739991706,37.8533430680072
2015-04-12 07:00:00,11,178.569149745804,373.268028624462,125.065615033453,44.7012400918904
2015-05-03 02:00:00,11,167.644594971465,424.36111031404,97.8847874484196,33.8352822367324
2015-09-29 04:00:00,11,150.079196746945,492.104303267238,89.0427815606788,28.0120626319426
2015-11-16 10:00:00,11,198.202115282804,365.43278642321,119.257689900257,37.2803974403147
2015-08-01 13:00:00,11,180.292296137424,388.710593136286,106.574044047852,39.2175179971981
2015-03-29 14:00:00,11,166.662445283406,380.251732534611,93.7848769199419,46.4617563282584
2015-10-02 22:00:00,11,146.078402678446,488.079833321364,101.595298830817,39.2328965131691
2015-05-18 14:00:00,11,170.099359926233,465.918319497604,89.9676975538851,48.0849614028992
2015-09-27 20:00:00,11,158.797418089301,408.421758705529,98.7181378793951,34.5273110518002
2015-06-05 10:00:00,11,180.856691657489,490.796892897902,110.776113495064,43.1045283099884
2015-06-09 02:00:00,11,187.417612384711,386.972952470388,90.2949672862606,42.6361503955026
2015-09-17 14:00:00,11,140.857525609584,472.16488939727,101.171351643194,38.4133583633688
2015-03-20 16:00:00,11,160.470770280486,501.967093418834,103.035885882592,37.186981617143
2015-06-11 07:00:00,11,171.319392063346,496.364675759944,103.159964571953,34.0932275236389
2015-04-23 21:00:00,11,135.837389848411,434.619379815972,101.917144525284,44.01568324036
2015-05-03 22:00:00,11,156.047478238055,475.838088125616,94.5719967949933,45.1336835588823
2015-01-26 00:00:00,11,185.004500803934,432.292527611657,101.887024789269,40.0485244423879
2015-09-26 23:00:00,11,165.610096923223,447.597399922369,86.4909531508075,43.9711581430379
2015-04-13 18:00:00,11,191.828835939201,438.715150081118,104.615900245121,45.6960110953076
2015-02-01 13:00:00,11,210.046301687577,302.507856708284,118.162737817443,43.952716470944
2015-06-08 06:00:00,11,181.433573584627,515.239061081751,94.4415825893093,37.219590131431
2015-06-20 05:00:00,11,172.245017118795,434.388676009118,87.3942265923464,31.2195568446686
2015-02-12 18:00:00,11,187.467994730132,394.956914927974,107.029623842704,46.0584559518318
2015-12-18 07:00:00,11,164.055400918601,459.462104329413,96.2359303889186,40.8166451508579
2015-01-21 01:00:00,11,141.050025172727,351.744703754957,97.6092603738207,30.0153471162303
2015-12-17 13:00:00,11,181.919419510553,481.682651128265,107.50764485276,37.3578802085994
2015-03-28 09:00:00,11,173.861112743456,444.532030182277,81.4100484001819,35.105298503894
2015-09-25 12:00:00,11,202.509480192659,400.094119427858,94.8400241418614,44.0725642830915
2015-06-19 04:00:00,11,189.986550791003,485.147365256563,86.4273720258026,34.4182672701261
2015-04-25 08:00:00,11,172.641242178734,477.238382113923,98.0130735792094,33.6768937313605
2015-03-26 04:00:00,11,173.542285901581,402.766775395231,103.066949814686,40.70197121834
2015-01-03 18:00:00,11,170.825439630866,456.745891628419,120.689614749334,32.6764133017275
2015-11-05 11:00:00,11,161.433770109986,415.256562367707,102.275015633324,43.0175968169497
2015-09-13 11:00:00,11,154.311019644915,431.202178736475,105.382342767574,39.599732513402
2015-08-25 05:00:00,11,176.67515562671,477.285479126048,94.5498612268419,48.108719147061
2015-01-30 01:00:00,11,175.670078588428,408.893562679516,107.555224205362,42.1207215365931
2015-10-03 08:00:00,11,169.787995131277,384.093879719406,83.401096324489,41.5158398029177
2015-01-14 23:00:00,11,175.798341511355,401.008079092546,93.4520997177115,40.2583557461436
2015-06-12 04:00:00,11,177.395428593044,364.289931660513,89.5833856537189,46.1901793360327
2015-01-27 15:00:00,11,177.122390801571,344.405575238033,140.187672066186,43.1863690031606
2015-03-31 06:00:00,11,180.397191829486,463.070296211776,104.613912638114,36.0028882890282
2015-01-28 16:00:00,11,199.061914861786,427.840865252528,114.143911500892,47.4307924002403
2015-09-01 16:00:00,11,168.07609778447,379.88975854256,109.3403212544,42.3375326092347
2015-03-01 23:00:00,11,154.460406906036,471.417033544796,114.917238378301,39.7552070860494
2015-07-21 01:00:00,11,164.744204016755,464.638258883552,109.65969229261,41.8037220625879
2015-06-20 23:00:00,11,146.233148481271,540.389569733418,83.9269233170131,31.9508014931882
2015-10-01 02:00:00,11,169.380719561314,398.774088506677,128.832790357338,44.3413148485293
2015-04-26 01:00:00,11,175.2101219655,377.916919109671,106.471264356743,39.7416069968456
2015-10-13 09:00:00,11,161.739941735281,386.741507739933,99.7073875339112,44.450218970925
2015-07-22 07:00:00,11,156.932473936585,417.917443400298,108.308397056538,40.1345602747562
2015-05-02 07:00:00,11,180.307865069611,374.417009032838,98.7108456075918,43.5246437178603
2015-05-10 06:00:00,11,168.610997359859,417.10866126988,76.7297814052666,39.3226286272185
2015-10-20 23:00:00,11,165.491983215979,533.811980229853,116.195117471102,45.1547960292876
2015-11-26 17:00:00,11,200.955967720509,468.576037964845,92.8070123996093,40.4768196156616
2015-03-03 22:00:00,11,166.040610554119,450.175974529465,101.390683000619,33.834908970712
2015-08-06 21:00:00,11,183.717794094432,418.288279330449,105.237881980841,47.8030185291926
2015-08-08 08:00:00,11,155.927696746338,377.135857398622,101.037991817662,37.823081144145
2015-10-21 17:00:00,11,171.078637634675,422.458438060381,102.340431486363,35.670473752059
2015-04-23 20:00:00,11,176.156410113782,459.518100953854,100.920685628168,40.7242423195848
2015-03-02 08:00:00,11,181.313751338323,410.92789036745,112.141416718677,34.8372783415631
2015-02-25 20:00:00,11,177.561043969396,390.404453134627,90.161608814566,41.1003276173177
2015-02-25 06:00:00,11,153.61949502521,388.551817475815,85.3481996406913,40.2269312751162
2015-02-17 16:00:00,11,172.47004556823,560.162448036313,138.288802599436,49.0235732338899
2015-12-17 08:00:00,11,165.976957011028,435.757094072137,117.304522346501,42.9619626757209
2015-11-11 14:00:00,11,177.574093973771,424.890827900089,97.5707517589753,36.7216773943517
2015-05-13 16:00:00,11,159.595832040084,524.878585121574,116.598472591477,42.9250187124019
2015-07-04 04:00:00,11,156.679471444528,525.905974858159,111.830309498924,41.5540930097659
2015-01-05 02:00:00,11,179.949933852751,472.666752094122,107.082946682825,37.0823165158563
2015-11-29 05:00:00,11,186.381113715147,455.378709699484,107.167802672359,49.0025137220851
2015-08-04 20:00:00,11,170.260807591215,458.959791714225,103.367766701769,35.9425363564171
2015-02-19 13:00:00,11,168.31991864675,413.350465204125,105.052652387103,41.8848980518262
2015-04-14 07:00:00,11,166.257839781923,501.039570265586,118.592241345205,37.0066632192186
2015-12-13 07:00:00,11,155.804444500688,493.611778911955,93.6868887692259,52.3258903316363
2015-04-24 16:00:00,11,178.01907211363,438.044504640494,100.34957973523,40.694864936301
2015-03-10 05:00:00,11,161.114948133906,450.59004440061,88.4109077570135,40.8289266648371
2015-01-12 22:00:00,11,152.524829339506,492.704695249145,123.196491767421,33.7958113837923
2015-07-25 13:00:00,11,183.958808190127,371.468031315624,101.085643887578,33.5130665949561
2015-12-10 12:00:00,11,178.19458351957,511.966550930302,104.737963101146,42.4740202729363
2015-03-10 00:00:00,11,178.105870708284,411.189883672335,102.339917374107,35.0657311343433
2015-09-09 01:00:00,11,159.971087588228,378.03661402332,94.7122467987912,40.6198515745562
2015-10-14 20:00:00,11,142.590138689236,526.366310503379,117.082386789917,37.2010847603134
2015-05-09 03:00:00,11,179.502050633212,510.643821816212,78.488820618625,40.1559951228522
2015-11-22 07:00:00,11,175.020512436493,486.850526999925,123.550651044306,27.3033781839552
2015-07-14 09:00:00,11,163.125816541559,469.695030672838,104.839149613234,38.7853246068099
2015-11-10 21:00:00,11,177.9675837965,439.839471456746,93.0913898706396,35.1049798412943
2015-07-03 18:00:00,11,168.397993828176,427.416485042524,91.2953206105782,44.848617373633
2015-08-04 13:00:00,11,155.176735727759,420.767067371825,116.685961292002,34.2333648748491
2015-07-26 09:00:00,11,190.302616845946,438.590039367258,99.9326595154137,36.771814298549
2015-04-29 16:00:00,11,161.434533696029,553.680357415505,105.152948871155,47.7514877245751
2015-04-14 21:00:00,11,188.823345883487,458.325477328604,102.914005299976,32.2526791046475
2015-12-15 06:00:00,11,190.493187352113,460.256655443143,126.879284174341,34.5331672772352
2015-10-16 15:00:00,11,142.534772652327,457.403531979656,108.158221853141,43.0372879734595
2015-04-18 04:00:00,11,148.749023377061,390.665207787244,88.5654324891179,44.8152397697035
2015-08-26 18:00:00,11,164.657596784654,492.269622694033,105.537724528033,49.8466363846265
2015-01-25 16:00:00,11,162.525936932659,464.50009884432,109.651665413217,45.2687362382696
2015-09-20 06:00:00,11,185.966914029838,435.846972724012,101.263195257302,37.1059358270357
2015-08-28 09:00:00,11,180.545212545671,457.488896599816,102.689826753539,41.011449251404
2015-07-21 18:00:00,11,153.047682728372,429.261199176614,107.098587803123,37.6781397240472
2015-06-07 14:00:00,11,184.177493942585,562.095043146349,104.669643284815,33.8078458586041
2015-02-07 04:00:00,11,159.746518513597,457.457879099126,103.291623974721,37.8700847646033
2015-01-10 19:00:00,11,171.945111522034,417.345298262881,85.9485312936241,59.8035943377193
2015-09-18 05:00:00,11,154.017434243084,500.551755954861,101.238352640757,38.3667178560307
2015-02-01 19:00:00,11,190.183998830479,340.299957155785,84.1296841135421,51.5271733920907
2015-05-29 15:00:00,11,197.555343892808,394.748223641752,94.869598899244,39.7135979546626
2015-02-04 12:00:00,11,172.175249395976,425.497968496606,92.6361450236262,39.5031119335965
2015-10-08 08:00:00,11,186.65344139453,421.977022077444,93.8089849869729,33.2208095774794
2015-03-15 03:00:00,11,200.667042044705,420.359069164432,105.300407075186,36.0832310369817
2015-04-11 11:00:00,11,192.831386784657,466.920877960444,114.658579486365,35.8920589178513
2015-07-01 13:00:00,11,171.032835971148,408.902050687834,114.827086842502,41.6615732648819
2015-08-13 11:00:00,11,172.342664459185,429.773742133273,105.518937214264,44.5949548919911
2015-05-20 07:00:00,11,207.094576222403,417.560363174906,91.0783275154965,38.2155146540886
2015-05-19 14:00:00,11,152.686110430875,428.477161804947,106.224055187372,33.9958843801365
2015-11-10 09:00:00,11,180.277466461345,487.977929446116,102.599184264151,37.340624828404
2015-08-15 21:00:00,11,157.404462739095,506.519439200194,107.266445151273,40.2060204275445
2015-04-21 07:00:00,11,172.579352553925,467.765066943475,115.002737215314,35.3338298078631
2015-07-24 13:00:00,11,186.655486643965,441.567764915492,101.681865088942,42.2054903649234
2015-01-29 13:00:00,11,172.341032909877,386.123081822961,86.1054478865041,39.5699298830311
2015-02-01 02:00:00,11,169.917182941289,369.745438127444,92.0649655434707,41.7278960273564
2015-12-08 18:00:00,11,174.583138423414,400.573716249738,116.203805053375,42.6315004674728
2015-11-25 10:00:00,11,162.609036544636,452.615805882254,95.8983785006588,39.9005611944262
2015-03-14 16:00:00,11,181.240336333612,480.037375796238,100.032502079921,38.9863017738438
2015-08-17 09:00:00,11,179.824743555325,551.085012643675,106.145225038855,41.854131506543
2015-08-21 06:00:00,11,188.713693626204,430.16068664764,93.8066195835434,41.4716462716967
2015-11-04 16:00:00,11,181.487318096765,418.950837246481,97.4332524340398,41.0277590998885
2015-08-08 06:00:00,11,149.344408683058,513.822173386954,106.667401942271,35.2283703867965
2015-11-14 01:00:00,11,148.472822479561,453.511671749041,118.553794173914,35.9449651073899
2015-02-24 21:00:00,11,180.953892346134,427.800722970797,91.2738782045931,44.518576862911
2015-06-14 12:00:00,11,168.867227177004,440.008689530115,94.6882848793017,35.6970408942862
2015-07-09 22:00:00,11,166.960724756694,495.919371906585,102.357120946515,59.1134661708243
2015-11-12 10:00:00,11,176.540932260894,492.908668958366,74.5452827649165,34.5912428799734
2015-05-07 09:00:00,11,175.21215809462,388.343580362858,98.7993341186338,38.7631897468061
2015-02-26 09:00:00,11,180.153173104732,448.897863985143,104.939575974312,41.2298676670555
2015-04-02 08:00:00,11,176.846452610333,315.471654266063,109.436689506777,39.5827096309004
2015-04-03 22:00:00,11,167.512085825094,497.684034853047,77.5080341654039,30.3914241129084
2015-09-13 04:00:00,11,172.355207749629,475.946547846516,110.554886570941,46.7442970028126
2015-04-26 20:00:00,11,156.949437783678,483.042590461932,101.382143626058,41.2249125206508
2015-08-25 13:00:00,11,140.991627275701,560.076700535482,116.297492420468,43.4000553395946
2015-06-26 13:00:00,11,153.419743120529,449.167145233582,101.990639729585,38.0333096688466
2015-02-10 11:00:00,11,151.747823089354,509.61528399781,106.20936987004,35.370057839613
2015-04-14 14:00:00,11,152.983162573507,502.046697816154,83.5811018151543,38.4682585105341
2015-02-17 19:00:00,11,167.992084607669,526.718739834201,130.658799874219,39.1035991602162
2015-06-22 05:00:00,11,185.870514305364,467.135140269462,102.553738843458,37.0395321779669
2015-05-08 22:00:00,11,206.658431718485,506.523149282029,88.9231499147893,46.6961754582809
2015-11-20 00:00:00,11,165.520632721794,353.327596009753,112.757940414161,45.148389939379
2015-03-15 22:00:00,11,167.239768522061,386.263223340889,116.129001708831,39.4827820806389
2015-11-29 00:00:00,11,163.411988604293,446.206130549225,91.1168161425365,38.9472419102966
2015-09-18 23:00:00,11,140.962408903884,463.228563885852,108.869675205115,30.5806542637738
2015-11-20 06:00:00,11,208.745497848835,394.798092119707,119.448291175323,37.6544478057807
2015-03-02 22:00:00,11,171.667460438338,512.67805164048,110.744417500579,35.4392371447035
2015-07-15 16:00:00,11,148.029174917538,431.302275978004,93.184960381554,43.4043856564039
2015-11-17 09:00:00,11,167.689854093667,437.184751293731,110.236462615075,41.088385277821
2015-07-07 11:00:00,11,164.603214945774,517.090024800996,100.383762069963,42.2815013217096
2015-11-25 09:00:00,11,167.452845079687,447.122465140882,86.469683189852,40.2404315470803
2015-08-05 07:00:00,11,160.762928956228,366.61910819031,92.1342846445463,41.2195372952607
2015-01-30 10:00:00,11,186.479585746683,428.44646798296,96.7942681298861,45.911565631103
2015-08-15 07:00:00,11,198.423604437641,392.580355473056,101.519681801718,38.7385607782022
2015-06-10 06:00:00,11,208.540990682509,478.059524938341,109.822549726844,49.8520559389281
2015-11-16 13:00:00,11,152.825331155645,462.076272725626,100.927200618492,43.29451731581
2015-06-14 16:00:00,11,183.445762238708,446.492710322773,87.1303113252241,35.5257890304351
2015-03-01 09:00:00,11,148.656941929186,397.442431043912,94.2819776800523,46.3438138685138
2015-04-05 20:00:00,11,178.747723332423,434.457398801423,85.713995334936,29.8678958493268
2015-11-30 12:00:00,11,192.489760787657,372.794608124343,97.4072795298112,48.391725836895
2015-05-16 15:00:00,11,149.202744310646,391.632834597633,92.4626618232466,43.5512657611591
2015-10-31 20:00:00,11,177.210073882456,491.300471073244,101.524756579454,51.5619168053393
2015-09-03 01:00:00,11,179.012726728569,502.54080433663,113.742098432274,29.7076202957801
2015-10-22 20:00:00,11,168.501372397258,448.942893563431,102.24857570458,29.4114125709127
2015-07-13 08:00:00,11,186.395065308666,290.185115152469,72.0536277658514,35.6533211202172
2015-01-10 10:00:00,11,187.206894510682,484.231163387402,95.8887758678868,37.5478146646071
2015-02-10 21:00:00,11,155.708708534529,374.990303365793,87.0980083166618,33.0616381157628
2015-07-16 09:00:00,11,130.59108840617,473.703717989157,91.5630614037548,36.1911394337222
2015-10-16 10:00:00,11,200.68803656887,388.03860501239,107.692467852066,29.7511926595188
2015-02-07 00:00:00,11,164.693270884203,450.025941391671,91.4846860275522,38.1686859350361
2015-06-04 05:00:00,11,182.266933037114,367.380069736185,98.8061384790012,44.326484205157
2015-09-07 18:00:00,11,191.538811353821,460.872160423194,96.1117422914808,39.0864107086187
2015-03-15 01:00:00,11,162.335882612467,452.459912121599,95.5812572072515,39.7151962060863
2015-09-15 17:00:00,11,177.53399305886,486.548025621942,105.640865146728,45.6029618331275
2015-11-20 17:00:00,11,172.28634533352,407.693352349964,118.263481423664,43.4672126282207
2015-03-29 03:00:00,11,184.718871933182,496.613874051443,109.111299207959,45.7942314057851
2015-08-17 05:00:00,11,175.81279380888,452.086278504571,92.0599107885416,39.0560831012924
2015-08-02 10:00:00,11,162.1817305327,510.695356068557,106.377737443686,41.4867843805545
2015-04-13 14:00:00,11,181.959211116524,425.399173221804,91.1591432862827,49.8477835377647
2015-10-10 07:00:00,11,198.328601287301,423.004962368245,100.612882713393,40.3026626360942
2015-09-27 09:00:00,11,185.093249714715,520.660737985241,112.48931041298,41.5854026160417
2015-09-02 16:00:00,11,197.233283695576,413.566497609859,115.067112436105,42.8162346660405
2015-09-18 09:00:00,11,179.59610156414,445.140193828771,89.7151262861096,40.5263375770771
2015-04-06 17:00:00,11,162.313781722814,386.606687795868,122.566208981466,35.3246202068678
2015-02-19 20:00:00,11,152.701654904305,406.263006398778,98.544300141667,41.3313527970108
2015-03-13 04:00:00,11,134.066821344632,479.685918391028,97.441120012662,44.1958536356078
2015-11-12 14:00:00,11,181.151347859833,506.048593447785,98.3856174864862,34.7486275809406
2015-04-22 10:00:00,11,183.093353115054,400.154172341012,74.3783839019714,43.6661417621515
2015-03-11 04:00:00,11,166.222298592748,507.881995974073,98.6142101793325,43.6001477637747
2015-04-05 10:00:00,11,176.468849220673,361.623605929855,96.889583100953,39.2369304413606
2015-08-17 19:00:00,11,147.634473218208,521.065516779758,95.1235764401298,42.3316266879305
2015-10-09 13:00:00,11,204.457930947405,462.573770030259,103.797121821013,33.7430944966486
2015-04-20 10:00:00,11,161.869296598859,458.64884018129,108.467828663974,41.5671419298615
2015-05-23 00:00:00,11,173.37870485598,472.025499280092,112.138808523957,42.792033614788
2015-02-19 09:00:00,11,193.320086120806,574.526524661272,102.262108081848,38.0088699401229
2015-07-20 03:00:00,11,184.904588647834,496.982174661741,106.509127592962,42.8079330860459
2015-09-01 11:00:00,11,166.846922586744,453.961049318529,101.766475280874,42.2330552556855
2015-04-05 11:00:00,11,169.530742335372,380.696820412736,94.9441205135777,41.8193200066938
2015-10-19 20:00:00,11,143.749178633494,496.139580326722,92.6057039016014,31.9560126526751
2015-06-25 05:00:00,11,180.982419806263,385.913574106404,103.511083423862,36.6446602820319
2015-10-30 04:00:00,11,161.11285320948,495.005459332042,99.9542320991104,39.4267034631128
2015-08-13 15:00:00,11,145.681154125564,454.988135033029,99.9467460306276,40.6012214025598
2015-11-09 14:00:00,11,148.644608498361,457.987401682351,95.2054447401549,45.2077369532285
2015-02-26 05:00:00,11,164.124657944955,383.990967352524,105.821108587674,28.5999467127174
2015-03-12 06:00:00,11,169.911181521803,390.870749543858,103.747569844356,37.9552782212541
2015-07-20 18:00:00,11,165.256250551255,402.526489037396,92.7115275613172,44.1473704427403
2015-12-31 13:00:00,11,155.139768810597,395.583184163492,101.993015722337,46.7040641401083
2015-05-21 06:00:00,11,186.845742539431,419.867974946362,114.894856347386,38.0369210468166
2015-08-18 12:00:00,11,181.393526638086,434.618545139672,95.6305955077394,43.1592655014031
2015-11-07 05:00:00,11,184.629111182037,461.970963014097,105.701820681194,46.8855129473563
2015-12-06 08:00:00,11,185.634775076003,502.932271550487,105.148980970788,45.8103804595576
2015-12-07 15:00:00,11,177.684562631505,392.756104000271,90.9999267446536,41.9137350237664
2015-01-31 20:00:00,11,170.335938906678,318.965178760522,104.711131165286,38.5372229581763
2015-05-26 05:00:00,11,174.149754484709,381.157939386268,102.58063032766,44.1479263845994
2015-06-09 18:00:00,11,163.844555866995,530.070657935107,104.711050568819,38.4763050021088
2015-09-11 13:00:00,11,170.07323999147,412.200907086419,114.354809581908,42.5476624573333
2015-09-30 18:00:00,11,176.616754185172,483.900629322743,106.327164785945,32.6381722084776
2015-05-21 22:00:00,11,182.735617094941,477.970260835644,116.416095934632,44.3172208263629
2015-10-17 09:00:00,11,179.848180311952,359.709185688325,99.8299317982977,38.735228952834
2015-12-08 03:00:00,11,191.159363309509,482.485206152303,123.928664043043,45.6118262918651
2015-03-21 21:00:00,11,165.780688752806,514.37476439582,102.054070693572,32.7474902837288
2015-05-16 13:00:00,11,168.756578548823,426.666233867857,105.815565300079,32.1253106462022
2015-10-17 22:00:00,11,161.306055964989,420.371130024935,78.4676007595053,27.0873306888393
2015-06-29 00:00:00,11,139.280866660138,402.76036961737,94.0846373966094,43.206603921375
2015-03-27 09:00:00,11,138.480635596025,474.339839707047,105.258312494543,41.8802404672684
2015-04-22 19:00:00,11,157.040870743985,457.134895872023,104.584221203989,37.3655768101683
2015-01-25 02:00:00,11,157.031612766097,517.078574535501,104.114507062735,40.4980219137966
2015-08-24 17:00:00,11,182.504556537745,397.107855738434,91.3076906657494,36.1126568596027
2015-10-12 06:00:00,11,177.305404049467,380.584987517406,117.541869652512,44.5377499979716
2015-12-03 17:00:00,11,154.300845537416,441.1095394559,116.938716861634,34.5786894265379
2015-10-22 11:00:00,11,168.680136554242,430.229843858365,92.9081006429388,46.1987862246119
2015-04-11 04:00:00,11,169.586577928954,470.6568535196,104.448873788916,43.6633273170832
2015-05-25 17:00:00,11,175.41716369902,532.045968515874,99.5159830897787,41.4038421289674
2015-08-10 01:00:00,11,183.497265744863,405.589277614772,83.6821167440519,33.8106389769577
2015-11-21 09:00:00,11,165.726397147638,483.572097307995,129.767506155273,43.8587395463931
2015-08-16 14:00:00,11,146.34827211382,424.443411864885,111.338302121881,46.0372480372774
2015-07-29 19:00:00,11,171.647882221823,451.641217754995,89.0293046032639,36.7232546824016
2015-08-24 13:00:00,11,168.208152442556,482.415204223433,99.386666950768,43.278304544724
2015-02-28 13:00:00,11,160.478385746463,393.66839773529,109.452394076307,27.0012058411603
2015-03-01 21:00:00,11,167.883199662887,508.066533949136,98.3865730436924,43.0773080953557
2015-09-21 21:00:00,11,154.579830382103,431.282543723681,102.439226728251,40.5254690666642
2015-11-13 19:00:00,11,174.270299557421,471.271832265474,95.7397260141009,35.8719880869638
2015-12-19 04:00:00,11,173.303332182579,384.666079265685,91.283725243421,41.9286009590898
2015-03-13 16:00:00,11,151.946420819459,539.534177972347,108.855429558878,38.8939202196337
2015-02-22 14:00:00,11,191.888817478272,536.522312562582,96.426273620218,43.3876840562166
2015-09-06 08:00:00,11,195.391663697968,394.937738977811,119.220356648085,50.4091431825108
2015-08-28 12:00:00,11,176.518484850944,467.156875956828,98.9466226996313,41.6416578287417
2015-09-08 10:00:00,11,175.451955440185,372.215918288008,116.240011556733,41.8547480073438
2015-10-25 22:00:00,11,154.205451665183,494.011401900681,101.418809492025,32.0079215894226
2015-05-15 11:00:00,11,188.147704317623,465.830431509373,98.4064804004443,40.4542735621618
2015-06-15 02:00:00,11,183.0019110683,529.502615493215,106.610319288704,38.9101100555332
2015-04-26 12:00:00,11,194.509184101965,519.250296500815,94.0176179897259,39.1173786112092
2015-03-19 18:00:00,11,152.092270753626,480.42047639,92.0200827530687,44.3681983332537
2015-01-19 13:00:00,11,170.042217701939,331.572624729297,94.691692374315,33.3376545870987
2015-03-14 09:00:00,11,191.183030262066,503.727673264482,100.236224699574,44.4615088457237
2015-09-28 22:00:00,11,148.690965154126,383.707454260923,88.656979987575,37.3751435285489
2015-02-03 07:00:00,11,160.874394384862,449.781543501579,107.447904102525,25.3150430988631
2015-05-19 23:00:00,11,157.717508692431,488.228117110313,87.0208847747414,33.5490141628506
2015-07-02 16:00:00,11,171.669752594532,396.030425356716,82.5841825950677,35.7989645864246
2015-05-30 12:00:00,11,179.433493805798,415.966802244862,92.493296012296,31.4601170048795
2015-09-05 01:00:00,11,187.901697809201,410.981286977149,114.835794371699,52.5442042518136
2015-06-08 02:00:00,11,160.147763376176,418.138566206773,108.510866927068,37.1122531002323
2015-09-21 13:00:00,11,193.882524666575,418.756444451822,90.695060207864,42.7237518161646
2015-04-17 19:00:00,11,186.668787734043,539.586116672516,93.7334633278181,41.7272304114975
2015-03-27 17:00:00,11,201.387175758603,531.956059350496,114.030929859931,46.3905539312594
2015-07-05 22:00:00,11,179.695914410551,517.325658991682,97.2267002899017,43.4652807125406
2015-11-15 22:00:00,11,141.454411378337,523.443623308815,98.8974714520163,36.7950540280775
2015-11-23 18:00:00,11,164.991955407152,430.33738730002,93.4794764909351,36.2689901225802
2015-09-01 01:00:00,11,177.689545240493,431.127526875461,131.894959522421,31.9009396121601
2015-06-10 15:00:00,11,212.335295217351,478.607634862693,100.771355235268,41.1957021620786
2015-04-01 22:00:00,11,174.499525738772,556.623703396145,103.027631190594,44.6756431176365
2015-12-26 19:00:00,11,176.538332644819,538.381023558723,115.987683710671,39.1227040622023
2015-01-29 23:00:00,11,168.483199659083,430.454614785399,108.861647538738,37.9008907837314
2015-10-06 01:00:00,11,168.220651099298,468.219832717476,95.1380728727334,34.9708642343245
2015-12-24 04:00:00,11,169.443829907437,425.763970678092,104.902216246576,43.0626349003542
2015-07-22 09:00:00,11,172.547863457963,407.717483067583,76.9525982318174,37.9863226111554
2015-09-21 18:00:00,11,181.872336443013,395.402374024173,113.678174060586,45.1171176672676
2015-04-13 00:00:00,11,177.522127382074,526.476502398151,110.679870805443,47.3801787068873
2015-03-26 05:00:00,11,182.635220185822,510.50301905823,109.391454057796,36.1612438002752
2015-05-06 06:00:00,11,156.071663711174,434.564798747316,101.833443043028,36.3402875556898
2015-08-18 06:00:00,11,170.55884600261,530.063250200263,102.51944816237,39.5242658391418
2015-01-07 15:00:00,11,148.239368662017,461.324552608515,91.462168087187,38.6241580788177
2015-01-30 23:00:00,11,183.256887658898,425.325955510962,111.664931403131,39.9592507324694
2015-08-21 16:00:00,11,155.689914214601,466.579739249495,103.560659821599,41.417196759
2015-02-03 04:00:00,11,200.155114512494,550.82574111935,118.386277219532,34.0189104232008
2015-08-19 06:00:00,11,147.42806574133,582.798697497334,109.22120738202,35.9838427845206
2015-11-06 09:00:00,11,157.087456820282,444.390579843158,87.7318089942486,45.9684513960317
2015-07-26 06:00:00,11,152.234738763105,424.506579034753,98.3694181552128,42.3625851722703
2015-05-26 06:00:00,11,136.465082794832,514.916038844222,91.4337528536087,41.6401712278729
2015-04-01 14:00:00,11,173.121340451873,450.446935552366,99.563710248314,40.9418169367394
2015-08-15 08:00:00,11,147.015475748128,433.642830002686,106.949447166657,41.57008598052
2015-08-28 07:00:00,11,169.418318869805,491.258523121164,115.303757859539,37.1480950383517
2015-03-20 17:00:00,11,167.994994339328,431.418235268997,78.6371596752097,43.2156360427201
2015-06-20 22:00:00,11,147.904901184347,482.192744918403,109.054939529104,35.1421537017929
2015-02-08 05:00:00,11,196.185706443325,429.825135603241,92.5945346535038,41.8636573273506
2015-12-24 05:00:00,11,176.774213485495,357.763862087935,113.446720932898,44.4175499719923
2015-12-05 23:00:00,11,159.779889358506,466.154143852268,118.959053630841,41.1226708704519
2015-12-11 12:00:00,11,168.097114075656,455.922298579736,86.8124595172951,45.8391471136916
2015-12-08 04:00:00,11,196.456004064881,528.050651639913,91.6522129333931,45.3567683314783
2015-08-09 04:00:00,11,194.260982893603,436.279804472211,117.01443417041,40.096400846989
2015-02-21 02:00:00,11,166.554965771636,456.032384376305,86.4152369069599,38.8382843280109
2015-08-28 10:00:00,11,177.296983580824,461.08569523293,97.5431158571475,44.3879823160731
2015-08-14 14:00:00,11,208.050270052825,505.191307036818,113.079905228038,41.899754318651
2015-04-16 20:00:00,11,171.074666539039,461.237026661058,116.609436460179,43.2807894331453
2015-05-24 01:00:00,11,157.529483900562,485.829997076295,89.2873908713345,44.8848634918918
2015-01-03 13:00:00,11,175.721974780335,486.028540072898,98.9372065897419,43.5687465386797
2015-01-09 20:00:00,11,174.397019104312,505.444723146045,114.835160472678,40.6954992275615
2015-09-20 13:00:00,11,157.752663639896,465.406617344131,101.326218511522,48.3387825561456
2015-12-17 17:00:00,11,159.235210152142,508.634339411184,115.361336052516,34.0229599434331
2015-05-25 10:00:00,11,187.504851325405,348.836715234957,108.869967004538,36.495525364643
2015-09-26 10:00:00,11,182.598712210746,444.135229608038,99.0121608860156,41.3595908249549
2015-01-16 21:00:00,11,172.013334587451,452.954213168929,87.2597917302138,45.3707419411777
2015-03-22 13:00:00,11,179.237466316034,436.197862277483,95.0217683143676,40.5018308429645
2015-08-28 03:00:00,11,153.174208947065,488.604131176999,85.8988416517085,34.31985271371
2015-04-27 03:00:00,11,171.686445289529,484.721498181854,91.4692688784033,31.4922907203223
2015-07-02 02:00:00,11,181.115884524062,452.566355250632,97.1845087068964,42.533909744896
2015-06-02 07:00:00,11,149.595320828848,428.921434796485,103.291340789033,41.7986027333058
2015-10-19 00:00:00,11,178.679478115783,547.632088061987,88.167524581259,41.6468101545631
2015-03-05 18:00:00,11,163.929315073056,502.961911812883,100.631897900384,41.8463241776624
2015-09-23 16:00:00,11,144.688962858764,398.149546106933,96.7764923444248,36.8299218198795
2015-03-11 16:00:00,11,170.886575766323,471.389082425707,80.9369945278658,39.4087333982055
2015-05-21 23:00:00,11,162.729788769866,440.53796305353,98.9588596135521,47.9215808710419
2015-12-22 16:00:00,11,180.384377195128,516.69173123672,106.252204994575,41.7035887951177
2015-08-02 17:00:00,11,152.13774874535,399.575739629445,103.822754000714,41.6411908371602
2015-03-25 21:00:00,11,186.971143126659,460.070620530507,117.618765902955,42.0997890631004
2015-01-11 13:00:00,11,201.553752490501,508.522842520001,100.943222297387,40.2686429623297
2015-05-09 04:00:00,11,168.87589371261,383.890885852237,99.4457302550959,41.4020992577368
2015-09-14 02:00:00,11,158.93620975071,408.442671131769,111.060809140583,40.0423573306452
2015-07-02 04:00:00,11,175.325487677014,433.657483476982,90.7491821009037,32.4694787355944
2015-07-20 17:00:00,11,155.659570585156,449.536405175089,105.201824171561,39.2691593831622
2015-06-20 14:00:00,11,179.768704200038,366.135046375798,111.400491701086,41.1299379833116
2015-12-06 13:00:00,11,155.470679118292,436.09392403344,94.7506214347666,36.50664847501
2015-12-24 22:00:00,11,177.990303194235,516.236250490077,102.348967871496,34.5214975431975
2015-12-14 14:00:00,11,188.388295002429,497.090497127304,118.905076918025,49.602676404589
2015-11-09 02:00:00,11,181.040172763479,409.146495628607,106.605423015667,41.1267021516126
2015-09-05 17:00:00,11,172.818518150495,518.682470456561,127.997575940003,35.0086882296375
2015-03-04 22:00:00,11,161.311621062211,432.938041791824,96.4913121431061,45.3781141357837
2015-09-29 18:00:00,11,200.335265357847,490.420562244979,93.2726680409027,34.3179392799104
2015-01-27 19:00:00,11,159.393488191702,410.760982132593,144.187175176641,34.1057086783493
2015-06-28 20:00:00,11,158.177096619203,380.570577459948,79.6388983729282,43.3464744703742
2015-06-16 21:00:00,11,193.572579001352,431.194838249733,106.245944321617,33.7683518706184
2015-05-02 04:00:00,11,138.002463791638,457.013180680778,94.1832904468999,38.9766895481809
2015-07-04 11:00:00,11,179.78463172403,497.678292382752,92.9354100274583,43.3082404152604
2015-11-15 01:00:00,11,180.198146658804,414.12844818832,106.778063885796,39.1410494446033
2015-06-11 21:00:00,11,181.186767887328,421.492537804554,97.544514275551,31.4469344140271
2015-12-31 03:00:00,11,170.242015414366,354.689074586195,78.1146780937424,39.5417963784573
2015-11-18 16:00:00,11,174.551411564908,411.123260906092,103.629075842644,47.8337896995257
2015-01-04 20:00:00,11,195.102542739794,472.533453891197,103.894520234221,43.0729630452098
2015-01-28 20:00:00,11,169.372906662362,484.257333996692,126.536280138887,42.928253507483
2015-02-21 17:00:00,11,178.982222553353,382.19289855718,113.043230254436,31.6715231788374
2015-03-31 19:00:00,11,215.855473147461,381.427741702338,104.136612425698,40.0339278710073
2015-05-22 17:00:00,11,158.856413275477,497.406921763134,104.158150611722,41.7002977760942
2015-10-01 23:00:00,11,169.092950516815,493.732197600977,113.968799999153,28.8040587672662
2015-01-26 14:00:00,11,165.414793110029,358.598471265955,103.68907439743,37.2485375908852
2015-02-22 15:00:00,11,177.625700651125,494.428903865583,99.4369485898156,39.2392351761617
2015-05-13 04:00:00,11,152.564379584384,479.241375020275,96.9433306490746,33.7303507737726
2015-07-07 04:00:00,11,170.975752745216,524.259832128986,96.8790986768434,37.261320589691
2015-11-21 06:00:00,11,138.945647099522,431.668440708072,111.697143399423,29.6559840923184
2015-05-17 14:00:00,11,159.945611061698,390.966330313702,116.022647274305,41.9775540218406
2015-12-23 15:00:00,11,157.384088164683,471.83065808343,104.692471819388,46.0671517407565
2015-01-29 09:00:00,11,169.729187359723,426.259449507168,97.2570504912151,32.8971149093967
2015-11-16 15:00:00,11,169.072354034244,448.982001279166,94.7422150113676,38.1717602979943
2015-01-11 15:00:00,11,167.045537209959,447.599944378595,105.143954009616,38.0907320286287
2015-09-30 19:00:00,11,175.657543750507,488.342069870315,130.381737654294,35.4244377887232
2015-09-04 15:00:00,11,162.427490437966,464.188367049064,109.941306927031,35.0724629791254
2015-10-16 11:00:00,11,163.21404603503,442.966530069173,86.1263854840742,38.135623722947
2015-03-25 11:00:00,11,138.28121007142,418.739377592182,109.599335463685,38.1934650124981
2015-12-27 13:00:00,11,172.896699000651,454.495615337858,121.03593088538,43.5351912704299
2015-11-18 11:00:00,11,187.354667345654,468.611724832663,88.8858085135242,38.0993319422563
2015-04-06 19:00:00,11,175.973480329787,444.592270042451,97.2103649182306,42.9724916825497
2015-11-29 14:00:00,11,143.175800384935,426.625291114135,111.059008078715,42.1286868055756
2015-08-08 11:00:00,11,218.267536135445,473.547005995023,97.8312611498388,39.7426311522966
2015-01-12 01:00:00,11,192.278103822005,441.465430055856,102.746548423246,34.5303997490367
2015-12-30 18:00:00,11,174.793101244703,467.691932507203,100.583483920405,27.1509875982032
2015-02-05 17:00:00,11,159.069267217177,401.319565146921,94.5259706166262,48.9580561903826
2015-10-30 07:00:00,11,165.973680071195,414.191238124795,98.4647052725929,41.0645235868673
2015-04-15 20:00:00,11,171.328537023894,350.067935075688,100.068155233301,37.4709494265293
2015-01-05 04:00:00,11,153.686010361892,453.663928936436,94.2057223749531,40.7601604812152
2015-10-22 08:00:00,11,183.746838735426,452.034173479556,97.7346143381531,35.6832819643193
2015-11-25 22:00:00,11,183.643443409838,429.008591388875,107.735363667827,38.5638975483625
2015-10-15 17:00:00,11,171.521089563867,576.379719797566,110.866063700231,43.3992780030802
2015-01-26 15:00:00,11,187.754777531991,565.502987313288,118.199867595845,42.7091756167631
2015-12-22 07:00:00,11,188.486965897155,472.834675868393,103.235246549118,39.8677096939956
2015-05-10 03:00:00,11,180.509552127598,468.812853002436,108.897406440796,34.968362770875
2015-11-16 16:00:00,11,160.127850007794,472.510032405962,100.41048119639,35.1073585659639
2015-09-12 12:00:00,11,174.340632435898,450.392559858549,115.088558541348,36.6759397525704
2015-08-25 12:00:00,11,155.829392037378,546.905503231068,102.925450259994,42.3515441837623
2015-08-25 00:00:00,11,172.09383671787,494.49895404329,74.9360018420715,49.2419946364164
2015-07-09 16:00:00,11,173.565737086306,429.539085457108,91.855048657672,50.291165176039
2015-03-08 20:00:00,11,156.310830788436,423.961226911286,83.7617047037329,42.7559302696679
2015-12-27 18:00:00,11,155.820826099318,544.632148789562,87.4819839632345,44.4861680257539
2015-06-18 13:00:00,11,166.618893202336,439.856884566114,93.8912148948191,33.922705111803
2015-04-11 22:00:00,11,157.555394733012,455.074660408711,86.0593658504972,36.2348762670153
2015-09-16 10:00:00,11,161.331970226188,479.123646917296,120.496532355104,35.444732281111
2015-03-21 01:00:00,11,161.189142296859,490.326431696427,106.138236044592,38.5550127172985
2015-10-06 18:00:00,11,177.583834005528,375.604293414799,105.628856722463,30.5214782510539
2015-03-20 21:00:00,11,151.251742789153,365.033337910714,92.3479062739728,44.3346056129087
2015-05-03 06:00:00,11,156.984237569255,451.011948773317,80.5051971636454,40.0899414061216
2015-08-29 21:00:00,11,161.269494162158,414.457733884002,103.649285223631,40.3872610053745
2015-06-03 20:00:00,11,157.306968917266,428.273767032946,100.269061513735,40.4583986006087
2015-07-01 06:00:00,11,193.169189720591,509.255231398859,94.8677769155278,33.5942274256124
2015-04-24 17:00:00,11,153.669615987531,483.795386898405,103.205972431158,43.5611070099179
2015-08-17 16:00:00,11,165.935519251512,463.632129292135,103.414273705634,40.3004407507887
2015-07-16 06:00:00,11,177.630618870971,392.049501760224,119.385675230563,38.5103707199438
2015-11-22 20:00:00,11,170.768384836065,478.700072591937,122.028238225777,36.2542572659689
2015-09-12 11:00:00,11,154.164309274461,427.498040742096,108.479666617356,34.6180080600164
2015-04-15 17:00:00,11,178.602527889717,429.465532311911,96.6169408338562,46.7761100298229
2015-04-01 20:00:00,11,157.59843520389,447.616858900435,105.686391729086,39.6942278138016
2015-08-13 22:00:00,11,171.479097253973,381.155268154161,97.3626960892379,35.7047615036076
2015-03-04 19:00:00,11,179.355718701568,452.413180844831,102.002392502506,38.5626354894641
2015-03-03 01:00:00,11,170.176270576094,469.634200482331,106.894563643851,32.6947103577577
2015-05-16 05:00:00,11,178.629658066917,546.017663913376,99.4012397218855,41.9124305609566
2015-06-06 08:00:00,11,159.105356851899,449.933880392238,102.851115532782,45.096916495809
2015-02-28 05:00:00,11,197.098258048091,410.16095363573,86.9340227692377,37.0410184257607
2015-11-13 15:00:00,11,209.47504556156,393.106158508345,101.77414425154,39.3790871245696
2015-06-29 21:00:00,11,168.803987193636,559.781916302062,108.284237232696,31.4810072147689
2015-04-02 11:00:00,11,185.373567121827,456.777007883891,106.961426223323,39.7357318653611
2015-07-28 03:00:00,11,182.489804637056,434.208648832244,97.6882551780243,45.1564246344376
2015-11-08 06:00:00,11,163.914852758006,483.13828804917,83.940441442347,35.9071665144837
2015-01-28 18:00:00,11,176.708594068218,448.62935270651,128.128178937387,41.5177217304911
2015-06-10 08:00:00,11,205.391586337545,346.288923360177,95.8750793505393,30.2968225887459
2015-05-16 02:00:00,11,191.453120997364,389.201990589864,94.8193673246058,40.4785589016938
2015-06-16 11:00:00,11,179.212730415901,565.481554507392,121.04310768479,40.8913520462045
2015-02-15 05:00:00,11,172.81143519453,410.544910815341,96.7107051161878,46.4163638764056
2015-12-16 15:00:00,11,188.023326240496,382.691025533342,96.0490730584874,38.3676294559888
2015-12-08 20:00:00,11,161.21727222849,450.920137614823,84.2021873956031,35.5607519077338
2015-01-04 13:00:00,11,168.986760876957,478.114082219457,95.2593407039688,44.6268920301528
2015-12-13 20:00:00,11,166.70403413972,480.432673100593,105.648608522867,55.8066850542511
2015-09-11 18:00:00,11,172.172430180952,492.959199802531,103.87623209941,40.2932281290608
2015-08-30 05:00:00,11,179.31825292542,421.030812671097,109.328912072721,50.0436623598998
2015-07-14 21:00:00,11,186.925892547763,376.28549717749,97.4736445154367,31.2218847935467
2015-07-28 11:00:00,11,166.627432626137,415.211192584016,113.013416927404,33.9326642552049
2015-10-28 05:00:00,11,172.464641495888,498.747931868772,90.8995092231974,47.8971232807404
2015-04-15 14:00:00,11,170.125074922622,494.233714593842,120.395737501123,43.2376805041562
2015-07-23 14:00:00,11,164.42767986268,453.801258600648,69.968498564895,37.0926001936693
2015-09-07 02:00:00,11,153.989664356069,503.741289413511,121.508649829803,36.7075539534768
2015-10-09 16:00:00,11,172.781641445608,437.05833983223,111.994722449003,45.0882576002632
2015-12-12 05:00:00,11,159.085991034594,468.629529517374,103.100267108872,30.0765805250051
2015-01-11 05:00:00,11,194.53359464467,429.03290981184,118.372675563886,42.805837310519
2015-01-09 10:00:00,11,173.216259101874,485.11654787329,102.235182307663,33.3273354161919
2015-01-03 20:00:00,11,171.050279775609,504.16092945088,77.3026960931913,39.191716378576
2015-09-05 20:00:00,11,207.664059045255,444.644450456518,128.449025671032,37.5331524628994
2015-09-13 17:00:00,11,201.551545856142,438.600032772602,107.267256968311,37.9281358395044
2015-04-24 23:00:00,11,147.397524377324,429.911265357601,97.5218166523894,31.8346620108495
2015-01-03 02:00:00,11,177.856499472318,495.496492665771,114.557442564446,37.2099930626978
2015-01-19 06:00:00,11,176.444572648649,257.959430192329,103.633259512452,43.9721809498307
2015-01-14 05:00:00,11,160.180549945029,476.1037238783,100.41108129615,33.9087340700311
2015-06-21 03:00:00,11,179.156979296813,445.43230262167,115.819107299532,33.4345799818874
2015-09-23 03:00:00,11,182.62656610897,424.290202738725,83.9096099416314,47.1003815557971
2015-06-05 01:00:00,11,154.778266814063,446.621621020215,94.2063037116301,28.8229208782739
2015-09-01 02:00:00,11,154.431511025346,524.912148935047,84.4898607608851,36.9821623350139
2015-07-10 10:00:00,11,179.124438140732,434.334408576936,114.945017856295,48.1515933692967
2015-01-06 13:00:00,11,169.595231720948,532.717222372098,85.7435709293853,25.340754948099
2015-08-29 19:00:00,11,158.507532211901,476.333887279549,85.5665793020277,40.926167843152
2015-05-22 14:00:00,11,184.647009705043,398.15918150457,108.01046796148,43.9550339661565
2015-10-16 17:00:00,11,156.428534647453,411.85822700619,106.488555181033,46.3772271817787
2015-05-01 05:00:00,11,182.447291130395,314.881123350431,98.3001835004825,37.2395827548032
2015-07-20 14:00:00,11,161.602102269663,399.579661724353,84.6302654486204,37.1659054957355
2015-09-15 04:00:00,11,163.917682500199,386.730641530618,103.329268570031,38.7495153552453
2015-12-30 21:00:00,11,181.447883365139,410.324189305181,82.2186277268833,34.9681997863768
2015-03-24 00:00:00,11,174.329820502053,409.180032768102,89.026427705076,45.7594296397559
2015-10-28 09:00:00,11,192.507917367036,488.831857718344,91.6486600012439,45.7321449872674
2015-08-19 23:00:00,11,184.487703475815,427.856608281816,97.9411103561778,44.7241905424721
2015-04-17 04:00:00,11,173.284547374653,362.364673300992,99.1385353829958,46.9215214647689
2015-06-14 11:00:00,11,140.809457654859,460.427009277148,88.1205425680409,33.378814808929
2015-01-02 11:00:00,11,218.089457421236,354.393836391528,97.0833954069046,35.6618071471893
2015-10-29 03:00:00,11,179.075274099987,407.939266876051,84.3287943901651,38.3732075147515
2015-03-19 13:00:00,11,188.377114681251,333.949751393267,96.4876480144716,30.3516255834578
2015-12-14 10:00:00,11,149.929973482256,379.197828649966,136.336711563528,49.3445409809573
2015-08-07 06:00:00,11,181.093596528794,375.094315241096,106.730338802827,33.6118409280884
2015-09-20 16:00:00,11,176.929200631067,477.519530276837,93.9690545899491,41.9739643673585
2015-05-05 23:00:00,11,162.857549122847,434.888617992553,100.4539399349,47.8415722581895
2015-08-05 08:00:00,11,170.311156013423,480.750172679927,111.475413388141,35.928724275267
2015-09-06 01:00:00,11,199.402553313506,413.852044582029,136.014391676326,37.1921281653893
2015-01-24 16:00:00,11,177.339756162373,408.327424474966,81.9340790949169,41.6746191933491
2015-08-12 07:00:00,11,186.5352402318,352.170076944264,99.8197082282187,42.1434157510285
2015-03-14 02:00:00,11,198.851753169668,450.275253248949,100.011291025941,38.6565288695545
2015-01-20 06:00:00,11,163.842485655789,417.59426077413,107.387169650557,45.1194788241137
2015-06-09 03:00:00,11,206.947343407787,455.322217279412,90.5532072663559,38.200645999456
2015-11-07 21:00:00,11,188.721249547849,445.876924564044,92.4392160551044,38.298059130601
2015-10-01 08:00:00,11,172.848307665652,438.032633381782,124.458374050217,41.5847763836573
2015-08-01 22:00:00,11,161.095364951144,427.548312652779,92.5129159167269,47.5821914582204
2015-12-14 22:00:00,11,168.741841383833,379.826060068481,116.321510668432,40.9310834787062
2015-12-12 03:00:00,11,183.917757902364,368.399623583434,92.9550244975408,44.1846984121652
2015-05-14 11:00:00,11,159.453750532293,420.507455505878,107.427527266478,43.4079641946634
2015-05-06 11:00:00,11,170.484593764277,481.03291820829,95.5725587055436,38.0990223307002
2015-12-04 06:00:00,11,165.895754216359,469.390275075035,75.6027237918315,38.1004144598631
2015-04-08 11:00:00,11,160.732944138378,382.010198240767,89.9462554272141,38.4493426319414
2015-04-18 16:00:00,11,162.247234753923,336.406822592602,118.885860534698,42.0206789273255
2015-12-03 04:00:00,11,162.181789575472,478.542892794713,102.07107238553,31.9778357605529
2015-02-05 00:00:00,11,165.790353001378,527.716173668555,90.4822039736556,38.4799173514138
2015-01-01 07:00:00,11,180.325509742052,409.788550376751,97.5062031483547,40.5121602841119
2015-08-10 23:00:00,11,152.664601324938,419.751957996534,100.887668146927,42.3287226007195
2015-01-24 10:00:00,11,187.655264929612,480.81693234752,110.7423856213,44.3676165569849
2015-03-25 01:00:00,11,160.99404048539,410.229978634527,95.7300407644753,39.3259834191587
2015-04-06 00:00:00,11,159.463408873057,429.257192211053,90.3028081103566,35.8692739994994
2015-02-25 16:00:00,11,154.078068037455,408.218066732817,71.5378135243618,52.0739024667786
2015-05-26 09:00:00,11,188.611510221281,410.253198542566,95.230907176558,34.6196959143934
2015-04-05 23:00:00,11,166.005033720744,471.993210111129,105.388374525148,38.7773546776778
2015-12-19 18:00:00,11,142.881585451884,383.911136373576,91.835796122517,49.2607546791969
2015-12-18 23:00:00,11,178.815474338896,476.608957009206,112.253635646502,34.7728079349345
2015-03-26 03:00:00,11,174.362641939151,483.392957987618,102.491010027632,51.748415693001
2015-03-21 10:00:00,11,144.568704667416,350.627678599667,110.083319602203,37.9499779885885
2015-04-04 17:00:00,11,174.938200214225,507.903901644242,103.664143933443,45.014117472753
2015-10-14 04:00:00,11,193.186737570146,469.253905040138,85.2417393147801,43.2425142128275
2015-12-03 19:00:00,11,140.187886069847,425.210528125462,113.214009760587,34.4285316709667
2015-09-21 12:00:00,11,154.540032745332,444.678163510465,102.096283355362,49.5939072341498
2015-07-18 18:00:00,11,177.022035328314,436.126572557513,107.864817832738,38.6303620705812
2015-08-02 08:00:00,11,157.086512510745,382.773026173732,106.575503867983,39.5983014904502
2015-06-11 05:00:00,11,170.16251255981,419.998049624784,112.078539646898,33.6390939533832
2015-06-09 22:00:00,11,185.496969277309,431.028923792767,90.7734230832504,40.368732986439
2015-04-11 10:00:00,11,151.157339185845,422.058681013919,96.1951590101134,34.4434325648778
2015-06-04 17:00:00,11,171.025775993533,417.76258217901,88.7707264393795,32.1339150078495
2015-04-18 19:00:00,11,178.861317702085,407.785313061728,128.510514577422,36.1959582870026
2015-01-15 11:00:00,11,188.289124113758,436.684376761313,94.54495988235,41.295316307752
2015-09-24 07:00:00,11,179.596309613025,451.707653205766,93.357639098731,45.2569363551699
2015-04-05 00:00:00,11,178.915116042045,414.113252688328,108.468565351881,46.1291421390183
2015-08-21 15:00:00,11,180.907472310811,485.039924515938,88.3022446821173,35.3896518414216
2015-02-16 06:00:00,11,185.280120363835,356.825005984249,93.7451201239232,39.5884876221548
2015-10-06 05:00:00,11,188.317504431891,418.057366976317,98.5950806957422,35.2841645880394
2015-03-02 15:00:00,11,182.058550766908,526.869580099674,97.3411985093907,31.9079099941645
2015-06-03 18:00:00,11,157.656945538181,447.910962474986,109.012120277536,28.8832726731774
2015-11-10 02:00:00,11,174.042426368068,411.407335866602,89.3719551525479,40.5425016915933
2015-04-01 11:00:00,11,141.886096620376,406.877479925116,108.770720730108,41.9986251852906
2015-06-19 05:00:00,11,173.265074134827,475.102897691537,113.916765383867,42.7971885795302
2015-03-12 03:00:00,11,188.804538367711,533.038582877332,104.969707085339,35.6728167706749
2015-07-14 07:00:00,11,164.089482494106,480.947720953201,94.3238310586309,44.6957624338433
2015-01-09 19:00:00,11,165.891449890871,480.664637361628,95.5966061980329,37.4347448307264
2015-07-10 06:00:00,11,196.444418218287,365.099772749987,102.743514693548,52.9591710063792
2015-12-24 03:00:00,11,147.815764620994,433.707659150477,101.672752173071,38.2807135121936
2015-02-15 04:00:00,11,185.609847736967,425.458315800115,96.4931946576577,37.6437967246186
2015-08-30 08:00:00,11,154.709507146984,501.561315416743,92.1687432149205,45.8387629331141
2015-02-06 11:00:00,11,175.406204382943,415.584674864027,95.0056821088355,40.7951404221864
2015-02-22 09:00:00,11,156.564919097142,471.644996249489,109.151903562043,41.5506752438929
2015-06-03 07:00:00,11,181.903891524729,392.076368860506,78.1024896091839,35.4055676216558
2015-01-25 20:00:00,11,174.315007875017,450.043306116996,99.7800486683773,38.9315459502515
2015-07-04 12:00:00,11,156.223647672505,519.223941279422,84.6648398518962,40.9936507776405
2015-05-30 22:00:00,11,126.533890193894,381.824861832428,89.6553282046886,30.4797691228592
2015-04-24 01:00:00,11,173.731539012536,452.703874778485,97.5895339049063,38.3303581565516
2015-04-20 20:00:00,11,156.708103058691,373.576442859861,105.9387418787,37.8166984885054
2015-04-26 13:00:00,11,146.889881186846,462.068741404186,100.955358548267,41.9833649474065
2015-09-16 04:00:00,11,182.874651537381,439.283702137737,107.592422890551,44.1521579514545
2015-11-04 22:00:00,11,152.826237350068,476.569296495763,99.8136875304104,42.6979046345033
2015-12-24 09:00:00,11,143.865176072805,433.052264668383,99.0245372625911,45.1368797916292
2015-06-29 02:00:00,11,163.355363286813,454.406443274711,120.524340188378,38.1541126921306
2015-12-17 10:00:00,11,151.998214713563,467.550271992733,100.618435630492,29.0880147719768
2015-02-18 03:00:00,11,152.125684585759,390.480073098928,133.625576033638,41.6259416761313
2015-04-09 06:00:00,11,171.091928354936,416.885057545613,98.6527431997495,43.1216369367043
2015-08-23 05:00:00,11,198.197086663035,509.140534327561,95.3739483790954,22.6449142404179
2015-03-25 04:00:00,11,171.744447176575,456.752867235404,88.5661329898588,36.8777485146191
2015-12-10 03:00:00,11,158.739099162238,493.256734620316,99.4169045625082,32.7043036093825
2015-07-29 03:00:00,11,192.921635098367,472.958916499749,103.251240966642,38.2788322385471
2015-06-18 22:00:00,11,183.810240146639,414.002021469994,95.797417168329,40.0149878738189
2015-09-05 02:00:00,11,212.330836034887,464.594786990909,105.034377723021,39.2280894412928
2015-11-28 18:00:00,11,181.568813824706,463.082881803573,106.541529341085,44.4159482251059
2015-03-14 20:00:00,11,188.737294362392,352.426115191126,94.5524671681459,38.7612753322693
2015-07-03 19:00:00,11,176.659984193269,369.164974355075,105.03644018561,34.0109167900224
2015-01-07 02:00:00,11,171.669003463078,395.712429568382,113.51959133734,44.1547474071352
2015-11-06 16:00:00,11,170.079575937674,497.899773486019,95.1962858912368,41.5544444651167
2015-03-06 14:00:00,11,179.656883829505,403.434924205181,92.9129992277054,40.0665997687192
2015-07-17 23:00:00,11,166.586762426616,452.784245733777,90.1436665393597,38.4034842659676
2015-01-16 19:00:00,11,149.410615701131,474.802476231901,85.0031954123934,43.9347962129114
2015-04-10 15:00:00,11,170.734858998264,349.248098704154,100.710012882674,36.3985640424032
2015-09-08 07:00:00,11,148.022354634424,468.326740520247,80.3116890612681,45.2950971293129
2015-09-08 14:00:00,11,134.794627502296,428.554102938574,103.784006501455,42.8765909092785
2015-11-23 10:00:00,11,156.002774272119,341.383863876377,109.040750441516,43.0993445537951
2015-12-31 21:00:00,11,167.908399755987,496.022808263169,97.2047638083485,37.8132228442925
2015-03-24 23:00:00,11,159.667085684218,443.834261664921,93.6997138088368,40.0149546145495
2015-06-22 09:00:00,11,157.014467097157,444.586864153065,82.3213877428249,37.9392094201992
2015-06-07 01:00:00,11,194.821667423062,415.228258220604,100.012128876393,41.6466767220443
2015-01-11 21:00:00,11,173.507184428266,401.594362482548,82.1479174833567,44.3614036553143
2015-02-11 23:00:00,11,162.905237234629,478.793237279519,71.6835550311335,31.2935131602798
2015-05-07 02:00:00,11,165.775321788093,483.895981394291,96.0261744130021,37.9231254578457
2015-11-22 09:00:00,11,150.332891803586,361.26623215339,126.577457545339,38.9526544541707
2015-11-15 15:00:00,11,148.618557081259,489.998636591237,120.940915761486,42.7896420532537
2015-03-22 21:00:00,11,163.837304493466,412.558877692641,80.6580319464806,43.3630635835494
2015-09-26 04:00:00,11,189.355090678909,535.500946629952,103.523924674964,38.6401533145904
2015-05-06 17:00:00,11,172.374317084797,414.273089713996,115.322979128669,30.1945355788722
2015-02-27 16:00:00,11,190.916585187298,423.636081069254,95.3606327153792,39.4540339739352
2015-08-19 09:00:00,11,151.433140014527,419.799533141406,98.8552340046658,40.1819250564059
2015-07-11 20:00:00,11,180.399607823946,459.174537485134,92.0819917849521,37.5030951347453
2015-04-21 23:00:00,11,167.052178919319,507.689674319961,92.9602316623205,32.0136546187959
2015-05-21 14:00:00,11,160.127995694343,453.033101721301,95.6193662682392,36.8883764707677
2015-09-15 13:00:00,11,191.735970263937,438.969387474866,89.4058633141392,40.4694313346714
2015-05-31 08:00:00,11,167.949254865411,427.354341208594,83.440242938977,41.6831971521742
2015-07-27 15:00:00,11,149.655414051754,392.066771511724,101.480379284274,41.4190563267185
2015-12-31 01:00:00,11,155.113903100389,520.055725280391,103.287627553332,34.6323954556625
2015-01-01 10:00:00,11,174.330071565514,471.774230825018,109.277816118038,39.9317489530973
2015-06-30 03:00:00,11,163.287694479045,411.4796594586,105.33304927228,38.3121041600404
2015-12-09 12:00:00,11,179.250262547501,453.672682938063,105.091228348994,43.6297704943216
2015-05-02 12:00:00,11,158.21652162749,509.072843332635,98.8745320290059,39.424712982799
2015-01-11 18:00:00,11,151.194039265285,424.886155903243,100.246439828422,37.9945360461886
2015-11-19 13:00:00,11,157.298305446509,504.29039372327,125.485547769308,38.7645397449311
2015-04-21 20:00:00,11,166.700112568923,461.503796787553,107.642686017498,31.42271534995
2015-04-13 04:00:00,11,180.477178737632,488.399968220752,106.910543201377,41.0905149000207
2015-06-18 00:00:00,11,170.380067666911,534.787310709958,107.853315877216,39.3597568189527
2015-12-31 05:00:00,11,171.063010230094,415.40197249517,96.6995492767445,37.7279633020208
2015-03-29 09:00:00,11,187.655828129653,499.25958238649,90.7274062295693,41.3351104097212
2015-03-21 02:00:00,11,163.683171576376,448.601521818417,98.2479235558768,39.0190058601945
2015-11-10 22:00:00,11,180.861533995079,409.29536025851,106.364011093735,40.5402290460613
2015-06-21 02:00:00,11,179.110642897797,482.605511195682,97.3290069323216,40.2585357550727
2015-09-20 05:00:00,11,203.401840721649,452.071104194349,98.1873631872162,48.398526406597
2015-08-01 14:00:00,11,172.979294134698,429.721939284141,84.0082413839533,33.9575365079436
2015-10-10 15:00:00,11,180.431269173577,463.482523353436,92.1562346222296,43.6506595396314
2015-09-14 03:00:00,11,137.549692380968,421.20103744951,101.913650131092,39.3900960771945
2015-02-15 20:00:00,11,175.950383572207,423.980823294637,90.0297507081507,39.4952012783794
2015-12-02 09:00:00,11,174.636868176591,352.856947954406,93.0743936042107,54.4019970525438
2015-10-02 11:00:00,11,180.345012262301,494.715063152689,112.331905678916,44.6218693363946
2015-11-21 07:00:00,11,168.633954304896,364.920697114864,120.172346753803,41.1565092673167
2015-02-28 19:00:00,11,179.667600936992,475.82175849685,98.1685617657333,42.3565636840997
2015-10-29 02:00:00,11,164.927919789052,415.101401659228,108.250722536751,32.5402983393986
2015-04-05 01:00:00,11,183.698983014832,431.136254721587,113.975554322615,41.3742019203923
2015-09-03 09:00:00,11,150.353582488362,380.041531779507,109.045590092099,39.5023991402817
2015-08-12 12:00:00,11,171.625475049123,453.239020526961,90.2311109722892,46.864093431451
2015-02-26 01:00:00,11,173.467343040483,513.065412731474,112.034965814691,42.137981803383
2015-01-20 23:00:00,11,165.50745032863,342.754570205711,99.6670587084748,43.2718117693266
2015-07-05 05:00:00,11,199.810795328851,482.962385812857,112.314332162172,39.6787850649574
2015-08-24 22:00:00,11,181.701900728166,494.636692235018,88.7752866300501,36.6177475507559
2015-09-02 11:00:00,11,153.912410083664,363.917992166953,105.827193178098,43.8332263743431
2015-01-13 10:00:00,11,166.896180397564,480.398634060441,86.6528085019277,38.8004323436944
2015-02-25 05:00:00,11,133.880490140267,414.894087733965,108.002410935512,44.5265648898594
2015-12-19 10:00:00,11,180.815807282014,450.710045764487,108.491634801974,39.6210415647414
2015-08-10 17:00:00,11,177.444230896291,506.205706750106,102.847850100024,42.6689058613864
2015-03-08 03:00:00,11,176.224344800443,528.51692961494,107.562527117451,41.7598303159271
2015-02-11 15:00:00,11,151.694568829275,420.99154140255,106.844162274629,37.659823899697
2015-06-15 13:00:00,11,160.357643598364,484.054789554024,105.37340974447,40.480685134623
2015-09-11 23:00:00,11,180.264973067623,490.244192412738,88.5832897915586,43.9121332071364
2015-10-18 04:00:00,11,179.268510268446,465.035013348272,98.5767520062067,45.8117329855931
2015-12-05 02:00:00,11,143.438975651029,403.048614683359,97.4556714361881,47.672248210033
2015-05-26 23:00:00,11,176.79152489483,440.739120518701,102.086715018735,33.3404637307753
2015-04-12 09:00:00,11,166.537570494874,436.154880002318,86.5899265365648,30.0448168319718
2015-01-31 09:00:00,11,173.913007163903,464.287122471406,96.8418150146125,40.3301028909783
2015-02-23 01:00:00,11,176.199600800077,486.110411841499,101.454736095585,47.6797176945983
2015-12-06 22:00:00,11,157.974289390378,491.30266340382,90.1938507816047,35.6169923038175
2015-08-08 02:00:00,11,172.150330718802,422.984763616747,99.1357799713858,36.7799679750246
2015-06-30 15:00:00,11,174.304535129473,296.416045253169,92.6310748749105,32.1630972269318
2015-01-22 03:00:00,11,187.601567006875,315.194420925016,107.128548073431,46.396990709672
2015-01-11 19:00:00,11,170.145686314516,421.006885780847,97.6215341565019,51.307005387295
2015-03-22 04:00:00,11,135.893495176445,401.728266806878,98.5476897418607,30.0754119079539
2015-10-18 08:00:00,11,173.752793686316,432.738208475383,97.8079540646609,31.9889674617014
2015-02-06 21:00:00,11,182.51395114051,397.083091992316,108.568263719449,28.8334750884098
2015-02-02 20:00:00,11,175.431679217973,366.134649861397,92.1956446133221,42.7700501600755
2015-08-20 08:00:00,11,166.856942719668,553.024687908916,89.1299739677028,41.3102056863538
2015-03-01 20:00:00,11,156.101278065596,536.091084655234,93.2619450224386,45.0217742826893
2015-11-05 04:00:00,11,179.93572417429,408.933700468874,111.998029274878,47.7236440018046
2015-06-11 00:00:00,11,166.786052874644,501.739047589707,99.551607562223,39.1633095655766
2015-07-06 15:00:00,11,178.251835801671,431.641238180033,101.247058450383,43.7993889182086
2015-05-14 23:00:00,11,167.308262192505,464.866321329675,116.337493344973,44.887055870576
2015-04-23 13:00:00,11,185.020583447776,455.215029724165,114.03208629263,41.1473815008944
2015-01-17 06:00:00,11,154.484827933183,429.625345621936,95.1932741900428,38.8831423318242
2015-01-16 05:00:00,11,176.334292080045,463.979837621434,106.290170345754,32.851898334773
2015-10-24 08:00:00,11,170.629366340109,450.142780859271,104.955933941321,35.4207283725299
2015-09-08 08:00:00,11,144.119283422957,436.781343559255,92.6725960007069,33.1823618828792
2015-07-19 17:00:00,11,158.696880401567,436.768331707094,109.973327301705,40.6881850187254
2015-07-04 10:00:00,11,155.541584120207,467.100385861378,101.9206578436,42.7194338351373
2015-12-23 12:00:00,11,179.111592952586,503.389360979313,104.493406003458,36.3758822453708
2015-10-10 16:00:00,11,184.649110118879,503.658963492264,87.6200379507864,33.3237825062811
2015-08-20 02:00:00,11,184.305342869281,503.367008958604,96.5165510074811,43.4453156173031
2015-01-13 18:00:00,11,166.772801311415,379.481139514517,118.827645870224,40.0378487414339
2015-09-11 21:00:00,11,179.53167991018,390.327118114064,106.214525269617,54.7512342376614
2015-02-20 21:00:00,11,149.923163654315,425.929596483259,103.270585979655,37.8659047029087
2015-05-11 11:00:00,11,176.431152521617,377.723221460155,106.001819942313,34.1552119309309
2015-01-09 04:00:00,11,184.63075591142,507.638112602526,114.909974422896,33.1291231978014
2015-10-05 18:00:00,11,165.965950808978,465.08099287581,83.5137358659547,31.2860218611433
2015-05-09 11:00:00,11,155.916390442702,419.132730491601,100.421659735365,38.9548478712768
2015-10-22 18:00:00,11,160.972651190548,425.000761239511,101.329742482583,45.8831888247443
2015-08-21 03:00:00,11,155.662601370354,480.755666649288,96.5402512835238,43.8595848376095
2015-02-27 17:00:00,11,182.287535185424,401.989283430584,99.7093081639248,39.5109195883752
2015-04-12 20:00:00,11,173.160149790913,421.202251599863,93.4196906589382,44.504533495712
2015-10-07 04:00:00,11,179.259644010994,430.027019276762,103.966321954306,48.3638955052953
2015-03-28 21:00:00,11,177.1893761732,495.124218237926,106.943283165462,41.6272490458709
2015-01-17 18:00:00,11,160.568972100183,341.08716649896,102.026740589683,41.9402049310291
2015-04-04 03:00:00,11,158.052874858203,418.462537005995,105.053272086389,38.4258206270541
2015-09-24 15:00:00,11,166.424627975487,544.488127206163,99.0397020833048,43.062187666169
2015-04-23 18:00:00,11,178.023202789152,459.155296527479,97.613070628092,40.6544277827279
2015-06-26 18:00:00,11,161.72331865096,310.361141378402,99.9321554346001,32.7086559164961
2015-03-22 03:00:00,11,143.968505152427,459.595352575248,107.574795523696,38.5490328920374
2015-10-02 01:00:00,11,183.970010132796,363.931574085207,117.326804616399,42.877617352831
2015-10-05 19:00:00,11,164.706511511011,470.582521019821,108.822725624174,38.7247651605164
2015-11-24 12:00:00,11,150.340330241741,324.905105063845,89.3424120259063,37.7648346861828
2015-06-30 04:00:00,11,175.224222389023,466.532850646127,93.450091156787,41.9408986420085
2015-04-12 00:00:00,11,168.849517127451,425.326790503994,91.0790102140383,38.0149765671154
2015-03-12 14:00:00,11,184.254843660881,476.056196367286,96.9793169386428,37.6892640238919
2015-05-04 05:00:00,11,173.98733846767,405.770631140169,97.4953666051508,40.104830040796
2015-12-25 04:00:00,11,149.438387466846,479.420347098375,102.502005778525,34.1668962043441
2015-05-16 16:00:00,11,152.533785260488,433.508657719615,109.501727187202,37.546188391042
2015-03-18 00:00:00,11,153.439248038402,479.235183641096,106.135547606175,43.4954464969994
2015-07-11 21:00:00,11,171.151958801584,324.384507055964,107.812905080182,41.3668808369392
2015-01-27 13:00:00,11,152.273230023555,484.731899277744,134.193975843506,41.4002986382078
2015-05-22 00:00:00,11,180.822117880198,426.392478760729,101.618095730822,43.7437352810689
2015-08-17 07:00:00,11,155.121400470123,445.910491425848,88.4205150227461,38.7761003530191
2015-05-14 21:00:00,11,187.196078839396,479.968620637042,98.3533276550415,36.3353752774406
2015-08-13 07:00:00,11,161.371702655275,399.94746571023,107.281678690081,33.8462784110321
2015-10-10 21:00:00,11,164.499852355576,477.105349897143,110.035792838086,35.0998809671643
2015-02-08 02:00:00,11,154.64760489121,530.19755185947,98.5462787650217,37.5603538753284
2015-07-11 00:00:00,11,167.492020637686,521.488867607473,92.1629674401101,53.9613058319693
2015-11-09 18:00:00,11,183.949021174175,436.193235743742,99.5162059948457,30.5852504535216
2015-07-25 20:00:00,11,173.651932634783,487.838514444578,111.15388100765,33.9231567195169
2015-04-15 04:00:00,11,185.790804445331,503.770477107523,96.4942166199337,43.427786068563
2015-02-10 05:00:00,11,167.791334358934,547.608114196849,108.656627091652,40.68486274865
2015-04-21 12:00:00,11,158.262552237701,469.8607142891,122.280372977214,46.1087381184637
2015-11-13 05:00:00,11,164.729069123392,531.719537472197,96.9982613775181,52.1694063196893
2015-11-04 08:00:00,11,144.94780814209,451.606393881882,72.7320251137976,40.8651332669088
2015-05-24 21:00:00,11,176.22856501984,458.680062393546,101.187494547499,40.365771798203
2015-07-13 03:00:00,11,164.57241307671,471.27024781589,91.3227267321673,45.2280120147262
2015-06-18 21:00:00,11,165.456794830785,543.210792222061,120.285470526189,47.8288658888627
2015-06-27 17:00:00,11,177.118739524092,516.080078113892,105.191456413351,38.4778419349334
2015-01-27 18:00:00,11,176.327296345002,401.571554097654,131.184802558877,39.5536593322535
2015-07-23 10:00:00,11,146.463439821804,552.841035745842,106.128744934987,47.5519897543703
2015-05-28 22:00:00,11,161.684225498186,544.489538478604,97.8699652389059,37.2009784249638
2015-11-02 03:00:00,11,174.594149142372,423.343078636976,93.7164230045778,42.9200990087501
2015-03-17 00:00:00,11,162.266279189728,470.402950397672,73.0296105650299,35.1105992806599
2015-08-08 09:00:00,11,169.918539138956,495.57561254267,113.454189105653,44.292663678022
2015-05-14 12:00:00,11,173.152569154349,449.887517099469,108.160896141407,44.0808105343481
2015-09-07 12:00:00,11,184.002079109107,518.568544651625,119.02492606895,35.601293774744
2015-10-23 12:00:00,11,166.234778316448,447.101717475825,98.1388804058579,44.3820291097025
2015-02-14 14:00:00,11,193.128182829137,400.467469774441,107.020312841692,36.0604566004052
2015-05-28 05:00:00,11,170.830464176194,416.931447030567,104.972108467242,37.36042641421
2015-01-30 14:00:00,11,179.695891677023,436.571714384345,111.441212586501,44.6735067106407
2015-10-19 14:00:00,11,170.420037252124,449.061145647588,93.9146413252901,44.8975214848258
2015-10-06 14:00:00,11,173.67900363144,478.952716227518,105.962637543344,39.4009441998158
2015-07-22 21:00:00,11,177.567152035795,369.808851714614,97.9255393481967,35.8298958264644
2015-09-01 10:00:00,11,172.776891722753,527.0065248435,110.209715135153,32.203465098372
2015-06-24 03:00:00,11,175.957324428195,485.760334522693,114.553061122964,43.9053904948695
2015-01-15 05:00:00,11,190.646974022647,463.244190526126,94.4626979096595,37.0092340558641
2015-03-12 13:00:00,11,160.597384268742,468.445819538549,103.012284647847,41.9700327093964
2015-06-18 14:00:00,11,180.598894163534,405.736900670931,94.0303812839786,40.0620329923492
2015-07-20 05:00:00,11,183.476007422252,516.259824870632,98.094689190912,40.0722977065712
2015-03-19 04:00:00,11,139.409582163232,408.034224516294,110.764966576863,37.1899293175312
2015-05-02 09:00:00,11,189.291414120619,454.190982085675,89.8627315742756,31.6493388332012
2015-09-13 23:00:00,11,163.435372446398,461.979066706619,103.05145406715,37.0180413740603
2015-04-14 05:00:00,11,175.540853528521,482.70353841204,104.536241181203,39.9107632042134
2015-05-08 15:00:00,11,191.402406549508,432.833593220042,106.443775575084,34.0885753917391
2015-05-14 02:00:00,11,158.121236368175,425.494702961886,111.352833294128,33.4946953804433
2015-06-01 22:00:00,11,179.050774033911,450.795583682356,95.2150185190299,36.3967295574577
2015-12-03 12:00:00,11,173.635722943798,425.800954068416,109.157511345321,42.0832266682338
2015-05-06 08:00:00,11,144.745450353737,543.499616861265,98.3762224581982,44.4988610253928
2015-09-30 15:00:00,11,157.646154575372,564.37708888549,123.556211397209,33.7815537523011
2015-03-16 02:00:00,11,174.970945050401,437.585193755114,109.418403481925,40.6740236740558
2015-07-13 10:00:00,11,157.062017170687,403.713859256325,105.270749381628,42.97397997992
2015-11-28 10:00:00,11,182.869009080593,471.069949418919,116.424280621847,36.242546221809
2015-07-10 05:00:00,11,171.303416179428,415.235274261203,101.861961163618,54.2881735925268
2015-12-21 20:00:00,11,169.222002469864,410.811506210056,109.332033292844,36.2997751185226
2015-04-06 02:00:00,11,185.098679310774,438.958828173766,100.21239657651,34.3565123729202
2015-08-04 22:00:00,11,178.434464207026,507.747581938607,105.318694836875,41.0439574482984
2015-12-07 22:00:00,11,170.523509616486,428.056324860212,104.20116342707,34.6845561536881
2015-06-01 13:00:00,11,148.298381352305,534.260341094313,93.8521580691857,38.2381234495131
2015-02-06 19:00:00,11,183.35608572032,393.504558476058,94.369764476528,43.962330840247
2015-12-29 03:00:00,11,140.061342231097,438.007213270966,110.691005936299,44.3474457942463
2015-07-21 03:00:00,11,181.200889669377,355.671761906137,108.40337261454,40.7283268072981
2015-10-11 11:00:00,11,142.671991876756,495.324474768975,88.2559063249648,42.1645572271673
2015-02-19 05:00:00,11,177.732452307574,420.918836236622,128.126237436519,37.1623471361789
2015-10-27 09:00:00,11,165.717551861032,496.870822686418,103.302432648872,43.8562434228577
2015-12-18 10:00:00,11,162.85737892997,427.699861410054,103.886392523836,39.9288707816982
2015-04-15 09:00:00,11,185.170190856558,304.862226403925,80.5586966504736,34.6880696847787
2015-09-23 11:00:00,11,162.637016274479,501.517740948403,96.5854010729635,49.6129267707314
2015-10-03 01:00:00,11,144.310826056484,534.052640921035,92.9467956264399,39.6940148523298
2015-03-03 00:00:00,11,167.386210661014,407.741196423878,100.883359392243,45.7869697990092
2015-05-05 16:00:00,11,160.329865292669,443.455334906574,104.471340008605,37.8005073817515
2015-01-24 17:00:00,11,202.728158352371,453.837104578574,107.006422778188,45.5144912464453
2015-06-07 13:00:00,11,178.002769641669,520.938341078841,102.810729165222,40.7204243323598
2015-08-21 20:00:00,11,168.152402472397,429.378381212442,90.9334408010484,48.0300375428747
2015-05-18 15:00:00,11,170.446841769886,450.74965792333,95.1969408129672,42.3759358223018
2015-10-29 13:00:00,11,180.806374108886,448.624713419321,106.765205033277,41.3288815479102
2015-04-30 03:00:00,11,171.75378891399,439.256219427336,81.3237375734699,41.8658287445129
2015-10-04 16:00:00,11,180.861524183974,461.752186476011,110.581766936637,43.0489925690739
2015-12-14 17:00:00,11,164.027736879885,426.315410236124,110.127892123807,57.4823391107472
2015-12-07 09:00:00,11,177.728116278056,358.364393858029,94.8903173334978,36.4391421704651
2015-01-22 08:00:00,11,161.704841320153,412.895639744298,86.6019665780888,47.6281379032621
2015-06-16 09:00:00,11,171.325516951652,436.254462038811,120.736570154218,40.6070466251563
2015-12-01 12:00:00,11,176.221548685412,485.569762524674,91.320126491225,47.9905724633672
2015-06-30 02:00:00,11,185.166912786229,474.73914653752,108.312765959952,34.4478500947518
2015-05-29 00:00:00,11,139.581724857586,498.932124049432,100.210482167345,43.1226694345878
2015-01-05 18:00:00,11,166.671556361634,366.270845431342,91.2868160498285,47.8080727999041
2015-08-28 06:00:00,11,163.181672228251,423.683128080302,107.693330735293,41.7652580352118
2015-10-28 15:00:00,11,153.094352210062,517.57908925868,92.5614817174312,39.8190093716857
2015-11-29 03:00:00,11,160.203924927569,469.280040946874,121.406611798157,38.0877019944534
2015-06-29 19:00:00,11,170.923224240341,455.183996904869,104.618070270329,45.3832307312753
2015-09-01 13:00:00,11,180.756657831691,350.585223853015,111.996543116116,43.0470500471594
2015-09-16 18:00:00,11,162.702521934544,375.238757902483,101.639077601377,39.9006515112569
2015-07-28 00:00:00,11,177.366547718259,455.423380287547,110.344617422816,32.7635799088184
2015-07-30 15:00:00,11,190.336460084654,468.757396839269,101.672035187415,40.4852591586887
2015-02-18 07:00:00,11,191.247947891041,443.505623759313,147.514558641574,45.619231976977
2015-03-30 18:00:00,11,173.400737488498,493.925276851328,117.885821004748,44.880225616916
2015-09-19 20:00:00,11,175.574478262757,371.330517366146,97.7407687599915,40.4121578766547
2015-05-15 07:00:00,11,178.86073252182,484.481763960669,102.131073661061,32.1720272285508
2015-04-09 19:00:00,11,180.252717053933,523.514628071127,83.0909984950895,39.6847068268334
2015-12-07 16:00:00,11,162.90077359722,431.513960301998,99.0620396312706,36.7987367119142
2015-07-27 03:00:00,11,181.755389470688,465.142035322793,85.5434035868907,46.5885937859576
2015-08-22 07:00:00,11,168.222416911324,438.993185736535,104.324352652513,42.1809078694982
2015-10-31 19:00:00,11,164.371198559182,523.386006687616,113.046698473202,34.6970061933172
2015-10-03 19:00:00,11,165.396999593597,468.710344070198,103.52286381132,43.4968897906066
2015-04-09 18:00:00,11,129.658142705729,495.242971157045,89.414821036263,44.8850663459561
2015-02-25 10:00:00,11,165.339253109592,430.635529413422,99.4529687050804,42.3344930976954
2015-06-23 11:00:00,11,186.741954443247,363.307747229729,104.524543384491,33.6069116347136
2015-08-28 08:00:00,11,154.16785844575,442.581913723289,92.9621613057355,30.3588279324291
2015-07-03 10:00:00,11,165.355835536746,474.258694103346,93.9588377120481,35.6999842132151
2015-02-25 09:00:00,11,186.702946542763,384.601172652831,77.2507869552568,29.6389209542122
2015-01-23 07:00:00,11,161.110799705481,382.103616827147,87.9715387234926,36.2046653194851
2015-06-22 10:00:00,11,135.325247419484,626.625822250551,91.6966961357901,34.0472078078999
2015-02-01 14:00:00,11,184.792881236972,442.206760185072,83.0545527764268,39.8776448855464
2015-08-11 17:00:00,11,173.051650851525,388.946521086902,90.4776147961553,45.6038617354422
2015-04-18 09:00:00,11,201.022694951738,480.600440950223,125.254621677206,36.4490246187891
2015-12-10 19:00:00,11,180.492867089856,473.695947351293,112.813398250171,45.2892740415602
2015-01-02 20:00:00,11,163.21842310531,449.003756971598,88.0005669952761,38.6662534575192
2015-08-27 09:00:00,11,180.041168819227,461.924888375585,98.4071977525375,44.6343553234394
2015-05-15 06:00:00,11,176.730222020105,447.586681602366,97.5584048837406,35.1113934463621
2015-08-26 06:00:00,11,172.161727509806,481.996151681796,96.731536102348,40.5819825003971
2015-05-15 09:00:00,11,146.523746791901,477.819145812192,103.263177990025,36.7400197957318
2015-05-18 00:00:00,11,187.614938684428,371.470470472903,107.238390452036,43.4200248110442
2015-06-11 13:00:00,11,180.422588061955,387.234744888529,100.197718745612,46.7239419000797
2015-02-21 22:00:00,11,191.258419873373,433.118407092261,94.8380251718132,43.731200643624
2015-06-14 17:00:00,11,153.782941481548,472.744265140007,104.81228884686,34.883556346807
2015-08-18 07:00:00,11,150.335329336978,588.67099538285,85.394460861045,46.6304582525982
2015-01-07 16:00:00,11,153.860436153176,396.240312924408,97.8937781382801,36.6797654235967
2015-10-06 08:00:00,11,176.269961557219,557.589777196216,128.522621390895,36.8361090415237
2015-03-23 23:00:00,11,178.88331155688,481.724266163132,94.6285156012401,44.6908414492895
2015-08-07 16:00:00,11,155.152626554609,489.082963822108,105.22434845591,43.0905914032342
2015-11-16 22:00:00,11,157.765907804356,436.322314074718,87.5264888091534,46.551707324289
2015-05-11 16:00:00,11,172.090776744481,410.976550407527,99.3941954301603,34.9489203312372
2015-09-29 19:00:00,11,169.262532690924,552.103932653482,113.382166332529,38.2812997281444
2015-03-28 13:00:00,11,165.71053551536,434.883373101851,92.5902083369274,38.359367243282
2015-07-17 16:00:00,11,166.688668147107,358.52933968024,111.624909431428,43.8821551114624
2015-01-09 11:00:00,11,167.898852963132,341.55755141262,117.926557753857,40.2372400976446
2015-05-14 07:00:00,11,177.952898861331,494.689720132345,85.4591730109643,45.4112753630888
2015-05-23 05:00:00,11,172.384572965226,505.922111661543,95.4597884120099,37.1304602531322
2015-02-20 15:00:00,11,165.370874580105,395.48035886884,79.6618856921661,34.7324746434966
2015-03-24 10:00:00,11,184.181267800516,399.704333806513,97.8567863348178,34.4505508742244
2015-10-02 15:00:00,11,167.677709820777,407.226094475363,92.5738817058013,34.7027227470263
2015-05-20 09:00:00,11,150.88726675947,528.813019109084,84.6401328711875,38.6307266063737
2015-12-21 12:00:00,11,169.806297135473,460.543313596382,111.743136873858,33.5224274532641
2015-12-14 18:00:00,11,186.305451349985,459.380799105405,130.781213890841,58.3210971525169
2015-05-07 08:00:00,11,169.994531448465,408.931926018149,88.4337257609806,42.8958980185659
2015-03-11 07:00:00,11,165.915320610085,436.43476541935,105.717016565258,42.2392614941072
2015-11-27 15:00:00,11,173.401701124222,462.176860711019,100.901472122109,47.9013703041468
2015-10-19 12:00:00,11,191.33620126211,478.941586779292,93.6041158570344,31.1801119489482
2015-07-22 15:00:00,11,151.146549911254,502.717702859019,109.932284934048,39.9762660228881
2015-12-24 18:00:00,11,162.192361611431,359.542308197702,81.0911422045699,40.8263630121118
2015-12-08 22:00:00,11,156.004299488903,435.834348421587,93.94473082738,36.7974361637767
2015-07-08 03:00:00,11,185.139448021274,507.741384221193,90.6565669682097,45.3002094837943
2015-11-16 11:00:00,11,169.807338448953,473.545579696914,113.04243652884,49.8193741476946
2015-07-11 07:00:00,11,180.859310132537,495.095151459325,98.5048597861046,33.6926748824934
2015-04-26 19:00:00,11,184.987871724833,425.698531235102,107.789389579597,39.6952564196019
2015-01-02 17:00:00,11,167.434434759386,402.818274999037,118.003219376748,49.1985862728747
2015-08-21 14:00:00,11,138.983466724358,418.707046011975,112.126655900324,44.9410802426394
2015-01-04 21:00:00,11,200.715493290908,473.122559740671,102.68414650646,34.6003875502532
2015-09-22 03:00:00,11,171.483879628146,442.012877222603,96.981052623768,45.1031113906225
2015-03-23 05:00:00,11,149.46360053586,453.036446826928,89.0727392242958,30.1274411596503
2015-10-26 05:00:00,11,171.960386735685,456.960253745956,88.554880662101,41.1370355922814
2015-12-14 23:00:00,11,189.448835111583,519.794758457198,110.332454530752,38.0668932881615
2015-07-31 06:00:00,11,153.150140069784,498.435139142496,86.9750051242901,39.6578944295297
2015-04-27 23:00:00,11,159.850144740159,409.01934583606,91.6715308117844,44.7183881123916
2015-06-18 11:00:00,11,161.749272333316,476.207830334558,102.597511221062,37.5940404697268
2015-02-04 21:00:00,11,175.735972707948,450.185116844114,110.439001729054,50.8908774153389
2015-12-05 03:00:00,11,167.122926337572,451.782417333807,88.1255650661675,33.8882003913299
2015-03-27 08:00:00,11,198.763082956288,366.908763624979,123.045532350293,39.8761887976736
2015-04-12 18:00:00,11,156.503102107574,404.175998966729,106.545071648267,44.2905585626604
2015-06-26 20:00:00,11,183.348110847655,443.114696248354,82.8674792998404,38.6444503312328
2015-02-02 02:00:00,11,191.017895842651,336.991096127642,92.7887890118336,45.500570999301
2015-07-20 12:00:00,11,166.611197534928,447.320902167103,91.9358713304789,45.3127910390227
2015-09-01 15:00:00,11,180.261031617674,394.683191039219,92.5948280333654,37.1236464094527
2015-11-04 09:00:00,11,168.167374647619,443.71943169302,104.996608778844,45.4807778394028
2015-02-23 02:00:00,11,187.162759959285,496.885477641201,97.6965095263108,39.8844966200373
2015-11-15 06:00:00,11,171.159747975885,474.807343054026,91.8015986055921,27.8130700411789
2015-10-10 01:00:00,11,151.67618334478,558.486538925288,115.883659832614,42.59471118748
2015-04-27 20:00:00,11,160.841732903755,463.798415108416,118.525527285462,45.3666224527576
2015-09-07 14:00:00,11,189.868649472612,409.353018335278,135.728153926481,30.8043962108742
2015-07-26 21:00:00,11,172.54445626555,487.55615887619,92.4517387800164,39.5452670081401
2015-03-12 04:00:00,11,171.481997807733,397.938390893428,98.3893199733328,42.7955483875453
2015-03-21 13:00:00,11,182.955374243622,474.784852114542,111.53297729804,42.4585658013431
2015-08-13 18:00:00,11,189.546253546431,421.667937667634,98.4465079766383,35.5565871584271
2015-03-15 16:00:00,11,143.003011464005,541.926640764306,116.131343377616,33.5041416978002
2015-01-15 19:00:00,11,158.252827623807,407.108092730872,99.1798924764386,43.6514639072306
2015-05-20 10:00:00,11,172.690768685456,494.675950824565,105.8575492651,49.7733692317687
2015-10-27 08:00:00,11,206.150985211556,519.721450500297,113.539181585618,35.3043527959256
2015-07-30 22:00:00,11,139.412095198524,398.206607440195,96.6292723315074,34.4756764685632
2015-05-19 04:00:00,11,167.341491318638,415.544796283841,110.815795241106,34.4097744421448
2015-08-31 21:00:00,11,178.899184921914,453.177399363511,113.446706526999,48.3168097281574
2015-11-16 17:00:00,11,165.754746688494,394.686580365784,88.5345957014635,34.0543519903325
2015-04-15 21:00:00,11,198.324118215148,473.818077547038,122.448110231019,41.8181335985956
2015-10-13 08:00:00,11,156.378527278716,481.817754935015,82.8044215710375,51.7725252038806
2015-06-25 15:00:00,11,148.59470275286,423.940200461325,93.3999124280703,38.8331074329983
2015-12-13 19:00:00,11,182.140017760338,460.413947299071,109.093815492191,54.8933035379997
2015-09-27 05:00:00,11,175.072556057552,389.750232034824,89.0584273072413,40.1283384602722
2015-04-11 13:00:00,11,166.86003165249,561.891426347213,110.5656649491,33.5947765086062
2015-07-01 03:00:00,11,170.828109484215,430.550683410718,103.293597324245,39.9976762204897
2015-08-13 23:00:00,11,172.077924313426,468.952117459497,109.751221825049,30.7304658262466
2015-11-02 02:00:00,11,181.114746814488,446.953708363427,84.9635974391332,34.7753429979988
2015-05-20 15:00:00,11,189.127582385272,357.089273805316,91.6751253743119,35.53599193628
2015-03-31 01:00:00,11,171.123504533436,425.62925595607,105.174568819157,47.4051693764213
2015-11-12 11:00:00,11,165.061356019222,462.355337304055,104.505307128656,32.6812289304982
2015-07-19 03:00:00,11,168.499572259018,431.005555361969,114.761137379089,47.6154139138785
2015-03-15 00:00:00,11,155.856949645101,471.729571840168,79.4336736778358,40.9435186041149
2015-04-18 10:00:00,11,173.098778046808,287.082825507451,120.158019269904,29.6281262006681
2015-12-18 15:00:00,11,173.266853148229,427.608014483627,95.4480088351686,28.7845879311292
2015-11-24 21:00:00,11,155.916899849668,388.983980607521,78.0602787541436,38.5429183084302
2015-09-26 18:00:00,11,193.264546578686,475.547661257225,82.6342544399804,44.3928448234699
2015-04-09 14:00:00,11,168.861600762149,435.634308087964,93.6601538371253,47.7802326005316
2015-07-28 01:00:00,11,150.068081789605,456.100312240408,99.9081923698613,38.2750829131357
2015-11-10 13:00:00,11,182.439352636644,444.177626164141,108.014297900967,39.0612065253623
2015-10-16 06:00:00,11,149.144872362936,398.432853670911,111.050239630143,49.6157683017964
2015-07-21 12:00:00,11,198.780771439259,387.44003949126,103.49850453245,52.0997404483982
2015-01-19 03:00:00,11,197.010940625846,378.839095557405,114.505232015527,37.3965099541954
2015-03-11 17:00:00,11,183.714227247564,492.669575653642,88.5342035802764,36.4740730338308
2015-10-14 10:00:00,11,129.400543538157,455.027788894025,96.1705157398978,44.4371065819841
2015-10-29 04:00:00,11,186.976278804448,484.371441424551,110.841942337444,44.8251779224544
2015-10-06 20:00:00,11,182.016696706009,488.93972205077,93.9048104754601,42.0528960992287
2015-07-26 01:00:00,11,177.222839252244,490.482526040145,91.8775565443854,44.0161088435254
2015-05-16 21:00:00,11,191.059671858435,394.563585394478,111.407524713322,37.1544065915357
2015-10-29 01:00:00,11,160.998863017273,459.204551753093,89.3326014549615,46.4967495658422
2015-05-02 10:00:00,11,185.638519053805,497.287986191162,94.7115405656196,42.0206662760192
2015-05-22 04:00:00,11,167.354422036757,453.288424592509,88.5727420558585,30.3510183561195
2015-07-31 13:00:00,11,189.616244488901,478.368032633445,118.845379756907,32.3351564756552
2015-12-11 09:00:00,11,176.092473866116,531.124315999145,111.921548768936,42.4341255630048
2015-01-19 01:00:00,11,166.097637863041,314.973123501195,77.6937162663719,40.3355046208988
2015-11-23 19:00:00,11,162.423936802215,338.574347236701,87.5123795504456,41.245415207576
2015-02-03 11:00:00,11,195.163541594201,556.872846536181,94.4682516592095,40.0411665525469
2015-06-24 09:00:00,11,195.802611028645,455.732305666877,89.442446749614,30.9142835539979
2015-03-12 11:00:00,11,162.60531177829,385.594746611342,86.0903171360334,41.3538812671095
2015-12-04 08:00:00,11,164.669319904677,474.279637941619,110.875176349495,39.3985888253554
2015-10-06 23:00:00,11,200.002397031547,474.322842708686,97.4264571594494,43.9248881552945
2015-10-11 01:00:00,11,134.06994465817,486.748843761484,79.4568553431917,30.3926652032622
2015-02-22 07:00:00,11,154.60536688177,368.521206411815,106.145285475274,52.1601779345453
2015-10-19 13:00:00,11,186.877686262281,400.114271558526,97.2261759859304,46.8804906322711
2015-06-28 11:00:00,11,158.682280269354,410.556718578499,101.656197422472,35.0157334572756
2015-01-05 00:00:00,11,171.517978837424,446.340862526822,85.3929929648932,31.3849059068656
2015-12-26 23:00:00,11,179.13532170034,480.582409854564,107.052337775635,36.2833058803555
2015-04-06 20:00:00,11,156.365712139576,431.678907829808,99.0940324815112,37.0747419430526
2015-06-07 22:00:00,11,192.836830035277,498.438872047145,99.6252859106506,42.1100575325654
2015-05-22 11:00:00,11,189.687862160789,402.25727702843,95.8708255562545,45.1519868971192
2015-08-22 19:00:00,11,167.706784280284,498.767879746579,89.8262131549593,48.1126784157617
2015-03-04 02:00:00,11,152.334427116036,509.081850369474,95.7987042466663,39.7116549741116
2015-10-16 19:00:00,11,178.261501676367,493.493723964444,121.31923471714,41.842019650785
2015-06-13 10:00:00,11,164.674506431213,447.097949552155,103.234911346606,32.7536347139084
2015-05-21 05:00:00,11,171.774010365751,386.032255907391,101.997568197252,37.4003482424219
2015-02-03 19:00:00,11,188.033316327717,455.546364013631,87.7117901292505,41.9818772734021
2015-07-16 02:00:00,11,193.917879658528,447.75110586478,105.615235651056,42.0929961399397
2015-09-18 16:00:00,11,132.892566426732,506.057503580067,117.765629297081,37.2298949701723
2015-09-24 14:00:00,11,163.541401311204,501.019835334931,95.0830946363877,40.5923633123925
2015-11-02 09:00:00,11,187.947057615629,317.258290757368,102.138627613689,43.3897123321865
2015-06-16 16:00:00,11,173.157496006197,455.137584521438,82.1338304347682,39.292983918758
2015-03-28 16:00:00,11,155.148242959052,394.409894478702,99.9634857933692,38.2449573675578
2015-03-04 18:00:00,11,165.303820391647,412.447543921384,103.722606152235,48.5444188750865
2015-12-09 01:00:00,11,184.67213427,446.897668885703,86.7887324891594,41.9415656551289
2015-05-10 20:00:00,11,163.374466084405,397.857451676218,93.3867332906283,38.120123704387
2015-09-02 07:00:00,11,193.167969863888,393.995684702381,104.600426477031,33.9603646527411
2015-08-13 13:00:00,11,153.775025165573,416.730568681728,109.762748228141,36.7932334802278
2015-07-28 14:00:00,11,167.582562688073,409.265687889949,110.0805964692,35.805932097171
2015-10-19 22:00:00,11,176.855338409039,415.210441242094,86.310907256457,35.5160690603714
2015-07-07 03:00:00,11,156.625887893508,413.098561749815,96.6858440192495,37.4539339572734
2015-03-02 04:00:00,11,200.855678806315,481.818358920266,107.33599927669,43.2768721294725
2015-03-26 11:00:00,11,150.780157228617,467.945555804932,96.6861487893677,40.8729009497782
2015-07-03 07:00:00,11,175.355877994206,388.771162311936,98.9507330295395,34.2544891757378
2015-02-10 16:00:00,11,197.758155108071,426.703317083825,115.389781770021,46.489414007929
2015-02-01 00:00:00,11,178.603810955368,254.59779307966,101.704020103225,50.4379514576509
2015-10-12 08:00:00,11,168.105246740385,419.705174986217,96.6254930499751,48.5572605024746
2015-08-02 02:00:00,11,191.693585697908,498.362758143215,97.8878846850712,28.9208436750412
2015-10-18 23:00:00,11,166.637674980912,478.107273944459,87.2774028172538,42.1759919713881
2015-07-23 12:00:00,11,193.25310091796,458.271716733023,100.132921162486,39.9064063618085
2015-03-19 19:00:00,11,164.090224809058,461.07582623436,70.6937397680617,40.6888301831912
2015-10-18 00:00:00,11,167.418163547075,464.183232730581,104.90818910917,36.8091707621522
2015-05-29 09:00:00,11,176.843704569206,381.144152740543,83.8717758039412,42.8785019340865
2015-04-07 22:00:00,11,186.663740380369,546.018902832231,106.647113940177,31.7164655177545
2015-07-07 12:00:00,11,155.592301622787,489.962628913055,90.0642326642744,51.9193148773281
2015-12-06 12:00:00,11,193.389854951532,461.298730967477,96.5386754167154,43.626387067323
2015-08-05 18:00:00,11,141.866618306266,504.184815909641,114.272210719885,45.3181992206491
2015-08-03 21:00:00,11,170.132337292405,449.371700049112,82.7823394099418,32.1657077794311
2015-08-26 16:00:00,11,170.123523572478,435.794431239161,114.344676922402,37.917260193393
2015-12-18 06:00:00,11,176.289222754045,464.778276794088,99.4047431886071,42.2472055362458
2015-01-15 09:00:00,11,158.741803491132,462.577112891739,104.577593929752,31.3750803443032
2015-08-11 16:00:00,11,187.003760704166,469.44003065554,104.543650892302,35.6017485501765
2015-05-24 08:00:00,11,154.529219040781,485.938367561381,88.5784124942439,38.039082343559
2015-11-18 21:00:00,11,128.371429075965,448.715173941758,120.483176698806,35.4326491347243
2015-12-14 09:00:00,11,172.176209150487,462.009751628486,114.080049157736,48.5790855355151
2015-07-07 08:00:00,11,185.306669229687,400.717092420381,112.152868605305,52.3523608811065
2015-03-01 14:00:00,11,172.4637727982,537.952943637486,113.561353764133,38.727209869733
2015-11-22 18:00:00,11,164.944411180786,496.298233154815,137.194090856474,34.6557468291476
2015-06-10 00:00:00,11,202.292431966995,434.478433562703,88.0835414949207,39.946918646354
2015-03-28 04:00:00,11,142.833701560274,449.402186030001,95.1048201352689,35.392827334628
2015-08-04 16:00:00,11,171.467511727511,364.123784764062,92.9970898091051,43.5314700170186
2015-02-19 19:00:00,11,185.080529897425,466.566546710787,102.981106149235,40.9272088801837
2015-10-31 05:00:00,11,148.068228790159,378.649044133488,115.686772692814,47.0615618148848
2015-03-26 15:00:00,11,199.417239880069,540.890868258494,93.0576732281931,40.2855351818018
2015-12-27 20:00:00,11,141.96339039706,535.574630849969,124.320209937227,47.0535237013518
2015-11-25 11:00:00,11,143.555246238186,434.727144706507,77.8652407600613,40.4554609726359
2015-02-28 04:00:00,11,153.920529660885,471.112266680564,85.3554738415559,35.9530192857047
2015-09-04 02:00:00,11,147.737540776722,505.322489461234,92.4260511126156,40.6318434560737
2015-06-03 14:00:00,11,169.889693322617,369.169588462333,96.1313346210438,42.20776528117
2015-10-02 13:00:00,11,182.437834363689,379.223849251117,101.862207680767,39.1497465577242
2015-12-17 16:00:00,11,157.296281073842,490.347498745354,106.02447182743,39.666099031176
2015-01-27 09:00:00,11,180.036121831292,482.914639944707,142.56670824589,35.7368746065553
2015-04-04 10:00:00,11,155.179556892435,511.759857184887,108.781705904084,42.6387153837102
2015-01-25 03:00:00,11,185.96324887804,411.46661808263,100.823222518032,39.5356946902226
2015-01-03 08:00:00,11,182.490981463463,427.403230514752,92.9495384336884,34.720531594674
2015-08-25 14:00:00,11,153.725954916128,377.952091138983,100.118922386298,43.3909412674785
2015-12-21 04:00:00,11,196.299088783258,420.943947384624,105.705821079815,42.334246755014
2015-11-09 04:00:00,11,159.232694151891,436.055984244337,104.464948807989,41.0783293055497
2015-06-26 15:00:00,11,179.872137204491,475.637040905633,83.3385893430468,35.5354202600479
2015-06-12 08:00:00,11,160.511431328813,336.278498619543,99.6995801601296,40.8689053043957
2015-12-12 20:00:00,11,178.017950824787,405.65529360561,114.05300851849,43.4945292900289
2015-04-10 20:00:00,11,190.396982637161,342.049620420577,91.1811442074164,39.5882260774596
2015-11-18 07:00:00,11,143.852516082901,404.672627536745,98.8116609443241,47.6551420338375
2015-05-08 09:00:00,11,166.428271710306,486.36258842175,104.03059050499,43.1043792918538
2015-07-10 21:00:00,11,156.419907574938,434.307091641173,95.8724772402413,48.3273248686347
2015-09-06 06:00:00,11,185.810635167354,442.452765489395,125.926677965289,43.311793422047
2015-02-17 05:00:00,11,190.159076524909,538.540242523118,101.612580580822,46.2003705951543
2015-12-11 21:00:00,11,166.233714022149,455.858055238708,94.8498114105414,44.7755570394999
2015-09-03 00:00:00,11,171.633096505692,501.918300793887,80.0099031449267,32.1692469798449
2015-12-29 10:00:00,11,176.81635628626,523.85428295787,113.191965435287,50.1120943874388
2015-02-27 19:00:00,11,200.273377082377,418.224079489037,106.474229967065,39.9816684825926
2015-02-17 13:00:00,11,202.055823446851,532.623736176082,105.574789087251,44.8559046450042
2015-02-17 04:00:00,11,178.020544334797,461.254676144121,107.505885522189,37.9308765693811
2015-03-03 05:00:00,11,188.128929769021,441.103277394572,86.1136663242475,38.7601249428446
2015-03-11 19:00:00,11,170.847685646003,425.918786016442,98.0442511034077,31.0100531708223
2015-06-02 16:00:00,11,178.553057948805,362.306577446729,98.0672024468819,39.3816184132407
2015-08-26 08:00:00,11,206.372177780499,520.750254032059,102.930754577424,32.5230179427301
2015-11-26 19:00:00,11,174.709274923966,444.162007337998,96.9629518711738,34.9135424606496
2015-11-01 11:00:00,11,156.33026722167,427.567097725491,112.07326152307,33.0732281230962
2015-10-05 12:00:00,11,157.978223005269,406.919553095126,101.716157283038,30.0113434304807
2015-11-30 05:00:00,11,169.923925929517,441.017504426708,97.0867051423889,39.6908205050874
2015-06-14 03:00:00,11,178.842204929089,327.433930506826,93.4462056162683,30.2278440405054
2015-10-20 17:00:00,11,152.010028212842,547.111909350765,109.54066718788,39.4171782634843
2015-11-01 18:00:00,11,149.871901494462,438.803978083492,92.6725072675526,40.589533045557
2015-01-13 19:00:00,11,175.839433763545,502.517107766066,111.446345166325,36.17277999144
2015-06-21 19:00:00,11,173.606357855675,443.94848555191,88.0641404113601,37.025433092829
2015-03-14 00:00:00,11,174.599301563695,431.163909171221,107.878359560995,35.5342999047659
2015-07-07 20:00:00,11,160.453811230557,422.614614511852,112.595513365472,52.861787169094
2015-09-27 13:00:00,11,149.256185382174,494.081075821461,106.932591839645,39.9643351452327
2015-12-31 06:00:00,11,181.97015329772,428.83165360151,115.777015326706,48.3807470339777
2015-02-06 23:00:00,11,138.327357639009,389.375527680701,86.005064580942,41.3656605530386
2015-07-13 12:00:00,11,161.629406055202,457.901914177577,96.8998963284273,46.5696332545288
2015-01-14 14:00:00,11,163.077006363133,464.52810433066,95.5802126907415,36.7756205791743
2015-08-13 14:00:00,11,182.589209001264,352.119706171425,115.201873716674,40.8281954690566
2015-11-02 16:00:00,11,165.38175779116,455.776537263196,102.254968504802,38.2900758555169
2015-11-03 18:00:00,11,156.296270761878,380.733626977469,105.90555877347,39.313967870178
2015-08-15 13:00:00,11,187.077715305681,379.479507229544,91.4237032474266,41.4965432452621
2015-08-23 12:00:00,11,152.492219891541,408.564165333879,102.234054341143,41.2636524463384
2015-03-20 15:00:00,11,168.403533856643,451.427290216055,102.061331435595,40.9317211011627
2015-10-19 02:00:00,11,149.058684339162,456.864919004294,99.8005881352345,39.1079303208882
2015-06-15 06:00:00,11,168.041277744993,439.080069509721,109.066693347518,40.8825835570057
2015-08-19 15:00:00,11,189.256592782504,454.15481922496,86.4237328365932,39.4874383090734
2015-01-31 18:00:00,11,164.590431226909,291.18182665202,94.8055692008081,47.1156789123904
2015-09-16 03:00:00,11,197.597692720505,432.024941181495,94.9801822960395,42.9347235918428
2015-05-20 11:00:00,11,188.182329205724,425.197507268679,105.585516531403,47.7061133248797
2015-10-16 08:00:00,11,162.930391474978,437.728775334663,110.170196626248,44.3605862538075
2015-05-12 18:00:00,11,150.611116909773,500.177748784289,91.1703541648272,41.3361260176468
2015-03-08 04:00:00,11,178.130178154022,412.771964132892,95.8433390585823,38.707710335753
2015-08-06 23:00:00,11,176.725357186649,400.133322542071,95.7051776343028,39.4238861370875
2015-06-22 20:00:00,11,179.594424187114,445.417874646136,103.171439923614,38.9147962422205
2015-03-10 06:00:00,11,155.851848238882,459.425991594242,91.4352083959093,48.1018551484208
2015-11-10 00:00:00,11,168.723244011231,456.45045911699,108.849606581514,46.2871589164847
2015-07-11 22:00:00,11,199.765131104543,461.960455797538,100.264155912168,41.5511929024779
2015-09-25 23:00:00,11,173.820166533278,507.507756586628,94.2913606981379,43.5979216797401
2015-08-20 01:00:00,11,151.784089272613,429.049161031476,108.952481721618,46.286885275866
2015-03-19 10:00:00,11,178.796742992027,355.27395120823,97.6415991569013,37.608156570401
2015-10-25 17:00:00,11,180.201848527899,379.099908033029,102.956327056767,34.331026027777
2015-02-16 20:00:00,11,173.908896366458,405.646052535514,95.6922357329731,36.9760583877749
2015-01-17 01:00:00,11,160.877830189079,364.352301551046,103.810641859523,41.8486081931861
2015-03-30 15:00:00,11,193.388121217016,452.603493896049,81.9016742355169,41.8131037148978
2015-10-26 01:00:00,11,182.327821167335,441.480037782906,91.8083323276982,34.8091875338107
2015-06-12 22:00:00,11,177.178318184829,444.860580999642,107.188218387674,34.1824025279901
2015-05-17 02:00:00,11,159.252694479159,486.450506107471,106.330759770348,29.6775894880785
2015-07-09 14:00:00,11,155.509896266461,455.71067349442,109.284239387955,49.8358980475804
2015-12-18 08:00:00,11,125.16383070131,469.080600275021,79.5974791426822,38.8074918055872
2015-05-29 20:00:00,11,162.793179077183,422.612045950839,113.722175082729,31.2949799526673
2015-03-08 16:00:00,11,171.230499342351,429.640541422512,101.433656355419,38.0545921605555
2015-12-22 06:00:00,11,143.214655543649,442.351719791406,110.116340091153,41.6315459239025
2015-08-13 17:00:00,11,161.504517088681,486.924495795661,107.084014586974,47.5859920498896
2015-11-03 09:00:00,11,140.746717834704,510.618123842873,115.847348981329,39.2565669213137
2015-09-29 13:00:00,11,165.36538003341,504.184678422337,82.6628113974988,45.0413218556381
2015-07-08 05:00:00,11,140.552445946484,439.552830941784,87.2046656784295,47.3800576741024
2015-11-19 19:00:00,11,161.446527634558,391.109704603668,134.171512395095,38.4793134182479
2015-10-30 15:00:00,11,158.66303974531,571.119065099345,109.199046086563,37.2287879180736
2015-06-10 03:00:00,11,193.355473518687,506.016418248236,95.8281351004783,39.0903333589986
2015-05-06 10:00:00,11,165.270611998371,446.321414623384,105.950915941715,42.5578894302527
2015-10-23 21:00:00,11,181.98805697253,347.423983159095,104.427882168573,37.2795401065
2015-01-25 18:00:00,11,164.231188815885,435.003271584033,106.77005733567,34.0158433369504
2015-04-24 09:00:00,11,157.58936987203,480.585415375602,90.8323369156509,40.1482501280667
2015-06-17 03:00:00,11,197.132316178151,431.320031129351,93.2129993696514,35.0669906319071
2015-12-30 13:00:00,11,157.428990736322,487.345597651381,82.942207085723,39.4140867382968
2015-12-31 15:00:00,11,171.382608344021,428.102813639144,106.683795373465,34.3279397947765
2015-08-28 05:00:00,11,153.870376407406,512.787279026468,106.406008911508,34.5836266687359
2015-06-06 14:00:00,11,166.464986674746,403.510983425388,85.6055440997954,40.0268044640671
2015-10-21 20:00:00,11,175.168981090574,376.095091294995,114.592475190854,34.4733969016544
2015-02-12 12:00:00,11,167.39540763285,409.386267226629,95.4307465630639,27.9507451358709
2015-07-25 11:00:00,11,181.066449121241,464.257847257353,102.135281015997,36.3029117637949
2015-10-26 20:00:00,11,176.662103130964,418.179780168137,104.820439634743,46.8238704419638
2015-07-21 00:00:00,11,170.473181310524,501.968817588507,97.0239124880459,43.4929219558504
2015-04-19 02:00:00,11,178.005221558713,436.896726825509,137.083209832167,41.5344562968767
2015-12-10 15:00:00,11,161.736790145451,494.11984010977,79.4202387499997,49.0945511521277
2015-12-23 07:00:00,11,182.012889014146,405.310372948988,92.0879136795525,38.5052809987209
2015-02-19 08:00:00,11,174.638635946916,507.405915905127,106.903824881478,41.8364925059727
2015-08-31 15:00:00,11,151.992982248324,450.494952867047,103.990566561274,32.8326267480493
2015-08-16 13:00:00,11,167.349257645045,460.177044415504,78.5270575013771,44.2114836883213
2015-05-11 05:00:00,11,157.422675110331,504.043504885533,93.3597188835599,43.4539956171994
2015-04-22 14:00:00,11,180.050582332299,403.64794367518,102.832144754564,44.1296692439009
2015-01-15 04:00:00,11,175.604940628155,439.148093191447,98.3202534875991,38.6484498683248
2015-10-03 07:00:00,11,149.340914965403,458.968019424946,113.092748762638,39.0670161834441
2015-03-21 03:00:00,11,158.82682299845,518.662125928941,80.994996539805,38.5164275139919
2015-08-26 05:00:00,11,173.353954202895,454.626622316838,91.8150266854709,37.0266283667331
2015-02-24 23:00:00,11,130.504143726208,441.002740937925,115.824276306811,36.7080417344884
2015-04-14 15:00:00,11,159.849994091934,412.987835962249,103.645898019709,33.9218242108559
2015-08-13 04:00:00,11,185.250472211503,431.820388169788,81.5972212698834,43.3562616245417
2015-01-22 17:00:00,11,177.284862924124,301.72449596184,94.2762162732586,39.8290416401647
2015-09-20 09:00:00,11,182.316487268085,495.033214103541,93.710759302938,32.1510632632564
2015-04-07 23:00:00,11,136.559900670442,442.420314396397,99.6650026766788,47.546781390674
2015-02-10 07:00:00,11,154.279986273198,494.316310393995,107.226451704904,34.3495692442399
2015-01-31 00:00:00,11,197.79375285727,477.022991258407,113.793617970753,36.4503661771628
2015-11-12 12:00:00,11,183.475888458368,449.859279320736,91.1445516073838,43.6381424952845
2015-11-18 17:00:00,11,162.106225609014,548.085558261633,116.653262086348,43.8970008948832
2015-03-26 18:00:00,11,170.123351922171,469.82913994299,97.7391322173615,40.6597056418695
2015-12-16 02:00:00,11,190.631132464134,454.52475690907,126.163863836062,41.6403791195621
2015-12-26 22:00:00,11,183.014382644317,545.233829723567,94.0324019410745,39.8253197191868
2015-08-19 05:00:00,11,154.852004449658,399.924824466347,111.969325247255,40.0087686178016
2015-01-19 18:00:00,11,159.597748975613,317.332339811787,114.15843482717,34.1930101138484
2015-02-08 23:00:00,11,186.907719444288,391.009745060784,98.9692633747404,38.7349864308371
2015-10-29 22:00:00,11,160.30747796666,517.864247560192,110.651615162205,40.5317839456391
2015-03-05 12:00:00,11,191.627353414507,470.441585334997,89.5085792736858,44.9218937214114
2015-03-07 02:00:00,11,175.779357497934,441.537003529044,91.9426302127485,40.9907633128058
2015-04-14 17:00:00,11,174.836213832903,335.239798698837,99.8237177032135,47.5288634191908
2015-09-26 03:00:00,11,164.365482765327,492.784944580872,107.015831600124,40.5388124759311
2015-06-23 18:00:00,11,151.264967520674,374.730450265405,95.6386763414702,39.2464628091476
2015-10-18 14:00:00,11,167.078380652778,489.433430397198,103.486690135958,43.3955108562282
2015-10-13 21:00:00,11,162.306586022262,556.2032424866,113.408124977778,44.0094985576805
2015-11-14 02:00:00,11,164.189585959924,444.568346851503,106.97017262797,52.300362682444
2015-03-24 15:00:00,11,186.224178143184,457.546860648605,107.514903030595,43.5159600107781
2015-04-15 07:00:00,11,165.989074450731,447.948658210124,105.328900996435,36.7942930265907
2015-04-14 10:00:00,11,181.497619418033,518.362987232601,103.392052354734,42.3448254084107
2015-10-08 14:00:00,11,191.238603912848,396.381594104614,100.629267897236,39.5229027831722
2015-07-01 02:00:00,11,188.676810892075,364.106282154488,115.594092924099,43.5531626719335
2015-02-07 12:00:00,11,150.23359165814,397.384305825723,90.9939406712081,47.8537327590249
2015-11-23 14:00:00,11,155.484741112169,395.803610694905,96.4535923555837,44.0783956530117
2015-08-12 05:00:00,11,165.351035999654,374.83734867806,105.989039503288,37.1304989102561
2015-11-25 08:00:00,11,175.598822543341,402.843669987623,104.02711869579,30.4994124861522
2015-10-27 06:00:00,11,182.867660164866,519.424889869644,106.940115837294,41.5698552852366
2015-04-22 23:00:00,11,153.375086928624,469.73310485498,103.748707759669,37.4882459056829
2015-07-03 04:00:00,11,155.274698440234,579.745196676716,82.2631228016698,48.2848213724824
2015-12-24 11:00:00,11,200.894199755598,425.58444797353,97.0222499919743,36.5455467969176
2015-07-21 23:00:00,11,159.439434430343,446.556796933893,84.0835796687531,41.5059732988712
2015-11-20 08:00:00,11,150.749333446631,538.719858797155,123.41412051446,30.317406589612
2015-04-13 12:00:00,11,170.687515612184,516.580202755006,111.459450301559,38.363147445174
2015-11-08 03:00:00,11,177.035492221078,464.562819300643,96.8694928835219,29.6464000253319
2015-10-14 07:00:00,11,173.139231596,452.414139295485,85.458294454203,44.0404730878617
2015-07-17 18:00:00,11,165.621004584243,486.659371197824,99.9348822610324,36.1493890677476
2015-11-19 23:00:00,11,177.775067281641,381.407545884534,142.150278314958,41.4498432908271
2015-06-27 15:00:00,11,161.605732239414,373.051886641292,96.1990327825398,40.6298141412176
2015-11-09 16:00:00,11,163.624731801429,374.92424883744,93.7078155869944,42.8552508603901
2015-10-06 06:00:00,11,182.275074403326,518.326929472975,108.261354370058,38.7162580198265
2015-11-06 15:00:00,11,155.483405450933,293.231650628593,108.667736694222,33.9064431910668
2015-07-24 01:00:00,11,184.127088517255,542.242149398809,105.164564165396,37.1551582187982
2015-07-22 19:00:00,11,172.726926790885,372.929113390669,108.909541902761,40.9922705053866
2015-03-27 06:00:00,11,192.631752892807,441.020506585199,104.77282722007,42.1208522537212
2015-09-28 10:00:00,11,157.505913153529,466.387059919574,92.2587302270472,31.8789130907097
2015-12-19 20:00:00,11,171.537529082857,367.619893676071,116.10798462366,57.4331650230538
2015-04-21 05:00:00,11,180.043223159679,457.8546582748,100.965967941701,47.2572409683069
2015-11-11 16:00:00,11,176.68571178475,410.143718219939,93.7448604330109,33.7665159097808
2015-02-24 09:00:00,11,203.142771905203,413.568423964958,111.955556263612,35.5618080530493
2015-02-15 07:00:00,11,169.466640883592,409.129340414607,117.536958250205,41.9732699104592
2015-11-24 17:00:00,11,164.441917095757,377.307559570304,112.781019964549,39.9894134185283
2015-12-05 12:00:00,11,167.456434234954,396.452114227349,86.6807689519149,39.9497894166012
2015-10-02 02:00:00,11,174.279084991489,416.555536112476,123.457105338368,29.3082282716788
2015-08-06 04:00:00,11,168.48043416965,380.900995085651,116.58929955133,33.5437572814436
2015-07-21 15:00:00,11,161.256792380262,441.533067332967,99.6774794768397,44.0006959874212
2015-07-21 06:00:00,11,181.721732092744,434.855520483155,97.0589004445787,41.0167138805827
2015-06-25 09:00:00,11,166.360712203293,372.545734027873,103.983083605527,42.0551832121794
2015-11-21 16:00:00,11,167.418520300056,506.356196147366,122.056860858272,45.988861889564
2015-12-29 02:00:00,11,137.308051564474,448.8176363305,120.942280960393,38.7247766310263
2015-02-09 10:00:00,11,175.34008865106,382.151972741637,110.914002158145,51.1506642512311
2015-08-18 17:00:00,11,156.935578372835,390.407287545843,98.1508209864472,38.047929241564
2015-08-24 03:00:00,11,169.627726378081,466.210691434404,103.035481268113,36.9892655527929
2015-09-05 18:00:00,11,170.438020462135,418.977305980751,128.724898822122,40.0571618032196
2015-01-30 11:00:00,11,154.155024077868,449.394822159183,107.544909443788,30.1801388781688
2015-04-01 19:00:00,11,158.051886267171,459.366274482637,104.774360564311,38.68845229095
2015-10-12 04:00:00,11,178.62921998818,446.45494563992,93.9061814054254,27.3814350365199
2015-04-19 09:00:00,11,167.0858644275,293.178710914549,132.236796698663,35.7283729760696
2015-01-16 16:00:00,11,149.3198070067,478.395933216114,98.761416860909,46.776275507009
2015-02-13 20:00:00,11,142.01431425437,443.893052630174,87.9545011575439,41.3282069956668
2015-03-20 05:00:00,11,171.814828295654,410.318403219204,86.170160351337,41.6433035374617
2015-12-15 21:00:00,11,161.629839492501,539.508273563534,112.817332209677,46.2941792684412
2015-03-01 15:00:00,11,150.441170399171,453.769919038649,104.888580935176,36.3713246122184
2015-07-04 06:00:00,11,166.388502679517,466.683145921126,101.661816117342,30.4626888097553
2015-03-01 01:00:00,11,186.023996865151,423.588465030009,98.3064022866965,38.3446643780615
2015-08-04 07:00:00,11,184.519077143864,577.123341729133,105.765634266444,44.3350519858943
2015-05-06 13:00:00,11,165.02156570825,497.949707484362,95.944895070035,42.7199673313056
2015-03-30 23:00:00,11,184.029103795023,468.170961481158,113.759295468895,35.2865946235632
2015-10-24 03:00:00,11,184.673177477887,501.655628587452,90.1921651616794,45.6633682216897
2015-08-10 15:00:00,11,163.236645826858,407.740265747716,94.7401157872411,46.0879435900677
2015-04-11 05:00:00,11,165.941935701685,409.895192156605,103.69680910466,43.9269416868026
2015-07-04 01:00:00,11,185.923431339878,431.452238352115,75.7391201283709,41.4890809024935
2015-04-05 09:00:00,11,184.248882717714,321.569054325983,91.3462452540006,43.4025180003587
2015-03-12 19:00:00,11,182.97101347742,368.348766678233,101.162312092055,35.3030558275835
2015-08-31 11:00:00,11,167.590396001438,366.014748833814,82.9832736682197,37.652265391815
2015-05-23 06:00:00,11,155.991901938458,424.580229553409,100.671831454073,37.007349766161
2015-11-27 01:00:00,11,178.202906846475,470.779807197665,95.3087712938743,40.0172542136172
2015-01-13 13:00:00,11,175.662695729532,554.071199662697,96.4402541274264,42.0289972446213
2015-08-11 13:00:00,11,162.506080838099,484.061632686613,86.6188522483065,47.0368366294633
2015-02-24 17:00:00,11,174.973967540098,483.504461167372,86.2498015136775,41.8941763771589
2015-01-03 04:00:00,11,162.437359898321,430.232510426627,103.68292855488,30.541997674361
2015-11-06 12:00:00,11,179.660170808835,497.992621103212,87.4516819925462,36.2625518599162
2015-09-26 12:00:00,11,182.051179000515,478.552514700806,110.682679965199,39.1829753593348
2015-08-13 10:00:00,11,171.531605127091,425.010332431167,103.681799915822,40.9473496281644
2015-05-02 00:00:00,11,174.076994040693,490.505736678548,99.0792383836436,40.6956925045686
2015-10-15 08:00:00,11,184.393140820718,471.550081403291,88.6632784737601,43.3432652255666
2015-08-23 02:00:00,11,162.523525601827,443.19956335733,98.6836505069532,43.7994821574932
2015-12-11 11:00:00,11,153.372464150086,454.794652414691,105.103320583109,46.2366504792521
2015-10-10 23:00:00,11,170.786937507766,370.451934621741,83.7644510414365,28.8914437074228
2015-03-08 15:00:00,11,148.637769307047,440.456046938008,108.215778566508,39.2286828992648
2015-04-02 01:00:00,11,161.084506564915,473.556366177675,87.3005097592886,30.829515723112
2015-12-02 22:00:00,11,159.738548920486,513.665700245469,102.482525950493,39.2081676591857
2015-08-27 13:00:00,11,176.186046841785,455.291203395012,100.048524028409,36.0924377595718
2015-10-22 06:00:00,11,174.81336741694,453.222289113649,91.1369831681751,45.2611040584511
2015-10-21 05:00:00,11,178.266358292766,444.770012119115,114.223075900155,49.255016020627
2015-08-18 23:00:00,11,174.88759531975,419.472035266177,117.457978425177,48.0438857936513
2015-08-14 18:00:00,11,177.826504395633,490.279616503842,100.435475942407,45.3539338534523
2015-10-05 07:00:00,11,166.867260083467,462.148378054336,121.614221349348,42.3860635268949
2015-11-04 01:00:00,11,154.214612615515,416.667897570148,92.4923058981054,42.0352913617644
2015-10-28 21:00:00,11,178.640871007341,502.823872441038,99.8625676303236,35.8720731820313
2015-12-17 03:00:00,11,175.314817777937,517.875832075757,106.749634545164,41.151197223759
2015-05-22 03:00:00,11,170.198260893096,472.375826119313,109.868170874693,38.9860065008429
2015-09-18 10:00:00,11,156.589173934619,455.336578976996,98.1679191263067,40.5548198146798
2015-09-01 07:00:00,11,195.184307676602,470.723645661676,102.314424658274,46.1662073160575
2015-11-04 17:00:00,11,180.067037667358,415.70568484095,105.436829384058,38.7303449858767
2015-02-19 12:00:00,11,151.304873165014,496.73622212835,88.0441810447263,24.5292191119183
2015-03-07 20:00:00,11,171.840266048484,451.669588106876,113.424996403725,34.632064097563
2015-12-19 09:00:00,11,176.235003186444,467.50712589555,75.1463134353196,40.5011261365355
2015-02-19 10:00:00,11,151.863609047872,473.117226131078,99.3506600150938,46.6732470183074
2015-03-29 10:00:00,11,169.598223712634,458.28007948485,104.598850992781,40.6441228082714
2015-09-14 13:00:00,11,196.867660869547,466.774205959619,118.819622533268,49.1222534700296
2015-06-07 16:00:00,11,158.64853229023,430.061582991776,101.287383786679,37.4565221160275
2015-11-08 09:00:00,11,169.66282180827,406.117788103433,104.501571217667,34.6430203731755
2015-08-10 06:00:00,11,155.362629833393,474.108715095797,97.5854832703257,38.0074765811062
2015-09-27 02:00:00,11,178.814506109333,464.6833672741,99.4492197084193,35.6130267754749
2015-10-23 08:00:00,11,150.89302712537,402.122229239211,114.570487623621,35.0913512882313
2015-01-12 03:00:00,11,162.966383905239,419.209732548537,85.5153517669587,38.6720447361942
2015-07-01 08:00:00,11,154.23480705553,556.655052680258,109.251574795865,43.2384711215499
2015-11-26 00:00:00,11,180.571969966546,463.944042284522,68.2468823802949,33.1942480382372
2015-10-10 22:00:00,11,166.244324795881,519.950533331604,91.9517897612635,35.0245095441727
2015-11-01 20:00:00,11,167.463477144874,428.315185826577,129.151955963371,42.8455404154212
2015-12-25 23:00:00,11,156.448202072159,419.430609990487,99.028632292353,30.1836675777391
2015-05-24 18:00:00,11,157.894706784812,464.373885936761,82.7773960236572,39.6517941012693
2015-11-27 07:00:00,11,177.99144616742,468.707719098088,87.5322175677642,40.8068493190927
2015-08-24 12:00:00,11,154.383031794101,425.471241368026,106.223001983192,32.7241643058152
2015-11-07 12:00:00,11,186.962067996431,457.870820600155,104.700508180153,43.6402484455265
2015-09-30 22:00:00,11,164.381070400661,398.380372773691,135.466210229124,39.6566679366392
2015-08-12 19:00:00,11,164.618499725566,426.8023328462,103.876994775406,41.9525272748797
2015-06-11 08:00:00,11,196.209716286138,454.770228106388,100.159714592181,37.9982588749077
2015-01-06 10:00:00,11,170.682961330135,488.2923170224,99.6999700871743,37.0359501303233
2015-03-21 06:00:00,11,173.982778462626,450.661091143739,105.073292101352,44.4354570065927
2015-06-01 18:00:00,11,151.645891436089,393.420447674144,97.7941275292716,37.416665060681
2015-12-01 19:00:00,11,165.748807383393,455.488382241576,96.5953289234748,47.1913895727577
2015-03-10 02:00:00,11,152.40059020778,434.800726049684,106.800610806616,39.53034315082
2015-01-06 01:00:00,11,195.564572590729,459.643488097527,90.005264671247,34.7277924621692
2015-04-09 01:00:00,11,155.71330750522,396.644731810632,112.207775201022,38.3519971057066
2015-02-17 06:00:00,11,151.162362232954,404.071862675674,122.766335311638,37.9482075627856
2015-01-16 10:00:00,11,166.978258299321,373.378445607343,101.36890990843,36.9534858005647
2015-11-06 01:00:00,11,183.874246717457,452.555981433927,101.75987082421,42.4804399418772
2015-11-05 22:00:00,11,181.361916877979,426.932817146697,103.078555182851,41.8583270564285
2015-09-17 02:00:00,11,183.63845196429,366.901799931412,97.0032664056416,39.4005507044155
2015-03-04 16:00:00,11,134.102335205469,391.576771092058,101.180610333956,43.9328773666963
2015-07-09 09:00:00,11,169.836945916747,434.661252648534,105.761905598368,61.0586027369446
2015-06-21 05:00:00,11,166.285106046152,545.432293281153,104.814680204925,36.1251585684007
2015-02-25 11:00:00,11,180.384078404731,412.488948448555,85.0956660185417,41.0301201461547
2015-12-30 03:00:00,11,162.524020192959,465.369885436191,107.67481037818,39.0866259188105
2015-05-11 03:00:00,11,178.347835914805,454.7514070602,113.378487847194,40.0303549292562
2015-09-28 12:00:00,11,147.523580758784,401.156867036421,111.00548404075,43.6033939020066
2015-08-23 04:00:00,11,156.879552312051,512.502669421223,93.7323377843716,48.2192831487467
2015-07-02 19:00:00,11,175.516730750366,494.974106100741,107.74466163046,34.8373845062012
2015-11-20 16:00:00,11,169.855360043865,421.625918532322,135.679739328907,46.9449319648585
2015-03-30 00:00:00,11,193.535235398476,424.044308459681,107.427719086068,36.7014168453795
2015-06-02 18:00:00,11,206.240420098305,416.492518484567,79.4343972637947,32.2762395987218
2015-04-08 02:00:00,11,175.438404471497,563.615961750952,114.931151701024,50.5797393300643
2015-10-24 14:00:00,11,156.816163988492,486.041569095498,93.465673927153,42.7933162257403
2015-03-18 08:00:00,11,141.327632789693,467.608997530282,92.023065360432,38.1785085554106
2015-10-14 02:00:00,11,155.825293792049,361.744288501491,87.4332454140107,38.8970577054807
2015-11-14 09:00:00,11,174.576773912884,415.942519538707,99.7532760475236,46.0367769816987
2015-02-05 21:00:00,11,176.449211799508,400.526970856628,66.7375880928642,44.8203946740315
2015-05-04 20:00:00,11,164.955175961258,345.847378135424,91.5058405231997,48.0728168422558
2015-05-08 04:00:00,11,139.257689294758,472.658163989951,84.9837960489798,38.6434734931935
2015-09-16 11:00:00,11,152.979634330974,495.655931132957,105.807216488337,46.6149369735132
2015-03-31 20:00:00,11,167.929943198416,383.489662889179,101.057909500806,42.8720390961403
2015-07-29 02:00:00,11,156.457525072956,435.718089118415,103.488999731759,30.0953363526668
2015-04-05 18:00:00,11,186.64982313024,452.640441872456,83.3609281963233,49.1515523015899
2015-07-02 06:00:00,11,146.305813622496,444.702182094491,116.282987776908,32.6519732615407
2015-09-10 03:00:00,11,154.618090920641,486.788066207686,92.8880327730822,48.2801312268845
2015-09-13 16:00:00,11,170.275620362354,433.923033215956,101.08849741744,31.7362027003181
2015-09-21 20:00:00,11,167.115453941486,427.256863209244,92.4098266317171,42.3681358381507
2015-03-24 04:00:00,11,173.550292125356,353.743512095786,96.1920482857909,38.0698593755579
2015-05-24 06:00:00,11,176.097828161389,520.604918771576,95.5093632420999,42.6106176851008
2015-03-05 06:00:00,11,158.80258496476,391.598610808429,99.6821146915778,45.2113049807288
2015-12-25 01:00:00,11,191.503781530259,405.476002568534,106.318718757874,45.4333117537271
2015-03-31 02:00:00,11,153.946415815962,391.070390940186,104.701475775395,43.5054129841723
2015-02-27 09:00:00,11,167.116947860874,463.982822580488,99.0092067514063,44.5411467950286
2015-01-08 06:00:00,11,151.67044961297,440.492346552662,103.505134168892,37.7106826134358
2015-11-04 19:00:00,11,179.693090488036,444.624506794842,97.3098343761761,34.3959587420131
2015-08-21 22:00:00,11,159.142812366271,491.203036445844,111.157798690146,32.2817616868196
2015-12-26 01:00:00,11,141.797507407323,538.106793770632,88.2489993133466,42.0362462535821
2015-04-22 06:00:00,11,162.426157486673,450.905857723211,87.9523288451555,36.036718763012
2015-08-17 18:00:00,11,159.541465305598,445.345367296456,98.0244532263085,39.197801389776
2015-05-21 04:00:00,11,160.062622462243,488.179381237818,85.8101458547179,42.3812649500578
2015-01-22 10:00:00,11,186.738388258001,434.090853499083,99.9867566074001,45.8818266263242
2015-07-07 10:00:00,11,160.660538660975,420.052413552147,98.0550182373147,49.2888134902598
2015-10-27 14:00:00,11,179.250942242375,450.365463261706,102.896906110688,34.9278937683818
2015-08-05 21:00:00,11,188.089957183992,417.84585279003,104.875507317154,25.8790359379669
2015-03-11 09:00:00,11,181.499218455571,371.843582693073,86.631288552777,35.5508643017319
2015-06-24 01:00:00,11,144.300728222621,427.095459530701,110.024214495437,39.4868816803866
2015-07-14 10:00:00,11,187.021195879561,384.834657329011,121.091955772317,40.3710387484949
2015-09-19 10:00:00,11,175.63781988242,358.591013638004,111.961497281165,44.3062378227369
2015-08-09 09:00:00,11,158.817524645859,418.121051957406,83.7787914237859,28.8093485522863
2015-08-14 11:00:00,11,186.067088586027,515.617300411903,110.958735744608,39.1304017182208
2015-10-03 20:00:00,11,167.877204222152,573.089931248664,109.060548134394,40.8029587483342
2015-06-11 03:00:00,11,173.942196352668,463.581532656055,99.6412017399152,39.8150625609072
2015-11-04 00:00:00,11,173.645265974277,409.55854892151,111.542428963576,27.5243612267662
2015-10-11 04:00:00,11,189.034366825118,398.704342758929,98.7390842841088,37.5214777304886
2015-02-13 07:00:00,11,155.366561986182,519.01414979542,100.113385449116,48.4980421728804
2015-07-18 15:00:00,11,148.737727722128,427.749617250977,105.742492616017,49.8171818207918
2015-01-25 00:00:00,11,161.62578955053,452.473110781007,103.747051990617,41.6765628918471
2015-11-14 05:00:00,11,171.809373959691,476.169034722874,94.0108930777279,41.3374693271802
2015-01-03 16:00:00,11,175.515125432945,439.015655993408,112.24749244067,44.9724866245151
2015-10-11 21:00:00,11,157.800467263915,567.957533277582,94.8893032288908,49.3074631592843
2015-06-06 20:00:00,11,165.795970089723,381.016063392027,100.037135651333,39.0819733476489
2015-08-18 10:00:00,11,186.981426289982,468.579659394666,111.683586089191,43.2459891124971
2015-04-25 01:00:00,11,190.485274254072,451.077631345471,96.4771275135661,46.1760737602443
2015-07-31 15:00:00,11,166.340642816538,443.206460256679,101.799695932268,43.0287649813016
2015-05-07 14:00:00,11,140.600394015975,406.910371035459,90.083801356568,44.9203626754851
2015-05-01 00:00:00,11,188.321727678974,441.894523305796,108.402636379498,38.9945550822215
2015-04-17 18:00:00,11,173.918383008074,464.700353533058,91.5115092307673,36.5168510977718
2015-12-31 17:00:00,11,160.868059341583,431.542670549944,91.1556874350049,45.8874521868333
2015-02-20 13:00:00,11,172.298007521473,493.592729445403,102.370072503286,38.6373185545805
2015-07-15 13:00:00,11,178.308255962205,496.306721592192,99.0261523439735,41.4498805504756
2015-09-07 00:00:00,11,175.749401737768,459.212710694535,140.996228076148,42.6793376132509
2015-07-18 23:00:00,11,182.621630087873,451.534086169756,85.5876951695844,51.3764432264179
2015-01-16 03:00:00,11,164.848857523994,412.338467056121,94.4335902296393,43.2997553905726
2015-01-04 12:00:00,11,149.547186436332,475.352660980117,89.5856204416329,36.2544083404691
2015-07-22 08:00:00,11,160.864207361955,503.572890996604,109.755142183388,34.2052264762833
2015-09-04 03:00:00,11,180.667182306896,497.698702553009,83.8940342286743,39.7974461417906
2015-04-12 02:00:00,11,158.105905767854,475.049757512703,86.9703464226712,38.1940686105729
2015-11-30 09:00:00,11,178.132358106505,439.90659199394,96.3460022228902,27.0644545958569
2015-05-07 10:00:00,11,162.481843610406,421.074053781126,105.991251994578,36.1022662648301
2015-01-21 02:00:00,11,169.99006673293,417.760718409086,99.464927754473,41.0176735053243
2015-08-03 22:00:00,11,166.711938494284,367.026066102805,87.411352928766,31.1033951978647
2015-08-30 23:00:00,11,182.860381827253,438.843777773093,88.6929289576674,44.8069298156232
2015-08-20 00:00:00,11,118.31545448924,531.851367525156,87.3720197555807,42.2001389745361
2015-10-15 21:00:00,11,164.238525143341,599.556854907378,100.161553782873,37.1862180225201
2015-05-09 02:00:00,11,183.601895771312,449.982084616714,87.6355702138871,43.3361191895901
2015-10-11 18:00:00,11,217.518530906352,456.231925537014,87.9545610349688,41.7986847197904
2015-08-12 15:00:00,11,165.357771391006,517.207654600317,107.268236869632,39.1769660805816
2015-07-17 05:00:00,11,171.272102765591,391.862157220604,101.919307924645,40.4228221325149
2015-09-23 19:00:00,11,213.325073548428,396.132340845616,113.838178012307,42.4512191062529
2015-09-24 20:00:00,11,160.193490476169,424.738893752287,90.1630821361814,30.5598774161098
2015-10-12 12:00:00,11,151.758608869814,415.350852901778,97.0317883636609,36.3536834864489
2015-01-31 05:00:00,11,161.931530332482,452.973251814065,115.458573409181,33.1753934277895
2015-12-10 14:00:00,11,155.791670374365,467.457917655528,95.4790864508257,36.1499913750941
2015-01-17 23:00:00,11,167.366753277642,323.446558222409,105.437701011688,38.564707891056
2015-02-27 03:00:00,11,157.68877195565,487.091418166623,106.148663603779,39.6299009061336
2015-01-24 19:00:00,11,181.105566488319,499.472715804179,105.567703404657,43.1541465742632
2015-03-28 12:00:00,11,180.075095132035,392.546334566794,104.975507639496,40.4644940687909
2015-07-18 05:00:00,11,189.271006046062,393.526780277236,104.617690082179,39.5997870131373
2015-07-29 00:00:00,11,188.802708218125,473.685529372737,117.108190375234,40.0098027797482
2015-10-26 02:00:00,11,168.442046741943,510.895547690147,94.9539098634637,27.4449636924518
2015-10-03 23:00:00,11,171.102680607738,421.179199515126,101.19243073958,40.5180966214185
2015-11-21 17:00:00,11,129.87360715517,469.769167504145,129.264941398731,52.5392084019249
2015-11-17 17:00:00,11,193.828907325564,440.900856829605,88.4192199347522,46.2206762449314
2015-02-04 19:00:00,11,154.495758665472,416.564919460657,112.882198189917,39.0341385803868
2015-01-20 13:00:00,11,147.166477133624,434.236551844615,97.6617045684354,38.8046399878981
2015-07-28 10:00:00,11,183.527625774755,369.58983695697,90.8471726200034,33.2894849590145
2015-04-11 18:00:00,11,146.175138453167,522.101669046434,102.795405758224,40.2515125005624
2015-11-28 03:00:00,11,171.516444068368,396.175360265214,107.999749484408,42.312384800901
2015-06-14 10:00:00,11,166.914473080103,504.320861528648,88.9523279405975,43.3854513229388
2015-02-28 20:00:00,11,154.759013558668,436.891778160187,92.9246884425852,43.3317766006106
2015-07-10 04:00:00,11,199.298366379776,536.060998017407,104.308704854155,51.0731191951256
2015-01-27 06:00:00,11,174.817284823071,512.495548155334,116.780207309673,50.6284285716376
2015-02-14 23:00:00,11,209.996897092354,351.832787515082,111.465953743535,39.2055953569133
2015-02-03 08:00:00,11,164.053291795102,484.457189813033,87.9977006915109,38.3387787518591
2015-02-11 07:00:00,11,174.653846853405,440.220293814504,91.2729130865129,36.5322660204349
2015-12-23 21:00:00,11,183.97309709654,455.089012849753,90.9440351981898,40.3886766068126
2015-07-30 19:00:00,11,183.006138658949,413.426273085001,97.1370028216406,41.8234960362265
2015-07-16 14:00:00,11,183.240593356013,395.543478380908,100.427151567899,43.7273296275804
2015-12-13 04:00:00,11,188.223170193126,445.432049289731,104.19897939389,55.0813054407321
2015-09-13 10:00:00,11,152.037732014073,408.196631160853,102.054132362009,38.6830589359893
2015-05-18 19:00:00,11,173.884206372084,471.416610314276,92.7567267975655,35.1707157035874
2015-04-09 03:00:00,11,175.065041943582,416.477034787257,101.380539676629,34.1899539398766
2015-07-26 20:00:00,11,157.871056839381,459.344997917768,104.051006494057,41.2156559415726
2015-10-25 19:00:00,11,140.891438235255,481.749890050131,81.6482179938789,30.9971894347517
2015-11-13 16:00:00,11,187.284192894844,411.948091731731,108.892587537303,38.2804587805669
2015-11-17 18:00:00,11,172.475091497555,399.468908203854,105.157789408414,40.3861345944599
2015-11-08 18:00:00,11,191.062219956184,522.178512758141,98.3781659460594,41.9259532477129
2015-11-05 16:00:00,11,156.757650739908,424.161768828874,84.4980934090241,35.7318126949636
2015-10-23 11:00:00,11,179.179851312921,451.443007671399,81.5417245869478,37.816425522494
2015-03-04 21:00:00,11,150.318460394454,449.791396805974,99.978878484269,55.029813013349
2015-01-26 06:00:00,11,180.373695317077,476.832068457588,91.1891823520609,48.1695289196289
2015-10-26 21:00:00,11,137.510319274641,381.322165653026,97.3738530855655,33.9308796758929
2015-05-22 09:00:00,11,156.656768412977,480.174925579996,109.18984744209,41.7357878668553
2015-02-13 01:00:00,11,169.302179256938,394.220736677692,103.339758353731,43.6218282842108
2015-02-07 14:00:00,11,138.39187182947,418.867183280174,84.222559208216,35.1809588433421
2015-03-23 00:00:00,11,177.43076207396,447.258880430765,102.209937884105,42.6322767103058
2015-06-02 04:00:00,11,167.591103983208,384.45920342892,101.644241152321,39.6261755105277
2015-06-21 08:00:00,11,175.184470305543,411.047645659707,83.2324702655109,39.7238111279671
2015-05-16 23:00:00,11,187.004046855982,466.00075460053,82.8175582740061,38.0293153996897
2015-12-09 10:00:00,11,169.210729521743,451.082317313773,95.9030160340025,47.3328674303068
2015-08-31 10:00:00,11,174.492421122616,400.763302231386,107.958487285466,40.5576933498304
2015-12-28 01:00:00,11,154.834705701985,458.946663671096,118.082502852811,40.3980675595891
2015-01-19 15:00:00,11,181.683259766542,274.309961328115,106.696155470246,35.2666847174913
2015-07-18 22:00:00,11,165.682011965887,368.357569851375,107.681303961782,36.0338216305675
2015-09-04 01:00:00,11,195.41194413129,489.973319679723,118.878924360891,35.9763022586269
2015-01-18 15:00:00,11,149.375979339361,344.62214425651,93.8128714333107,43.3752727044863
2015-06-04 03:00:00,11,190.015076551471,455.022531710033,88.9539961328752,42.1425154067628
2015-06-06 10:00:00,11,165.628777262784,337.921245233631,100.330287958003,30.5640929358582
2015-05-09 14:00:00,11,161.703162266349,473.686094126275,93.2240984193715,43.503901381226
2015-01-23 00:00:00,11,167.257976361407,411.075346092016,95.0969635635888,43.508760486391
2015-08-30 12:00:00,11,173.168600091446,528.727275107723,116.548599091054,39.3851190282205
2015-11-12 02:00:00,11,176.953779375494,400.464790140087,91.2495357236982,43.0853057356701
2015-02-17 07:00:00,11,151.208060936378,423.373898693153,133.635049557498,45.1958382825303
2015-02-18 18:00:00,11,168.848900613111,432.181725512976,132.501071886597,36.4051959637375
2015-12-16 04:00:00,11,164.045346865218,380.482669237828,128.707946078164,41.0662233537992
2015-05-02 08:00:00,11,187.007316234689,413.365584948076,97.9486678786202,51.6477170515496
2015-08-19 22:00:00,11,195.960010741011,508.222926637998,103.093097039125,43.1712180176422
2015-11-16 06:00:00,11,159.786475333233,432.09691444516,107.507946495558,41.5994737850259
2015-10-04 22:00:00,11,186.208362583022,405.51004033844,72.0693083083217,38.4349808751426
2015-04-09 16:00:00,11,169.469663540343,526.087790868689,115.151792109102,37.0811508868886
2015-12-16 18:00:00,11,183.841902391209,407.623408188454,103.409700412243,40.6092289721702
2015-01-02 09:00:00,11,149.27670913169,439.890093463934,81.0518729728091,36.7763995829854
2015-10-12 09:00:00,11,196.488631324508,421.380343369988,117.362173069432,37.9197855180842
2015-05-19 13:00:00,11,184.065181581401,461.705031154834,99.2646038588388,33.7283853091446
2015-11-21 02:00:00,11,201.592283409587,441.699877991249,96.7643746357467,35.9480162678411
2015-05-01 14:00:00,11,143.635059243182,514.338907052247,103.814691759973,38.0359198772641
2015-07-12 12:00:00,11,155.229938471732,455.058098297799,97.7784066086183,44.8912074401527
2015-11-23 07:00:00,11,173.380710368123,306.66369129564,112.647353492943,50.5800253607206
2015-12-18 00:00:00,11,182.867531824383,487.766538229976,117.364862451344,42.0561104926155
2015-10-25 18:00:00,11,176.387668762359,433.706920201664,105.499788325171,41.1724967061454
2015-12-02 15:00:00,11,178.023854798876,430.551724575535,94.2314299984207,42.1992936009228
2015-03-30 20:00:00,11,189.527922430084,363.961367437649,82.3980914045032,40.8443450624752
2015-05-08 01:00:00,11,179.777491054792,456.574784033072,103.717666350682,46.9579376903619
2015-02-02 15:00:00,11,186.865099554016,477.469778448799,93.118264209863,43.475992023181
2015-04-01 05:00:00,11,172.513557697784,374.586980229029,98.490076546642,49.1760585453025
2015-08-17 11:00:00,11,143.442632078873,408.715679892081,111.409293711247,40.3977053857493
2015-09-27 04:00:00,11,183.902804146033,474.979968570496,109.709959001319,37.9550293018871
2015-02-28 03:00:00,11,164.111181255242,367.510220888804,79.0368394334287,38.6461312410187
2015-05-03 04:00:00,11,155.67219182646,508.681918392927,100.367187825725,34.4316512029891
2015-04-06 08:00:00,11,161.746153869686,452.289980528608,88.9649437734927,36.1697339679856
2015-12-31 19:00:00,11,187.377253754027,472.891996532015,104.360525866644,38.8615805600174
2015-08-07 15:00:00,11,174.377589964435,418.041470793057,103.940385039499,47.1439797670009
2015-01-03 05:00:00,11,164.305264273562,467.185132285086,100.151051411238,42.0741083944527
2015-11-27 00:00:00,11,127.076288335599,390.469487622767,106.168841035524,29.4477800654191
2015-01-25 01:00:00,11,156.570414949246,457.252023091291,113.70522680307,45.905954962566
2015-08-13 02:00:00,11,167.871714359823,468.620884039512,69.3608670898903,38.3181805620689
2015-08-30 03:00:00,11,193.77315738391,427.342206236064,101.444286899132,36.3761213373754
2015-09-21 06:00:00,11,158.353405795162,475.953885721028,106.12746347911,50.7681843819332
2015-04-05 17:00:00,11,163.907143805574,373.726901698912,89.9293436313387,31.7988333424098
2015-08-04 11:00:00,11,171.290206308513,406.259016882352,102.375552851364,44.6973130855774
2015-06-02 17:00:00,11,150.731904677401,507.346720442601,100.30157209385,42.8553404411039
2015-08-04 06:00:00,11,146.337184779558,383.873230926962,99.6262305770815,32.8090136908618
2015-04-30 11:00:00,11,153.918604772803,433.813539764483,110.556567687301,42.5177997081604
2015-07-21 13:00:00,11,175.272408151034,443.721327811639,100.775520053882,40.4792462814045
2015-10-28 17:00:00,11,184.283173796232,501.953420054469,84.9720048016402,38.4524168536055
2015-01-25 15:00:00,11,186.838577157721,372.750103948603,92.2244825657404,39.4216509525269
2015-06-12 20:00:00,11,170.177674297032,429.409584432508,118.907105953699,39.0543530776968
2015-04-02 21:00:00,11,190.790219234027,460.843181740082,106.317847363377,45.3792761855987
2015-04-17 13:00:00,11,197.545659239331,475.665115559593,97.0597321887718,33.3404677425809
2015-09-06 16:00:00,11,176.519232793389,395.899915487205,123.573345664113,44.6309387183475
2015-05-27 15:00:00,11,148.92585698671,528.080277390441,103.1056178957,32.6923103011657
2015-10-01 04:00:00,11,190.015302037971,477.003716943972,123.577221013998,30.7422316147535
2015-05-11 06:00:00,11,169.260414374921,329.371884994422,110.348503844534,33.4829057069661
2015-01-06 19:00:00,11,196.995237542991,432.584532266252,102.43374391994,39.6038560390153
2015-02-23 13:00:00,11,181.74504981002,411.2485673397,104.913471554485,41.3146670446274
2015-09-05 07:00:00,11,174.279549560781,501.948548106877,107.128946648253,46.0857589739226
2015-06-26 03:00:00,11,169.884213580573,442.429079830591,96.6500884312178,40.1049598701414
2015-04-25 23:00:00,11,159.524741864978,499.567211366378,98.0616713509104,41.2194941171569
2015-05-23 11:00:00,11,183.837228183487,541.866643827415,101.944645971285,41.6731678272838
2015-06-01 20:00:00,11,170.71655647852,415.018626878609,93.0711522282038,47.0989843033223
2015-12-16 05:00:00,11,170.718683129193,427.038661600731,137.393274785104,41.9709893515591
2015-05-22 18:00:00,11,174.17679530531,410.761148803572,95.9900228600121,35.2486237458282
2015-10-28 12:00:00,11,190.371751046286,476.846476944026,111.185335546441,30.1153555183631
2015-02-06 01:00:00,11,186.540550420495,496.645976487341,110.529767768127,35.8598190048212
2015-11-25 18:00:00,11,169.475858443998,487.868133938546,103.157138829627,43.9144526776182
2015-03-21 16:00:00,11,180.379622656853,497.971818686762,100.278807612431,39.9047450795437
2015-08-23 09:00:00,11,155.545568974071,335.015071914574,109.00709290866,39.6887874975272
2015-10-07 14:00:00,11,131.455635415406,453.29247593714,97.2078441832933,43.8294736626701
2015-05-25 13:00:00,11,161.826208686704,447.920608974362,101.391058908823,46.6619380517651
2015-01-03 00:00:00,11,185.03205506187,411.309288447695,100.9021529929,39.8167185275893
2015-10-06 10:00:00,11,157.093260583643,411.000054964657,86.2871434844824,37.6718904817992
2015-10-27 23:00:00,11,202.191936211015,368.923117162455,107.76912252725,36.997867844335
2015-12-26 17:00:00,11,180.517840150467,356.890435326006,114.361960229136,42.6064303001174
2015-01-21 09:00:00,11,190.894577318975,398.783837228905,89.920102195183,49.8478529021537
2015-01-22 09:00:00,11,148.334828678955,336.587238182235,99.4160494941847,39.0151843071036
2015-02-20 17:00:00,11,154.571001730417,491.306656122462,102.478287065609,39.9670632190912
2015-06-21 18:00:00,11,175.839638689528,511.157460932832,102.792111584361,38.693076536251
2015-07-25 14:00:00,11,174.362360954063,426.196896723612,106.094775033949,43.6162982710442
2015-01-06 11:00:00,11,136.001577673409,485.102693838242,112.090583594368,40.8965390854424
2015-01-02 00:00:00,11,163.289411826651,476.839333261946,101.242477366286,48.2977070326028
2015-10-17 19:00:00,11,165.890080313583,464.061282920013,102.522128349376,38.9520945242158
2015-12-25 12:00:00,11,174.718413622888,421.943573785031,93.8521198142838,36.2510717773722
2015-03-18 07:00:00,11,186.35785818165,328.361494775794,89.4045833950625,36.4734966547911
2015-05-05 08:00:00,11,177.774402755898,463.080894826616,89.9501970346227,37.2479750986283
2015-04-24 06:00:00,11,149.866757619296,431.775796429218,108.970325977916,41.9600600742662
2015-08-08 01:00:00,11,192.306123386276,450.726650207884,93.2014282434837,39.6213884527255
2015-03-29 05:00:00,11,156.244554202588,499.7419469504,102.761848215277,40.6315672307296
2015-03-20 23:00:00,11,170.135756951796,390.744729202661,95.6924032896544,45.0689968112732
2015-05-02 17:00:00,11,166.573902214417,402.310119413843,109.238052459767,42.4290815571704
2015-10-01 10:00:00,11,182.455920523736,446.017843019597,122.92414667605,41.8377601301146
2015-11-17 04:00:00,11,157.315050182687,394.437295502757,88.7658683154305,50.1287664563128
2015-02-11 14:00:00,11,188.565624759579,410.802173774877,106.547631649182,48.9763518043013
2015-12-06 23:00:00,11,191.373386090193,405.714789222989,84.3858222973164,33.6698480683709
2015-09-20 18:00:00,11,168.235936036986,437.695124751559,116.576044996667,42.8703174753974
2015-06-29 17:00:00,11,181.715684020364,394.305824814105,90.1854347193353,49.0856575598459
2015-12-10 05:00:00,11,182.249974636636,432.113226218762,117.1799583318,35.0320241727269
2015-04-13 09:00:00,11,185.452780930993,371.037030163471,95.7515152729472,33.291947474899
2015-09-30 17:00:00,11,142.496102282298,446.446361349761,121.082407264747,33.3054677155872
2015-09-05 03:00:00,11,219.139141566244,437.704616735832,111.289501658905,35.5682877892531
2015-01-01 23:00:00,11,150.481724018908,425.685880878319,102.709465100113,48.2000669626718
2015-06-25 07:00:00,11,174.749497401299,405.164787595367,112.959680492882,35.1907291262519
2015-10-31 14:00:00,11,170.923994984652,441.206865285819,98.3358102973004,33.6260313160419
2015-11-06 08:00:00,11,151.346206044791,499.520905778844,88.561793135382,27.1317613587035
2015-02-16 23:00:00,11,184.542605077287,497.361710515948,106.224982244369,45.0336175062642
2015-01-24 14:00:00,11,160.431826650736,500.814261170428,95.2206604490926,37.6871826632174
2015-01-08 09:00:00,11,140.264796369032,499.361583917913,99.9982304823109,36.2771733158579
2015-08-09 19:00:00,11,194.422518648654,482.464459258853,96.2847053232292,39.3984299108772
2015-01-23 18:00:00,11,187.657648639746,359.115873174187,91.9512587743698,28.3178226033034
2015-01-23 11:00:00,11,146.675488623349,409.260596623735,124.594363934391,40.3245005674354
2015-03-08 23:00:00,11,155.274449713051,422.5921716674,118.872942248039,29.3648429579019
2015-02-12 01:00:00,11,169.853654380901,411.345590038939,95.4464468433738,38.1263304794778
2015-03-03 21:00:00,11,170.528551990654,411.644708206513,100.937879671679,44.7958432551685
2015-08-12 13:00:00,11,171.038463687474,391.810412383194,95.9056577274093,35.0138408878732
2015-04-12 06:00:00,11,157.430389588802,443.347894455809,82.2371434155653,43.9234041411459
2015-04-12 05:00:00,11,175.671676063872,432.546073331304,95.5230468929154,31.8660472258476
2015-03-26 23:00:00,11,186.460417578437,416.77868610172,91.0254981033247,48.6299771121309
2015-04-25 11:00:00,11,192.669856798575,369.81074148759,110.437161104406,46.6542587254769
2015-01-20 14:00:00,11,155.064907361641,436.610949442322,101.099122374574,41.7375643270992
2015-03-19 05:00:00,11,183.242386892946,466.484027793987,79.7697882019525,36.5474166066069
2015-08-08 23:00:00,11,158.897662606426,358.313249052594,102.32842837241,45.8341991703552
2015-04-13 13:00:00,11,137.76189440265,358.130579488488,98.2647072818238,51.3149058466827
2015-10-17 02:00:00,11,174.785136064673,370.339337840845,92.7701408911738,37.4485290229531
2015-05-31 15:00:00,11,169.573573302082,406.01795685875,90.0268811893458,31.699835563196
2015-01-30 04:00:00,11,165.680005676789,412.307104635789,76.8263001770116,44.9527254763988
2015-07-23 03:00:00,11,158.253034725338,474.50376725372,93.1841488614203,39.4594197418376
2015-11-30 23:00:00,11,187.748061175767,390.338949475029,103.651139492487,48.793584665195
2015-02-05 03:00:00,11,157.946192950176,479.25215978764,115.462297243031,54.4943862270882
2015-10-19 17:00:00,11,165.896116264876,480.926026554076,95.0982103478024,45.3125198561867
2015-07-03 22:00:00,11,166.763478727265,362.777292592351,102.603495931459,36.3284092482136
2015-09-23 05:00:00,11,174.787428310713,416.091552590161,90.0164362419457,31.3882151056875
2015-11-25 14:00:00,11,173.43221640866,493.262336140123,108.249170897135,42.367518195981
2015-04-11 16:00:00,11,167.18201082774,368.774492032279,109.537889758734,48.281390642195
2015-06-08 13:00:00,11,151.248707126209,440.335824665945,106.861198499744,37.5279212188612
2015-08-20 15:00:00,11,179.623118015447,468.981561907401,76.8040590126815,44.1856703232141
2015-06-10 23:00:00,11,201.535593252946,459.702741802955,100.765465608744,48.0547153099923
2015-10-20 04:00:00,11,183.106228223252,362.852198311157,107.73044186207,40.8827526273419
2015-05-01 18:00:00,11,162.391685598354,393.102568794619,90.7264810165956,40.6348455542941
2015-10-04 08:00:00,11,157.356697510282,454.972400137764,89.4450250440615,38.5968192022406
2015-06-05 04:00:00,11,156.71052682751,480.456025084391,99.0699405643085,36.9442320846006
2015-07-18 01:00:00,11,199.110724833563,482.337903212992,91.6271678742103,42.4073861443863
2015-04-28 14:00:00,11,210.497086990493,529.069673448276,104.104632145686,55.771057683267
2015-11-22 19:00:00,11,180.500012142353,472.670022735001,119.101299813526,38.7097408976469
2015-08-14 07:00:00,11,140.795308519256,459.614019905551,108.235704880232,35.4840871834054
2015-02-16 05:00:00,11,166.951677002805,429.62928086778,117.25736049315,42.4167682104316
2015-01-26 09:00:00,11,177.214402999515,495.514110752933,109.336663642356,43.5944111828503
2015-12-07 11:00:00,11,157.375155530609,438.28697419903,89.8359702064343,41.337842742397
2015-04-18 03:00:00,11,172.923216683296,405.824034085753,74.5818648666397,36.2396173190804
2015-01-09 02:00:00,11,152.894584955688,359.483303971731,89.4266921163944,42.8097812296144
2015-08-01 06:00:00,11,184.549134257481,388.027812730544,96.5479288450008,44.3209154701933
2015-08-06 20:00:00,11,164.544506757003,393.767912102281,101.62292980343,32.5846309102381
2015-10-09 05:00:00,11,155.920470409655,343.965806058142,111.343714747194,45.4207422735742
2015-10-04 06:00:00,11,168.278506926822,436.48976481312,90.1947842097545,34.0540532345661
2015-12-05 19:00:00,11,203.042941389371,481.34532517424,102.900005446066,41.5444196984756
2015-05-30 03:00:00,11,166.560397610051,475.894212518656,101.669012829946,41.7991297819479
2015-10-23 23:00:00,11,160.884110536832,501.358852083902,115.83902308404,42.4254525801505
2015-03-06 07:00:00,11,196.056574145416,498.24254586874,101.896108872063,44.4700580326181
2015-10-11 22:00:00,11,188.782943735157,503.305484208085,90.850487585748,38.2361791215052
2015-10-22 00:00:00,11,179.196924458069,459.19110128489,89.241976893955,45.828214896497
2015-07-13 00:00:00,11,189.114984939882,432.621714939548,82.0538073217352,34.6492602779805
2015-03-29 17:00:00,11,171.78658045768,442.322896296861,86.5530393248776,36.1931970509949
2015-04-01 23:00:00,11,170.056994432971,393.613919424997,102.772276495181,38.6224208254691
2015-12-05 07:00:00,11,184.951018701529,464.483541936262,100.43890707364,39.9827532530749
2015-10-12 21:00:00,11,158.005792559158,528.768677831509,103.122268123744,41.9538525371827
2015-07-16 23:00:00,11,178.047662196116,431.195169911094,99.2382671961178,40.3886598412477
2015-03-04 20:00:00,11,163.359490487008,535.39906235854,100.137016716043,41.2974730668951
2015-08-11 08:00:00,11,174.570661529065,452.083005521995,98.4512301511874,31.9841743938344
2015-09-30 23:00:00,11,164.640039703464,504.892765886788,125.557375943936,46.9128485432421
2015-09-21 07:00:00,11,159.966594557308,510.746038838819,111.209197534139,41.164882021143
2015-02-21 15:00:00,11,200.71897976626,437.169219194434,116.190469830252,41.6750118445739
2015-01-28 08:00:00,11,154.405015760305,423.44675522163,119.442744258035,37.6135301641521
2015-08-12 17:00:00,11,158.36491843421,529.310116498093,112.127789904701,40.936389209224
2015-12-27 16:00:00,11,149.717658683313,504.184558423713,99.6361501067244,46.4204505644401
2015-03-30 06:00:00,11,173.011968664634,443.614951728136,103.719712615771,34.6154857101818
2015-05-18 06:00:00,11,174.035520703566,437.785538894351,111.966545874199,45.4688516711633
2015-07-19 01:00:00,11,183.635590042936,482.914703003657,114.638634238927,38.4795112693522
2015-06-19 00:00:00,11,168.264956064955,407.97461043688,100.79402185748,41.4386268773444
2015-04-29 21:00:00,11,161.555817742138,378.765117023102,111.01910643301,36.018437823362
2015-05-03 18:00:00,11,178.437423221948,400.913092773078,86.1161770520071,40.4867301269946
2015-01-29 02:00:00,11,185.772908854401,450.856410333275,133.865032998515,42.8380549924849
2015-11-28 20:00:00,11,185.84449641028,448.522604036095,88.897978455882,50.031720814848
2015-05-13 13:00:00,11,175.523408999716,445.208123553964,108.35234473178,27.3410292371445
2015-09-28 18:00:00,11,173.593566302627,523.100514066903,106.192244266776,32.4269845239356
2015-11-24 22:00:00,11,143.707434682203,326.29133863236,88.4397998242464,40.9743001283254
2015-07-18 04:00:00,11,171.020365190328,430.524017961816,91.7832798314319,46.4908087919632
2015-12-09 22:00:00,11,169.040834052268,458.36838072923,98.0633422277595,35.3042796923239
2015-01-18 00:00:00,11,171.965478255201,362.060039449646,103.27798179633,45.2079745937866
2015-06-19 09:00:00,11,172.053016427582,457.959554603331,105.683102294318,32.6115285688751
2015-03-29 23:00:00,11,177.864412786928,433.765288446546,105.681665729112,38.2033302898272
2015-07-01 22:00:00,11,183.794770188779,410.571008023881,106.760829861294,43.3343745232341
2015-02-01 21:00:00,11,193.038904283213,427.233885409637,102.129510150447,33.3855769055521
2015-09-07 22:00:00,11,183.769798955651,422.001369585481,98.3506700386792,38.9268104449673
2015-01-12 05:00:00,11,179.401827777704,484.487796610522,104.332958709205,46.6051735225985
2015-02-15 10:00:00,11,194.290765692667,472.895942819557,90.4270323406684,33.847323777761
2015-04-10 11:00:00,11,157.359101814163,393.791883429449,89.8204636457801,45.1678840435837
2015-02-27 13:00:00,11,146.835591330289,409.326945043439,102.442476680612,41.5168977287058
2015-10-21 02:00:00,11,148.282116022969,444.449840059008,119.3426820923,46.6285292535391
2015-07-11 08:00:00,11,158.627677782557,365.877000866086,105.597927652635,38.8252904718997
2015-03-14 03:00:00,11,174.247570325919,426.110489975372,120.513902506813,42.61892850468
2015-03-16 22:00:00,11,170.044572331699,461.814803660621,95.8393261990247,34.3648671180473
2015-09-07 21:00:00,11,157.171814221281,391.203606619302,83.628543988234,40.1879218861161
2015-03-27 23:00:00,11,206.32173806175,404.823524194369,76.0877025536742,48.8763465479092
2015-02-10 22:00:00,11,142.990854531453,472.513118240963,95.2550693471071,36.2133439341377
2015-01-10 11:00:00,11,179.342440731389,436.226932989626,112.208228755518,43.979978400203
2015-09-12 23:00:00,11,172.032004515646,463.830463447248,97.2788849754877,43.0821766988159
2015-04-17 20:00:00,11,154.16862585805,410.68925477278,94.9795560996993,42.2415750971646
2015-10-03 14:00:00,11,133.465853052884,408.92099971196,94.6709712863436,41.8195293004499
2015-05-15 04:00:00,11,176.083887999065,367.106098952701,108.285391732642,43.3913421254672
2015-10-27 11:00:00,11,175.44229298293,455.326421860795,98.4416808264153,32.7012096262884
2015-09-02 10:00:00,11,160.507776162723,358.643972528006,110.209880043209,46.4628191267826
2015-01-30 08:00:00,11,200.182308080902,428.79506954057,106.330232728519,34.2446837452604
2015-03-09 03:00:00,11,164.296783867819,485.202863035209,101.533263196945,48.0544440176937
2015-03-07 04:00:00,11,148.361230691599,490.018377614572,93.155442351576,36.4352009337995
2015-11-16 18:00:00,11,159.127547637005,395.38843714878,105.260982051504,38.6989460737075
2015-08-01 03:00:00,11,170.039158421428,467.319013858146,99.5199924784741,33.949800897209
2015-02-19 15:00:00,11,190.226644604983,382.724261898529,88.7685374838019,31.6274138461227
2015-09-15 09:00:00,11,177.88733350998,484.346154733154,114.796287973266,40.0550945096061
2015-11-08 21:00:00,11,140.780402783479,440.462694759575,106.453847396122,43.8214576664301
2015-03-01 18:00:00,11,153.578212010058,452.145380416293,96.1212794135239,36.0838551576899
2015-02-11 20:00:00,11,153.049432550581,486.425893747035,101.768351243518,47.2540303517623
2015-11-30 14:00:00,11,156.941613327964,447.533295628362,119.607610457849,59.6046651025646
2015-10-16 23:00:00,11,184.590586315203,433.766307887635,83.4380715432805,29.4408747155403
2015-02-06 09:00:00,11,186.242925404491,384.932802985569,92.7769911730329,40.1273985091553
2015-11-11 12:00:00,11,189.782636576488,438.996043197139,104.277517685778,49.3330151974735
2015-05-25 00:00:00,11,190.926208748641,456.564453594592,95.4816059550665,33.9389668890698
2015-04-04 19:00:00,11,178.035491818102,388.694284272996,96.0210026178009,39.6643934291087
2015-02-23 07:00:00,11,187.981607595233,401.692607301472,113.373315539624,41.4109728068583
2015-12-17 22:00:00,11,175.908056065536,515.50957157927,108.573437445709,34.7713750410992
2015-07-07 17:00:00,11,169.186408082371,358.598043044994,116.496856781131,48.9251084711029
2015-04-07 07:00:00,11,159.87432920594,529.307888042509,97.1304075701901,41.7497556767941
2015-02-02 18:00:00,11,189.005806122266,430.363150857202,93.70944180415,43.8423434820925
2015-09-28 23:00:00,11,196.012346909825,477.266058497532,90.0172278179535,42.4190730147985
2015-12-01 01:00:00,11,150.70925601957,427.629538603175,98.4810452743772,43.6514715639383
2015-02-26 18:00:00,11,205.003208059605,522.162127420476,96.5979892005785,41.4324847690622
2015-12-09 20:00:00,11,179.802829017004,411.320122377733,100.663061770399,33.8276398568754
2015-07-05 12:00:00,11,186.241763715815,394.019498348551,110.911091760786,39.195647457529
2015-12-04 12:00:00,11,159.008721371727,462.170361902698,111.317875466081,31.8373636209962
2015-05-23 04:00:00,11,184.972156345872,471.332403571962,93.8753488273642,38.0917817865912
2015-11-27 23:00:00,11,156.568334445504,415.252444066071,103.640342994146,34.4255162814236
2015-07-02 00:00:00,11,165.942742293201,485.900174757244,96.0268157235791,44.4010476260462
2015-11-01 06:00:00,11,176.0023363759,403.430332605499,93.7012256478317,36.9819598473138
2015-04-27 10:00:00,11,179.954738795545,445.468074278898,90.4824816434233,37.4223832672208
2015-12-31 18:00:00,11,177.541321470903,461.411078905001,94.710247383869,46.2521929974218
2015-09-10 02:00:00,11,199.664123742273,381.599608789697,119.504674235566,40.3350488084403
2015-09-23 01:00:00,11,158.999353910589,446.426242657407,107.466618182098,40.0898858085903
2015-01-28 09:00:00,11,184.131962039031,345.463131545413,131.617229338545,39.1766549717652
2015-09-24 01:00:00,11,160.619313357393,391.712234504786,116.671723516119,34.0103310023845
2015-04-22 05:00:00,11,187.267083863153,473.998152372537,110.129542524667,42.3430032268464
2015-04-11 06:00:00,11,156.157905659371,452.584415367958,107.439568524308,44.7016358136385
2015-06-18 15:00:00,11,186.879936152103,457.959846176358,117.140209695424,31.1849901790199
2015-09-06 19:00:00,11,160.488245361774,415.4224148285,130.833529823038,37.0324752310878
2015-05-31 23:00:00,11,171.982433701167,473.207900796738,89.5475883157398,36.1384618564252
2015-09-08 04:00:00,11,189.700392519175,341.847190786327,112.6484942259,39.8552609719228
2015-01-08 23:00:00,11,161.582194025353,457.185862979235,108.109758219224,37.3135947014202
2015-11-15 04:00:00,11,181.628909554026,388.629885087638,103.793687017041,39.0864054806951
2015-05-04 07:00:00,11,192.919059118458,295.800166768535,93.4870015285775,40.6721854059792
2015-06-28 15:00:00,11,205.062561675845,548.783953619544,116.250564036813,37.8849119936798
2015-06-27 10:00:00,11,175.124543133437,475.442898917027,99.4956066477181,39.2685006369691
2015-02-10 12:00:00,11,157.377511844209,429.839781739998,100.723437168427,49.8015041650373
2015-12-24 12:00:00,11,182.485774438423,453.352089023679,106.726943368056,33.948788441789
2015-04-05 07:00:00,11,164.007022729299,486.502326540153,112.97102485428,32.1843890213883
2015-06-17 22:00:00,11,160.165889061016,361.763486303081,87.7130025603726,44.722675573153
2015-04-23 00:00:00,11,174.465614579801,472.050196029076,99.3116629040758,40.5050301884121
2015-06-10 09:00:00,11,164.264706084318,388.051686604415,95.6800568765923,34.5404325786799
2015-03-20 10:00:00,11,163.580976506898,425.534751755739,97.0340649729666,46.8344885973595
2015-01-01 14:00:00,11,152.468194076151,401.542452038381,113.549808459598,37.3196431810433
2015-02-04 00:00:00,11,157.080306070812,384.042332621958,94.2652586650136,41.1957169951635
2015-02-11 06:00:00,11,180.504998040017,389.134399457292,108.971690874179,40.9047019524486
2015-08-03 19:00:00,11,175.053397938108,419.957694824804,104.031220667133,42.8762614336129
2015-01-07 19:00:00,11,184.945841166426,502.485136701465,104.579402308899,39.7023210427384
2015-04-08 23:00:00,11,166.119267273541,445.573129209825,103.499734517273,36.7345727131836
2015-10-09 02:00:00,11,180.777466053081,487.098938224256,106.341503564875,39.3658837652487
2015-09-25 21:00:00,11,191.673569230269,397.339137213199,116.196650693559,36.1377689785326
2015-05-19 16:00:00,11,180.612531173392,515.730123696293,103.410801514773,46.9921291436536
2015-05-24 09:00:00,11,157.980319688353,508.54266961762,107.250262778301,41.4367221937201
2015-10-29 00:00:00,11,167.269892621639,423.243700108835,96.0842013439808,42.0894442871006
2015-01-12 21:00:00,11,183.80060536896,368.914779490419,88.9629963860433,43.5634503828046
2015-09-25 10:00:00,11,145.7505993991,398.700472626076,115.887472673282,41.2923668826623
2015-03-20 09:00:00,11,186.310070971983,408.437869817868,92.9307345035718,39.1760006877824
2015-08-31 17:00:00,11,179.528004926082,383.633694804612,94.9610560494667,37.2647115016455
2015-06-06 18:00:00,11,173.236418928298,539.008082241102,90.684795102032,41.5602875437946
2015-02-09 14:00:00,11,156.600914231495,453.706763262413,91.6187818989944,36.0450238088979
2015-04-22 22:00:00,11,169.410524022769,474.50415661723,115.650347257633,30.6414276816416
2015-07-23 19:00:00,11,160.641162285971,486.907933661398,95.4910830578112,34.5789850321642
2015-07-04 23:00:00,11,167.068008591682,403.033610651506,101.170692142913,38.8005122286279
2015-12-27 15:00:00,11,178.205190688544,434.710626954608,90.0623156596176,41.8746823231473
2015-02-21 06:00:00,11,188.364077241791,409.708976737837,103.620699219593,44.6818966735877
2015-10-22 22:00:00,11,173.933401671428,369.885455468029,92.1846346241677,53.7061726539392
2015-07-21 19:00:00,11,165.733643328329,533.061607775591,112.348269274601,29.1225636428157
2015-03-08 07:00:00,11,168.909728695127,512.357177481934,91.4655416239565,32.1352305976584
2015-08-27 06:00:00,11,154.925395884543,342.845438102585,102.308986732074,44.2062266560152
2015-05-06 22:00:00,11,192.851636085962,515.134053650017,89.498227706398,39.1757943185988
2015-09-21 04:00:00,11,180.927538098255,392.539984805774,85.836912291062,39.218668858787
2015-07-23 05:00:00,11,161.014944960342,469.549165144652,83.3902903556817,37.9871692399423
2015-10-06 17:00:00,11,167.912968611952,466.634817520404,90.9895299728995,33.0178309449155
2015-09-01 19:00:00,11,151.406009434452,483.534025030689,99.9546850486008,36.1210733328768
2015-12-23 17:00:00,11,162.245610525607,476.363723288128,101.230147112657,37.247074118417
2015-01-09 12:00:00,11,177.163286201112,437.929914319894,95.9114968371249,40.1208489707256
2015-01-09 05:00:00,11,161.033717403212,405.653224505536,100.909662074904,42.8260048792362
2015-03-23 16:00:00,11,163.288973308445,515.066504708587,91.7569333865505,48.392293767366
2015-08-04 03:00:00,11,185.342373284928,409.274261243376,100.989597940206,39.8098877378772
2015-10-16 16:00:00,11,173.794421852514,475.277821227217,86.382005260331,37.5925136517502
2015-08-04 19:00:00,11,167.141396765396,396.011649410219,92.4294069240237,48.3832513102316
2015-07-20 22:00:00,11,189.091562143962,439.427104103257,95.799019345777,38.8694769642137
2015-06-25 16:00:00,11,163.248964048703,410.03489900113,104.163491768435,42.9990849714672
2015-06-04 10:00:00,11,161.339257862948,361.574396196752,123.173690838475,48.3171821764537
2015-12-17 23:00:00,11,166.447301933267,495.151859558364,102.71335317663,48.0484317350952
2015-09-02 21:00:00,11,154.888322622615,476.226386642102,97.1305539313843,37.0825079965453
2015-03-25 16:00:00,11,158.88356957596,404.276060721152,101.614033271772,39.8374584921587
2015-06-30 10:00:00,11,187.809137802677,483.490466919101,92.9831710501757,36.5311216941158
2015-02-15 08:00:00,11,139.005297362495,379.855812314961,102.876504288636,38.6078160620564
2015-11-30 06:00:00,11,170.595100789671,403.471807296969,96.6813543795576,39.3812418679018
2015-11-27 20:00:00,11,173.150272918745,440.714942043815,94.6219196656319,38.3934729006575
2015-02-25 22:00:00,11,162.212190072617,437.204587461909,110.504810398713,44.1611650135734
2015-09-27 01:00:00,11,157.896455388466,514.292947195503,88.8814219551159,45.7363017631941
2015-03-17 10:00:00,11,149.586816786383,419.712157963629,94.6349970193365,33.4853833195545
2015-12-11 01:00:00,11,166.691311920602,516.615650927647,99.4964164299114,35.7232888795224
2015-06-22 15:00:00,11,167.66871835077,423.134301389703,112.31039341847,48.9934593271928
2015-09-18 11:00:00,11,182.302305632373,373.517593995222,97.1414999302294,46.811187635025
2015-12-23 14:00:00,11,182.684862761147,436.335752835762,76.2371840142751,40.32995554111
2015-10-08 19:00:00,11,159.569587799997,461.861921386303,101.744893550846,40.3195062302564
2015-08-06 22:00:00,11,167.712208880483,446.719644042192,112.120897696517,37.3278116840885
2015-03-06 17:00:00,11,153.378401379912,395.378228551833,100.513099301944,31.3263181998868
2015-01-23 19:00:00,11,163.747581893353,459.481000039537,111.292180689297,49.1787825717161
2015-11-29 02:00:00,11,154.561639410461,392.599298943264,101.129517626217,43.9001662306035
2015-08-16 22:00:00,11,187.571538831329,372.664207790858,98.222520369644,43.8643964263628
2015-02-09 22:00:00,11,164.208533233543,470.472148712982,99.4923169620466,31.3629254842492
2015-07-09 03:00:00,11,168.65240324865,385.017761726988,76.1579186097801,55.9230976022112
2015-06-03 09:00:00,11,167.993710111783,474.176183551324,79.9235053173276,38.2498330930273
2015-02-23 06:00:00,11,204.462356371504,446.373307122589,95.4337283558358,38.9102505261926
2015-04-01 00:00:00,11,187.216845972917,397.848627475456,110.113908332679,43.3354124277816
2015-07-26 02:00:00,11,191.134644137435,470.349137630916,82.7382144702883,41.9382160397407
2015-02-18 11:00:00,11,169.116482943023,364.995271958981,118.294437573131,35.511617762391
2015-02-09 19:00:00,11,161.920202217298,338.373502037048,92.9154199641717,44.5777796762655
2015-03-22 06:00:00,11,171.824610060687,447.948314019495,90.7582119900981,33.5476814474376
2015-08-28 11:00:00,11,170.225814906517,458.948916972803,92.4551156732086,45.8627925012614
2015-05-06 15:00:00,11,187.504699086177,420.244870765606,104.797715398536,34.5293153911791
2015-02-22 22:00:00,11,169.886378279211,506.613182990023,100.770876499549,34.9426950403493
2015-06-21 14:00:00,11,178.170858611873,322.636114694103,105.14985945027,42.1692743979703
2015-01-12 04:00:00,11,189.186852261183,537.608877357648,114.733953508845,35.7661315649702
2015-11-22 15:00:00,11,177.358391175712,421.470004591684,136.570318680874,41.2524312788747
2015-11-27 18:00:00,11,182.404947806445,407.879218753504,91.4904712378859,46.7110813630887
2015-02-10 10:00:00,11,204.747716425555,464.870559991973,100.874670795529,35.9093900948575
2015-11-29 06:00:00,11,141.193941195227,336.861561932513,76.6865593331019,36.62668347943
2015-05-02 06:00:00,11,172.006770195915,384.924905938489,98.100030483782,41.4878758170106
2015-10-22 19:00:00,11,188.041360536784,365.211475636845,99.9374105789326,35.7046442284163
2015-06-03 10:00:00,11,132.019383349985,471.701137902513,97.0638508759069,36.4648195602543
2015-09-16 12:00:00,11,154.596296723064,485.921060685955,100.482431788318,34.0082454118989
2015-11-06 17:00:00,11,154.831578319153,453.916895652106,100.564792015004,40.0363613179805
2015-10-08 21:00:00,11,159.423563225797,417.819921803822,85.7468869606428,42.3324680387439
2015-06-15 11:00:00,11,168.380095769129,472.590652053025,111.775505337083,34.2986957655421
2015-08-12 06:00:00,11,145.855677358269,509.715051827308,112.847201708541,38.233727483302
2015-05-16 18:00:00,11,165.422222762001,474.53872428226,117.95880296281,36.5547465730873
2015-12-10 18:00:00,11,165.022653195333,510.571943651745,91.8667964327359,37.6624324940901
2015-01-23 13:00:00,11,171.344400868263,392.026763445692,101.120096545563,40.4967644509594
2015-05-10 05:00:00,11,172.156725191448,413.568624546416,84.1007121315732,50.3232819588278
2015-05-01 17:00:00,11,172.708149463502,375.584012357881,97.7004981156764,36.0261407624984
2015-02-28 11:00:00,11,151.615953387322,345.994175483226,97.9161370303217,34.1811502617086
2015-11-01 05:00:00,11,176.252778910272,473.973436575856,106.399024162031,34.6920099067515
2015-12-24 13:00:00,11,187.932202134189,470.751833000324,96.8543170560959,41.8536802242543
2015-10-01 03:00:00,11,189.217516428377,384.851709674283,103.642798359889,30.7879930214981
2015-06-26 16:00:00,11,162.318089644135,404.463613128486,96.413162704448,34.1297172503267
2015-11-23 22:00:00,11,170.276054969489,401.239241489118,83.388614077119,51.5060638368111
2015-06-07 09:00:00,11,186.738463197047,456.671660227471,91.3842114362863,43.3877543400175
2015-05-06 00:00:00,11,163.024928141451,444.787709958885,91.5434367554616,45.5166102533425
2015-07-16 10:00:00,11,186.437066902264,460.974395333099,92.0781367816497,35.6763627268677
2015-05-26 04:00:00,11,184.16873476711,512.841731439029,94.32122171348,42.885787479662
2015-03-22 09:00:00,11,149.699786612714,499.317581473779,101.729738430251,39.2904332367251
2015-04-05 04:00:00,11,166.213243067308,409.163643699483,104.824588274436,32.9190202382955
2015-08-19 00:00:00,11,164.435469974311,455.319043403347,111.886629853459,37.2187966537272
2015-03-10 11:00:00,11,160.835084349958,398.819182707374,100.92479645626,33.6509403987493
2015-03-06 10:00:00,11,134.197676604487,443.127895487887,98.4223928818141,44.2091386881759
2015-07-08 15:00:00,11,158.056195500882,425.38435740378,108.028530234344,46.7368401897436
2015-04-06 01:00:00,11,169.409533381921,490.009876431647,139.453896651291,31.6527853545077
2015-02-08 10:00:00,11,159.714281118146,521.185567668574,100.845985009872,47.4957480126379
2015-05-31 12:00:00,11,171.656237659454,408.555816829704,113.171841388328,43.9988362360744
2015-10-07 19:00:00,11,163.092685354848,398.73882132031,92.3350186318171,44.566957914449
2015-07-13 18:00:00,11,164.013954566187,458.950448085983,116.418013618973,35.3930419407848
2015-03-06 06:00:00,11,169.955536193456,528.997059122437,99.4780024357876,42.6690370238343
2015-07-15 01:00:00,11,165.993239180548,465.871864532752,110.585203516371,42.8016155664304
2015-09-19 12:00:00,11,183.010007496106,403.004595537101,89.3801700626299,44.7336605752598
2015-01-24 05:00:00,11,162.732438755979,457.133310578089,105.9923171429,39.2811805649001
2015-09-12 16:00:00,11,157.577249880926,499.275298247238,86.5391954410627,31.0295697564375
2015-04-30 05:00:00,11,168.662885452834,420.554474315581,121.490268920298,35.4059958246784
2015-11-28 17:00:00,11,185.943949176459,439.331388231647,100.720914693995,33.914534544945
2015-06-03 13:00:00,11,203.754706770646,406.819313080299,109.306720145658,36.134104840764
2015-02-17 11:00:00,11,173.230305705373,336.301532571207,129.437935075482,47.1822098350294
2015-02-28 07:00:00,11,189.155797885495,452.095605453744,98.9313367053522,39.9798503111267
2015-10-12 07:00:00,11,172.961062352353,389.352116245979,88.0876281276816,44.0579264036833
2015-01-28 17:00:00,11,174.389747997818,410.237364268739,135.819108103705,35.9416508854853
2015-06-17 13:00:00,11,135.917179587664,569.699946999678,94.7892002795676,34.5881335419971
2015-01-17 22:00:00,11,138.978543601626,427.913681975896,94.9457117620808,34.9251230392628
2015-09-01 20:00:00,11,172.787435720223,438.659728877165,92.8515842032267,25.9710621295214
2015-03-01 06:00:00,11,170.677124774323,519.530271097212,93.7203685073458,33.8546482837098
2015-11-22 10:00:00,11,156.222539076803,396.171170977217,116.483310566317,34.1980705070558
2015-04-11 12:00:00,11,153.72198162928,510.519006148653,105.619327544975,40.7411870181118
2015-08-11 09:00:00,11,169.975127027035,441.629926072358,81.9279712920866,37.4866248746078
2015-11-11 05:00:00,11,173.212447055478,461.72348187862,98.5166747128702,44.9132474871717
2015-01-10 00:00:00,11,160.020239160702,364.706879844492,113.765158717552,44.4940942610596
2015-05-18 02:00:00,11,150.776195813617,469.168170347596,85.6037527435724,36.0543855605594
2015-07-14 08:00:00,11,172.400266864803,390.749446747549,90.4229217934907,42.2313961558114
2015-03-08 22:00:00,11,159.134549046085,541.442675816627,97.7344361328943,45.4769504716969
2015-09-17 13:00:00,11,148.358744313789,465.092265045035,92.9850129904738,38.490803171971
2015-10-05 10:00:00,11,130.845130033483,446.306493945064,87.8169558026351,40.6060610361287
2015-07-14 00:00:00,11,177.665349594712,495.085897320483,84.6826892904893,43.9878632504814
2015-05-18 10:00:00,11,171.767726549879,451.558446207855,98.9200492158754,42.6396860679902
2015-07-09 20:00:00,11,150.845698309506,554.207021401717,89.6266332292293,53.4012301462905
2015-10-26 13:00:00,11,184.606324905472,448.973044831837,91.979965334325,36.2336908377349
2015-12-09 11:00:00,11,159.680235226294,442.179670015697,123.413182946707,39.2747663201601
2015-10-17 14:00:00,11,182.926243351058,453.408344797381,104.534394797326,42.2707295149905
2015-06-16 06:00:00,11,168.934808503919,416.302061815726,96.8418388243921,42.8616140090568
2015-05-25 23:00:00,11,181.409903882944,479.074558592921,98.8446939299144,39.9520155095197
2015-07-05 19:00:00,11,151.790371298643,467.270852042689,98.5925954231537,41.2677055402316
2015-11-25 00:00:00,11,165.291392528645,345.09380024653,107.507484518222,38.7140862566357
2015-08-07 21:00:00,11,184.586028922269,489.276755264336,94.3678880457155,38.3254325632768
2015-12-30 10:00:00,11,183.553317735121,395.608231416885,89.0540273610929,38.7335911037588
2015-03-20 14:00:00,11,162.907361925941,421.231449401908,117.093349112695,41.6687092694226
2015-02-03 06:00:00,11,200.01594248016,423.197399762003,71.6129741610229,41.5815605968621
2015-09-22 11:00:00,11,169.718495916943,446.735919607499,104.642988483287,30.5261552976402
2015-04-08 18:00:00,11,149.795955453491,522.662319066661,106.540816459462,37.2525596489092
2015-10-19 03:00:00,11,166.34497568301,499.768022076029,99.8862232341815,38.9492515493998
2015-05-27 17:00:00,11,170.785017682278,420.597728773924,89.6518164495875,34.5994162303275
2015-09-30 14:00:00,11,199.11836834184,522.914930876062,115.882503519461,32.6681858636692
2015-11-09 09:00:00,11,148.542488197898,392.810897886229,97.7038027483142,34.4671773673378
2015-12-13 02:00:00,11,162.899323542113,429.782695165876,89.3798041036267,43.8106562309535
2015-05-04 10:00:00,11,161.819495430856,333.388293068112,90.1725393553105,32.8769041325888
2015-11-05 00:00:00,11,177.409766719064,389.756086915815,110.7875025898,38.6065475510035
2015-11-03 10:00:00,11,137.978612550371,458.389530264185,97.7885631371383,45.7889165894061
2015-12-25 06:00:00,11,174.410478728956,428.61144772975,87.1359552546525,36.945192457984
2015-03-22 02:00:00,11,181.618078932776,370.283474170127,100.283992274413,44.5513168849172
2015-10-06 11:00:00,11,190.77881889896,404.955070556991,94.1611800521419,34.6207979907642
2015-11-11 19:00:00,11,173.743351117354,421.08115403206,102.586714785291,39.7974450449466
2015-10-05 23:00:00,11,145.034625039593,397.244267679158,95.8826206369541,45.6725801805771
2015-03-09 08:00:00,11,192.317894178286,359.882242051784,93.7661208398912,33.2961710001215
2015-03-18 21:00:00,11,165.759777316334,509.759293743198,116.489256848684,44.6201267886006
2015-04-23 10:00:00,11,144.299617987887,480.920768526917,106.880210058572,53.6150771491371
2015-09-10 06:00:00,11,188.201165299963,471.066779460035,83.8634216324235,47.1861754129986
2015-07-16 11:00:00,11,187.435369161257,452.423124235583,103.889493625075,51.8406224490655
2015-03-21 12:00:00,11,160.26557922603,466.903453442091,97.9560356940026,40.1286178265037
2015-05-11 10:00:00,11,172.077913820927,486.192705395834,96.5455431060691,43.9095074700203
2015-03-07 14:00:00,11,149.876624339388,433.035531099225,81.8095840663422,45.67579861018
2015-07-17 14:00:00,11,167.854152686261,412.926098466432,106.863327108998,36.9096581508272
2015-03-09 04:00:00,11,169.246340008873,501.524282409953,106.229444667959,30.2863279579485
2015-06-02 15:00:00,11,174.807226127658,424.35818768358,94.4207221850737,41.5389737035828
2015-05-01 10:00:00,11,163.733855014358,457.160825768348,103.23332150032,29.7791574203031
2015-05-17 06:00:00,11,167.563603806395,462.259819885286,96.9930463683456,41.8936703594149
2015-02-26 03:00:00,11,152.306500267131,439.024739316687,96.7046982820397,39.3422371772925
2015-11-06 03:00:00,11,174.834995719612,471.397188666392,96.9633838303099,38.7574363644522
2015-02-05 10:00:00,11,160.551820955696,525.08588467784,99.6217542646916,34.0332470662752
2015-06-25 21:00:00,11,166.936353670945,420.410221695751,102.393309258357,35.617228329039
2015-01-31 12:00:00,11,184.645721883577,446.636245654779,117.642379240775,44.2485978008218
2015-05-24 17:00:00,11,190.211571497633,411.641243046357,88.6129700239037,45.7399401957804
2015-01-31 14:00:00,11,189.889093151761,335.486937782324,89.0332442382613,39.8967868179855
2015-11-01 07:00:00,11,176.090343761997,499.986310649724,91.4802592303056,35.309705663956
2015-09-10 00:00:00,11,172.642872450407,386.706288479447,89.1716584829146,43.7262203243246
2015-02-16 12:00:00,11,172.481260196141,466.057028016255,88.9797251982418,40.8684310876768
2015-01-19 16:00:00,11,175.875364370791,289.062528209339,103.856046155501,50.4708955519156
2015-11-03 21:00:00,11,168.961916929624,481.181822318698,117.255744379879,42.2691103951814
2015-04-13 11:00:00,11,163.382286108208,427.748647967822,106.059281294495,27.7309122012897
2015-12-01 22:00:00,11,152.788937565772,450.822730550486,117.261058617557,53.0302651777854
2015-11-28 13:00:00,11,180.299610173395,500.214749546796,98.0413007369504,46.4877737227945
2015-04-24 07:00:00,11,187.590387194216,468.241195754912,95.7626121941626,46.7927351597048
2015-01-27 11:00:00,11,180.72560363178,372.039132016019,131.707968075031,36.3609934783373
2015-07-31 16:00:00,11,176.174199478821,401.49121747537,98.0236530392753,44.4851378818163
2015-04-08 10:00:00,11,174.523772275514,368.818051595323,95.7971647109703,46.6274796759327
2015-12-14 05:00:00,11,140.099554446735,416.582355605468,119.566498476645,56.0068921806659
2015-09-11 01:00:00,11,163.665557595626,451.692325216593,84.6699623989638,40.0694870008951
2015-11-17 07:00:00,11,172.92375949892,379.837833193235,94.7448666715443,39.8692110594906
2015-07-12 06:00:00,11,172.940285310489,416.482143694312,100.707271779986,40.7751607695723
2015-12-02 03:00:00,11,179.924025724934,487.535364479972,92.8943300010769,51.2767851882714
2015-01-02 14:00:00,11,183.410916286639,544.126012180246,90.6116218753089,32.9094230603152
2015-02-02 13:00:00,11,175.129056906456,429.17000085763,87.8653059754121,36.670500647501
2015-09-16 15:00:00,11,144.852909556396,490.440685039539,105.56908916475,37.7613429285884
2015-12-17 20:00:00,11,169.956987391102,417.286087293608,85.5883448267983,36.6144164451435
2015-06-26 02:00:00,11,174.584066344426,460.464790353136,82.277975428649,35.4943551082166
2015-04-10 07:00:00,11,155.234879049583,350.104247940523,99.3963313863067,38.2699746292155
2015-06-24 12:00:00,11,169.305053365474,525.913664592294,83.0176500857622,29.0399636396133
2015-01-19 17:00:00,11,156.469822169311,383.493985766402,101.972631458276,30.9693776704226
2015-01-25 17:00:00,11,182.743158679329,463.007497298305,83.1398264927168,26.2149494899361
2015-02-25 01:00:00,11,165.461659133919,336.196911327451,95.8901775778563,43.8441586936847
2015-07-08 18:00:00,11,145.670322127919,472.031788156854,86.6980852323954,52.8119022548733
2015-07-31 05:00:00,11,164.137456197807,462.946482961796,110.963408954792,37.831379469674
2015-11-28 23:00:00,11,136.156847365688,377.770898060591,99.7827645492243,44.8363777886433
2015-01-27 21:00:00,11,163.200832181223,457.990061180286,99.3142750721945,46.3052861050403
2015-07-01 11:00:00,11,185.368854455149,404.093886092292,90.3751481081317,29.1916075202677
2015-09-07 16:00:00,11,195.873161483021,493.985951250059,118.836991905946,44.890300422714
2015-08-19 21:00:00,11,197.666130888892,476.002255429716,102.62854247623,41.5032178412184
2015-12-20 07:00:00,11,154.909632550979,397.172047597919,100.276978803368,49.4200222879039
2015-10-06 19:00:00,11,143.40152082923,363.712721182984,87.3757842192714,42.7528671741127
2015-12-13 09:00:00,11,177.298978779209,390.193857774014,91.5240018352812,53.2967659267225
2015-03-20 07:00:00,11,165.52670059768,440.967822686102,102.434311807173,41.773660280812
2015-03-07 06:00:00,11,165.741361517639,459.803916992694,124.337822726332,43.8261581256832
2015-08-26 10:00:00,11,175.402795214082,527.835519671907,96.5848479378345,43.9364142459011
2015-07-19 15:00:00,11,171.481514782542,490.442058012341,100.900125102103,52.9533708717097
2015-08-07 13:00:00,11,185.727925349744,506.191964386464,85.1175000107383,41.0993780941866
2015-02-02 17:00:00,11,168.689291965137,449.901240809358,104.335828551623,36.3253909958009
2015-09-23 15:00:00,11,150.660192556244,507.960081564156,110.013932629212,36.6626154973877
2015-08-20 09:00:00,11,186.311175471732,456.750230502512,124.288011002021,42.913790444764
2015-10-08 00:00:00,11,178.747228674358,488.932764435834,102.469585297113,41.8441185965089
2015-10-31 01:00:00,11,166.717427314969,439.412429801953,118.593001420397,38.5759207104183
2015-02-16 08:00:00,11,186.998862975472,444.43934865236,103.565784251517,38.3567470129299
2015-07-18 17:00:00,11,166.426265565989,468.487005591301,110.892944800481,36.4647360677399
2015-03-18 19:00:00,11,191.583750391009,459.996218768034,107.610521984554,37.6318863167142
2015-06-28 19:00:00,11,169.929112352803,471.083069152012,75.5970617187485,44.0975300563912
2015-09-09 09:00:00,11,173.995516802137,497.314571290651,97.8721209517203,37.8003442248176
2015-01-12 02:00:00,11,194.263507605689,511.375139228547,108.5654412232,36.4782882243671
2015-03-19 06:00:00,11,159.20081525835,480.632297450479,96.0079010890732,41.1153121489607
2015-02-03 20:00:00,11,156.592779618585,550.935203551485,115.477275157297,32.7178567797802
2015-01-09 21:00:00,11,159.203607746725,426.62844315597,116.938970670066,37.1142421249117
2015-04-02 06:00:00,11,137.630835048292,421.329996410408,95.9848437089333,42.7153819145506
2015-02-04 09:00:00,11,171.242952134159,541.580586721487,111.302911194446,38.5328400130224
2015-12-15 04:00:00,11,188.92237120388,456.981421627307,118.024381819088,41.6639332542211
2015-07-21 20:00:00,11,188.428775347414,527.392754654555,80.8883438547447,39.5321334733526
2015-02-09 20:00:00,11,169.01347411357,499.281106146195,89.1435774720841,37.5929341354702
2015-07-04 03:00:00,11,179.792411862421,454.245734004285,96.2989580631925,35.7608337977077
2015-06-11 12:00:00,11,161.520396057765,506.438043865268,113.752247258127,46.0902757751366
2015-07-15 10:00:00,11,175.583314683622,412.157569761764,95.7136057526308,30.4820159389281
2015-11-23 21:00:00,11,203.895522848275,364.269817340951,111.259372237251,38.0854935335335
2015-03-05 13:00:00,11,152.855769871182,512.871911111802,101.02760910435,34.3515866435014
2015-11-03 17:00:00,11,156.799670741806,474.15018276571,99.0719570816487,35.6242636499365
2015-07-05 20:00:00,11,164.667924630526,386.725455808361,100.192327469892,41.291707573498
2015-08-05 02:00:00,11,184.029627922021,426.235015287755,88.1178232772752,42.0546295514646
2015-08-16 21:00:00,11,169.398139296234,473.515385054629,87.4894052593743,41.6980314686624
2015-02-09 05:00:00,11,174.04109474075,340.455507903101,89.8733441856742,42.5173533396014
2015-12-30 15:00:00,11,189.980690946326,419.267891751444,77.4339531417873,40.0369080531488
2015-03-21 08:00:00,11,158.846279844616,498.871649266292,98.3792078462878,37.0097885905824
2015-10-30 17:00:00,11,152.770856666181,428.187910263649,107.223232141366,40.2931295106705
2015-06-13 06:00:00,11,143.342077812519,426.82981850216,101.918512535798,46.0567445364161
2015-08-10 11:00:00,11,143.554092135967,441.219823752769,91.2049389686179,46.2627232662519
2015-01-24 15:00:00,11,164.536704790541,457.378285037414,105.766324968068,30.9683105407082
2015-10-15 02:00:00,11,179.956545943188,468.525037550628,94.8925488329491,37.3270141749674
2015-02-22 16:00:00,11,202.783650174177,455.000414203866,100.039374603423,41.0482407045193
2015-11-18 13:00:00,11,167.141221856494,412.91471697834,89.7525257982568,49.8489664243185
2015-12-27 17:00:00,11,197.944987498189,438.752852539388,112.219165666521,38.4003763802498
2015-08-13 06:00:00,11,172.471996248291,408.953411368549,102.705347318301,35.9937071032391
2015-11-28 09:00:00,11,168.592312789462,401.983827244156,118.2418649865,34.9434901694514
2015-05-23 09:00:00,11,164.643315586127,436.520012823334,103.434919460064,40.2359883515874
2015-11-08 11:00:00,11,157.969287168991,408.685349372895,108.731880711582,41.4708805811116
2015-05-17 21:00:00,11,167.501246271753,424.792667176905,103.863755507568,49.1012327588287
2015-05-05 03:00:00,11,162.866946712036,357.583062557323,93.4815382412839,44.1028961426784
2015-12-22 20:00:00,11,167.256308489717,362.141853653015,96.2780891915654,42.5853157129699
2015-03-30 19:00:00,11,209.53523724527,501.319830048092,89.0376751298079,46.3647083161468
2015-01-10 17:00:00,11,168.054367797269,346.29672817458,106.526759629193,33.544436126019
2015-06-28 01:00:00,11,162.293231876488,373.214247665177,93.8852521521987,41.0574837491635
2015-03-23 15:00:00,11,154.111264300007,368.285844224754,114.972574134405,34.2230201493364
2015-01-11 06:00:00,11,180.926588543747,427.79110532597,90.4431610408114,45.0281663008527
2015-02-06 13:00:00,11,158.807739789894,435.177412910291,101.50383506682,45.5764805722117
2015-11-14 14:00:00,11,165.086673381959,386.002554171147,78.9552735161738,50.9762765518336
2015-10-18 02:00:00,11,175.561716341632,474.634890980468,110.79395556944,50.2248784369418
2015-03-11 14:00:00,11,161.403790298067,542.26742920296,90.3610944147083,39.9760134160876
2015-11-01 04:00:00,11,167.306019476326,415.489699642009,115.093975668709,39.9709616726521
2015-07-19 10:00:00,11,160.415269464714,538.59675192045,112.557835110642,41.9848259964246
2015-12-09 09:00:00,11,142.444370933225,426.904219661133,82.7621022609716,41.591396243576
2015-07-28 07:00:00,11,180.65270963011,353.284420425524,117.594142082477,44.5374675698977
2015-09-29 20:00:00,11,160.017886479165,342.479808992589,81.22683859143,43.2049511321697
2015-01-07 01:00:00,11,192.663492271347,512.884152741389,91.0260961427234,41.8895269200027
2015-06-27 13:00:00,11,194.903961877478,443.927558839911,94.8132334163641,39.5865201433863
2015-05-04 21:00:00,11,166.674963689278,356.604727426358,92.3957352190198,44.9900536781834
2015-10-12 01:00:00,11,157.700030137583,475.18400280281,75.8649589762007,36.5921515426603
2015-07-11 13:00:00,11,176.645524629139,391.5130563932,82.8649993313698,37.5381223998969
2015-04-30 20:00:00,11,157.600965936914,387.474475530854,91.0963331897156,36.6784071317121
2015-11-03 07:00:00,11,176.395422115657,502.936905431789,94.9046935826129,31.4661988226328
2015-09-21 02:00:00,11,143.698134400193,464.981857041484,113.039478330954,43.4198551936432
2015-09-27 08:00:00,11,148.160193031618,429.392981077616,112.420096513422,48.2564356684086
2015-10-21 01:00:00,11,130.712971131427,382.294823654975,102.902697314012,39.6636913512178
2015-07-27 23:00:00,11,143.112608559024,506.794029223686,116.125500326924,36.5205636635076
2015-07-24 02:00:00,11,163.794826306745,374.519712277247,93.0526604629509,51.1503082144972
2015-01-06 00:00:00,11,173.495278218313,452.515500295019,111.770688097601,39.9156517631266
2015-05-08 23:00:00,11,170.158265503006,488.410168478125,106.566051255034,37.5922199583819
2015-07-03 05:00:00,11,168.571719937489,441.110803168842,85.7078914649123,35.361001711857
2015-09-01 17:00:00,11,163.388653768049,446.278682170518,103.136072882785,41.9481084228934
2015-10-01 21:00:00,11,154.769512375216,441.606814299159,119.785926350609,43.9599750713273
2015-12-04 02:00:00,11,174.126370340766,451.965523231813,104.178545225293,37.306357750299
2015-01-16 15:00:00,11,170.840157712541,387.420042626045,78.5826186720528,41.8969494549574
2015-07-22 14:00:00,11,155.636265114527,479.145708630644,101.842456224882,29.1942964154565
2015-02-10 02:00:00,11,172.578735817215,496.960347665463,113.223367566452,46.3705277070737
2015-07-13 06:00:00,11,179.92716300446,453.031762019567,83.189790172883,43.8549233853151
2015-03-14 21:00:00,11,201.425211678349,448.873082609397,88.4478008815389,38.809080442226
2015-07-30 12:00:00,11,174.427785405511,362.243287298026,102.640807607231,38.6287355293889
2015-04-09 08:00:00,11,180.311584319929,458.467255300403,96.9711108666458,44.0665129142593
2015-04-13 01:00:00,11,187.057008044462,437.295016987942,98.1379866864463,41.0855765191837
2015-07-08 17:00:00,11,149.398776498369,447.623581678565,95.1322496008819,36.9502575027161
2015-04-17 14:00:00,11,162.817400639235,438.071933621667,110.627361376464,42.3755267291729
2015-02-16 11:00:00,11,132.857312028554,470.169648400298,101.114675539429,34.0566210621701
2015-06-09 11:00:00,11,185.621955459932,414.220761248104,113.307996842001,40.6055137493278
2015-12-15 14:00:00,11,187.760709988133,490.380475712741,138.881606718368,46.2482923946788
2015-05-25 19:00:00,11,175.200778162751,483.156633117277,101.616110837478,33.2844258658381
2015-03-29 06:00:00,11,187.280649842948,438.843267972573,94.3215003187102,37.7822657423679
2015-04-16 01:00:00,11,146.105735516142,499.719895689719,80.787753682515,40.5914645546613
2015-09-09 17:00:00,11,180.889497337976,512.76431739553,95.6414820488212,49.5746495854235
2015-11-17 06:00:00,11,151.198270014473,454.258163801709,100.807611930395,39.7135523043375
2015-06-11 15:00:00,11,159.30128435751,466.633147323036,91.2314531618105,45.076415207145
2015-11-19 15:00:00,11,180.184613670826,408.247926176194,116.097057560391,43.1382570154863
2015-09-19 11:00:00,11,173.44099638515,560.620026675222,97.5566990704007,42.0326854896058
2015-07-21 08:00:00,11,160.972276235502,388.755507107178,108.785346153878,43.8643568161704
2015-10-21 09:00:00,11,159.436477317918,518.540599579859,94.9940238859103,36.6845682917053
2015-09-14 06:00:00,11,167.664803523192,444.077533095694,108.997270837626,41.6233242308103
2015-12-25 07:00:00,11,164.7481685762,531.187508511951,102.984842785466,53.6666292640635
2015-06-03 08:00:00,11,157.196823743085,451.79508266463,103.210683676566,46.3377917285724
2015-05-21 08:00:00,11,155.169423801719,490.812417084116,106.170232160076,48.9298916306241
2015-10-09 22:00:00,11,179.034738863672,431.785698390622,89.2462082394385,42.8149478519346
2015-07-27 01:00:00,11,170.982876904004,428.543993753865,95.2412279776,30.8517550830038
2015-05-13 19:00:00,11,170.250828221563,504.518214430649,104.209751379451,36.2694780416656
2015-07-10 01:00:00,11,180.489074725255,525.342480625147,102.756607878577,51.0145112051605
2015-03-24 13:00:00,11,171.501563852191,408.503721785767,99.2730740099747,51.0429344310729
2015-08-01 20:00:00,11,152.848392479726,455.566740175236,100.925531306747,46.7094475742243
2015-07-27 07:00:00,11,185.395278272698,443.174892629156,88.3763599068231,39.7093667028587
2015-01-18 17:00:00,11,160.222683486172,283.480189435135,98.749405731665,37.3577966489973
2015-05-25 20:00:00,11,162.610445731032,403.74511203782,107.679096518644,52.0044795353413
2015-05-29 12:00:00,11,190.705165929022,514.974097523277,96.1112858715604,47.6877279802499
2015-09-27 18:00:00,11,154.370415723213,476.595446997702,100.14604511628,36.4582091281179
2015-09-01 06:00:00,11,152.816934550939,448.279088306292,118.757369210231,42.5867149166083
2015-01-20 19:00:00,11,168.356422891898,458.989315022823,92.0839770164516,39.7395651432906
2015-12-24 19:00:00,11,204.132070959359,422.166049910742,83.560217737525,30.3671767403557
2015-07-16 04:00:00,11,161.764392412885,485.43910259101,105.951954651349,44.4396847947171
2015-02-25 08:00:00,11,172.710650529615,488.421367376096,109.899348478368,50.4492600349886
2015-05-29 03:00:00,11,177.114599655907,420.847150383311,72.1507051071925,26.5911641711971
2015-11-09 19:00:00,11,167.869373942876,474.103543294865,94.5252665777054,35.1969920219562
2015-01-25 12:00:00,11,168.999398349585,490.136429410207,111.582625803965,42.2720121717425
2015-06-16 10:00:00,11,152.053265355253,452.395798834403,96.3090684605445,49.5715311248467
2015-12-15 01:00:00,11,142.383375056291,422.199726501467,118.495223760473,43.9684463149364
2015-08-15 12:00:00,11,152.097448044863,442.81521472477,93.9860339679599,40.5007870651955
2015-06-20 02:00:00,11,170.959887330591,402.194164659988,112.379041626189,45.9400217422331
2015-04-24 02:00:00,11,200.579639129701,453.604475682603,116.912174807944,47.5381607840379
2015-03-22 16:00:00,11,170.933580616246,494.302931077574,93.9705903596268,50.7688239795478
2015-04-18 11:00:00,11,155.901418142109,428.820974962669,134.568928151263,37.560314385903
2015-02-19 23:00:00,11,167.626178098321,417.449516708169,91.5298066621998,46.3861155641815
2015-08-29 04:00:00,11,136.142706184602,533.655847698476,104.989804880472,44.9766865967937
2015-12-12 04:00:00,11,181.966570299241,481.176822978613,90.4974594585382,40.7959451773686
2015-05-07 01:00:00,11,184.556231962957,479.957918060208,82.9975405736379,36.5592346745887
2015-04-23 22:00:00,11,148.415605535465,468.582669176449,121.148373097276,35.0388827441421
2015-06-08 23:00:00,11,186.062516522503,471.141517851953,86.6475750308704,39.7246397191614
2015-04-18 07:00:00,11,184.843923377768,473.410217273337,122.891619404997,43.162880804255
2015-08-19 18:00:00,11,179.323638252631,520.760165523562,95.1127309297299,45.9357766747761
2015-12-21 14:00:00,11,162.430193251527,489.246062309167,111.262504030422,39.9377428998504
2015-05-04 17:00:00,11,183.336387632578,356.312401797643,90.4805347214601,48.5008021981308
2015-02-05 13:00:00,11,177.983744213744,449.867446795972,100.279289716324,39.6191827519192
2015-06-07 12:00:00,11,153.070234548047,464.538169791238,112.148882875131,42.1313597921612
2015-03-16 12:00:00,11,154.386973869848,442.88988740606,101.346799128626,32.0919810743051
2015-09-23 07:00:00,11,189.555238664033,424.977135356279,83.5338506302965,44.8347759213372
2015-05-11 07:00:00,11,196.241804363526,522.479164658045,119.122485731801,37.5919402058429
2015-05-19 06:00:00,11,140.110927072511,507.648102126192,102.936409683806,51.7332403645786
2015-07-06 01:00:00,11,178.37311843867,440.968258381971,119.132392652304,52.8011707084825
2015-07-17 10:00:00,11,167.682594127526,414.198367943524,104.79910610771,45.2696602565357
2015-01-09 07:00:00,11,154.82452311495,450.963311716143,82.1101780226798,43.9886625945082
2015-07-29 08:00:00,11,171.900920334641,457.547524018442,73.7808325943399,44.1480747181253
2015-10-06 02:00:00,11,172.322125995899,420.780285141166,104.314451765736,43.34258812779
2015-01-24 20:00:00,11,150.130558855882,404.227146152491,95.2240727451567,34.6671631864488
2015-01-08 08:00:00,11,171.130070571226,512.888635554519,105.294273142665,44.6665662848822
2015-06-16 17:00:00,11,173.489060297864,521.420410281459,91.1752476142603,38.5539808391348
2015-11-25 03:00:00,11,172.37080683769,493.614526014875,102.058833008234,37.9156343233002
2015-12-28 22:00:00,11,173.661509253162,394.884266513901,112.384347559761,35.8467622117392
2015-06-17 12:00:00,11,155.298490184423,403.250662754458,103.627582330134,37.9578087809776
2015-05-29 18:00:00,11,178.226534175728,441.182631822004,103.490954910182,24.8364109456183
2015-03-08 06:00:00,11,188.402877168353,445.725247805721,92.7299713014711,40.3882432263872
2015-05-24 20:00:00,11,189.445391444884,468.024144589113,88.883538280336,42.1698174793772
2015-07-17 19:00:00,11,150.225069280252,426.918203340553,94.8741205498736,44.5108313559283
2015-06-06 23:00:00,11,156.869624974483,495.414010013969,123.594470081537,35.0949669789172
2015-08-21 23:00:00,11,158.306538213978,427.144787309407,82.0325813024466,42.1124825927067
2015-06-16 02:00:00,11,171.496144471098,426.923339749604,92.9660292700566,41.4917135517517
2015-11-28 19:00:00,11,179.210525745761,358.605680513231,91.6892813319758,42.051982447804
2015-12-20 20:00:00,11,161.509037444966,395.611462967187,115.425430110685,47.5000894275169
2015-09-15 02:00:00,11,174.648405579742,463.292791636667,97.796325589341,38.2169953548923
2015-10-05 05:00:00,11,180.57115759991,429.98616050224,99.1115337954687,40.6902718091754
2015-12-09 21:00:00,11,153.479437320631,429.213364941684,98.6993140922822,35.3996886629659
2015-05-09 05:00:00,11,157.805456048385,485.02041895237,73.9118169566278,36.8793785612303
2015-09-07 10:00:00,11,164.954488942851,460.454747894719,129.401589534129,33.2971265331716
2015-07-27 11:00:00,11,161.876095968606,508.700465398029,88.2120186077464,33.5489405058421
2015-08-13 12:00:00,11,154.750032957462,405.344168709988,98.3652200146975,38.7074135472708
2015-05-24 04:00:00,11,170.150819491249,490.413374482979,96.1862768132494,36.8551349164512
2015-08-12 10:00:00,11,173.403462266761,452.462984170866,107.00156184653,39.4580709644099
2015-12-09 16:00:00,11,186.04170925728,415.586091795732,106.03388129493,32.6539952800699
2015-02-14 15:00:00,11,170.664152878588,531.97722047347,121.662830994183,41.3440191939865
2015-06-29 08:00:00,11,179.800200967565,408.524517787935,106.319387457565,46.2651843875606
2015-11-15 18:00:00,11,145.090833772261,364.494443323308,99.37643927811,45.3793341931249
2015-10-13 12:00:00,11,180.083304774156,336.697954867748,108.698098234925,37.6522982800983
2015-11-27 05:00:00,11,181.270791129869,462.608044686109,104.856506207799,49.5532626268343
2015-08-09 08:00:00,11,182.375899499474,448.070486744616,88.5985859714676,40.1224642870588
2015-01-19 22:00:00,11,166.9004996726,355.490247994882,117.008476017942,35.1200801367742
2015-04-22 21:00:00,11,143.003704960843,362.64398345287,101.880379712763,41.9628170944953
2015-05-28 04:00:00,11,172.557793593842,456.175241621563,90.2089614648157,31.9417600425188
2015-04-02 09:00:00,11,167.660896598127,408.145541379068,95.8548088788812,44.5435795455404
2015-04-29 13:00:00,11,177.386346964581,471.698869298606,87.3035254963461,47.6916890884722
2015-05-04 08:00:00,11,154.635848173325,391.463468606139,100.256400583972,44.1720520193237
2015-09-04 19:00:00,11,182.524591456767,464.186414846619,105.053630097913,45.8916476084049
2015-05-30 23:00:00,11,140.271809894011,475.461810070434,92.4323478287019,39.4088532638564
2015-05-15 18:00:00,11,177.420063638146,503.804294360822,117.356250426995,34.6705364384984
2015-05-21 01:00:00,11,147.062586530762,402.871670256325,87.6702101323297,41.7227040133932
2015-04-25 03:00:00,11,168.354235083538,469.085384238977,91.5180808997081,42.8689075149226
2015-09-10 10:00:00,11,190.341407908658,446.308035087829,85.5392593186887,41.8341511397738
2015-06-04 01:00:00,11,150.046369145742,488.031648959777,89.5835141646277,44.8117229447544
2015-09-12 07:00:00,11,159.279150683516,451.81397901319,106.12673449053,38.3310296896963
2015-01-13 00:00:00,11,138.732010144174,434.491260221135,103.088546068474,47.0238698778004
2015-03-23 19:00:00,11,152.238805156089,472.480997212215,95.6321910367733,39.2918241268395
2015-01-10 08:00:00,11,182.418311723213,423.943177612154,97.194853845327,37.3009805307538
2015-12-06 20:00:00,11,171.28349587024,459.918885250431,99.6624276812788,38.9494366522357
2015-11-11 17:00:00,11,172.04071631624,390.934237100193,123.815906205272,37.9523659327207
2015-07-16 19:00:00,11,189.614475009379,375.945455242707,76.813765500775,39.4150803020169
2015-04-21 02:00:00,11,171.629293040493,475.302026724896,102.726850703843,40.5840217988093
2015-05-20 03:00:00,11,186.238443279814,318.508582563561,91.9189075749204,44.332560296149
2015-07-08 22:00:00,11,162.153303955808,437.819882347916,92.1647832612107,35.8244892122102
2015-04-05 02:00:00,11,191.9610078573,413.780947771242,112.613087373529,43.8957607489021
2015-11-23 17:00:00,11,163.121782968087,376.316519096407,101.092995190523,45.7272090247655
2015-04-08 22:00:00,11,169.641375194578,353.784454604715,78.3784038744048,34.2633637735891
2015-04-18 18:00:00,11,172.293682200177,380.518681988624,134.559726700687,24.6015265645797
2015-06-19 10:00:00,11,181.338867486389,516.137227425037,92.2568534504903,39.4568571956381
2015-10-26 22:00:00,11,197.243011741375,434.145580977744,113.656612725586,33.2266584248777
2015-02-02 03:00:00,11,191.903945681503,443.970072989958,98.8167841973649,42.7484818504153
2015-03-09 22:00:00,11,196.71850573341,365.240613498637,100.38349201943,35.4946423469729
2015-05-05 20:00:00,11,153.407052537965,458.834976742782,96.9690852359623,43.5399889887876
2015-03-14 17:00:00,11,151.830357446351,419.559113192517,100.815250147963,43.7169246591874
2015-06-19 03:00:00,11,182.732589093891,424.752463433439,80.3670696465295,41.8595567347561
2015-09-23 12:00:00,11,170.033599043213,550.110468676427,105.808619934063,33.0618623746599
2015-05-17 03:00:00,11,185.560407299478,421.391587802058,93.5219114766276,40.9939075402418
2015-06-11 02:00:00,11,165.663383289476,387.939318711737,113.684746977162,38.6778699670805
2015-10-14 11:00:00,11,193.454328257517,481.071036139985,89.27606627618,37.622016245716
2015-04-09 20:00:00,11,146.775021790489,427.25471314182,75.8458712962657,38.0286161640755
2015-02-25 00:00:00,11,169.075667126386,502.17130527244,103.208140464348,32.5947469760814
2015-03-15 15:00:00,11,153.704194242684,490.410632553176,104.859803796631,45.5744100933816
2015-05-23 18:00:00,11,170.441691481971,471.081458013475,119.001154626748,44.5107938701262
2015-06-22 16:00:00,11,172.683837440653,483.198622848567,89.6275153375144,31.3230705206431
2015-09-10 15:00:00,11,165.910346075349,402.641178672476,105.472529829531,41.4591391561214
2015-05-24 16:00:00,11,165.936501453292,404.235526354958,98.5312212476836,31.7574482454759
2015-11-17 22:00:00,11,194.560290705647,477.572529027781,105.024167765381,37.1823772514651
2015-12-07 18:00:00,11,190.662658976063,393.99412171582,88.6932817269763,42.5519915243257
2015-01-05 07:00:00,11,181.456699449272,480.84697170772,106.99588596496,39.3417738230085
2015-10-28 20:00:00,11,151.766918657244,409.191691456899,111.494436205936,37.8202824833385
2015-06-18 07:00:00,11,176.794630938355,429.58420137047,90.0223908013631,42.1219676296792
2015-02-16 21:00:00,11,197.557928135406,418.749958713079,113.382928253258,42.8513736748397
2015-06-10 10:00:00,11,208.136916202203,454.11698048586,102.412269146161,42.5109700924093
2015-08-27 02:00:00,11,187.179893210433,427.202903772827,101.326467123054,48.2894424702136
2015-05-25 05:00:00,11,189.515429164759,424.341152391023,95.7705114494063,37.419664779284
2015-08-10 16:00:00,11,161.691113962049,381.194134113524,113.099324981367,34.0528906905526
2015-12-16 17:00:00,11,173.771195378978,476.235602172235,101.133860645426,31.3656733333106
2015-08-18 20:00:00,11,164.942914252887,576.864895019713,100.85509995037,34.9689958953105
2015-11-10 23:00:00,11,150.785529550395,431.473981728702,83.8708538514735,41.3706584157551
2015-04-22 00:00:00,11,154.260995361059,385.434285974907,96.9791245540018,33.2145955898702
2015-02-11 09:00:00,11,188.584426381403,476.065114985751,99.9047519957119,42.0534708564506
2015-01-28 07:00:00,11,153.580146323323,418.515741654209,123.915727057634,39.7677640405711
2015-11-28 22:00:00,11,169.506966284782,564.168130532729,104.007813095514,42.9203111669304
2015-02-20 22:00:00,11,178.421367735385,499.416688047159,114.864018924928,32.6193507989114
2015-05-13 10:00:00,11,167.329855017037,449.181594022256,99.7844976250485,36.2214182318896
2015-06-11 22:00:00,11,153.861847032653,469.356245942767,89.2728750669652,39.9789238272676
2015-12-12 02:00:00,11,185.635717697818,388.724465183016,102.378045031601,35.1347104278465
2015-06-13 19:00:00,11,184.69059677189,370.00422292378,94.7774457271257,39.4696361307242
2015-12-21 15:00:00,11,152.177848678861,465.595111184327,84.1805863121471,40.1410317177015
2015-06-27 02:00:00,11,171.754745942789,524.325149109265,99.8780874991824,48.7601839498612
2015-05-30 09:00:00,11,177.988783430349,400.901624768591,103.4385890037,38.7548243448852
2015-03-02 12:00:00,11,171.366109767634,532.770229570296,103.637771835838,35.6674670089558
2015-04-04 00:00:00,11,165.408192241794,394.807584564768,94.723425597068,35.042649504907
2015-04-23 03:00:00,11,168.225559160715,336.915709148313,117.151148316566,50.7711324075551
2015-02-17 03:00:00,11,174.530224663211,440.605382901336,81.7044015767624,35.71446839834
2015-02-14 21:00:00,11,149.258925491876,542.0600491562,86.4362504097659,30.8754567160326
2015-10-09 08:00:00,11,169.826651535231,438.173762505857,93.9980644858835,42.3180454041591
2015-04-17 00:00:00,11,158.907067681314,517.954781761868,111.676617065796,48.276045005277
2015-07-25 16:00:00,11,161.818290260409,409.413123902212,96.2081230193699,45.1296558682078
2015-06-20 03:00:00,11,152.513521825815,411.678189864745,105.37161560363,43.8749048596169
2015-06-03 05:00:00,11,160.833289229108,542.667919485821,116.556663562901,40.495211589313
2015-05-12 19:00:00,11,187.098295397845,413.31153683292,87.0819350293503,37.6194981061473
2015-06-29 15:00:00,11,164.574647072338,415.490087640786,113.430756137887,39.4401515280253
2015-01-29 19:00:00,11,187.495038445339,388.198346192407,116.035076826012,40.118665689038
2015-07-19 21:00:00,11,168.969953539793,405.386570375737,73.56099727649,39.4461888971947
2015-08-23 16:00:00,11,168.100664834173,342.364373706806,94.7002223995879,36.7353731021737
2015-10-09 00:00:00,11,164.208807490109,490.584574904288,98.8772066034465,35.1957270111122
2015-08-27 05:00:00,11,176.802738042685,512.073542741523,96.8817365185446,31.2878095598517
2015-08-30 20:00:00,11,193.482876923952,414.108817625236,106.721388929569,33.60578400225
2015-03-25 00:00:00,11,179.294282821601,522.181249074311,106.499776491403,36.7738533739916
2015-06-19 11:00:00,11,165.545094290437,391.269556636425,106.239115827046,37.4152960903062
2015-03-29 02:00:00,11,171.784810132375,370.472092884288,93.585099980154,36.6528809405735
2015-11-28 15:00:00,11,156.133457698931,385.659886134675,93.2673390720541,40.9878618267914
2015-05-25 06:00:00,11,166.315310496359,515.597468003945,104.926813808182,34.3333326244299
2015-05-01 09:00:00,11,172.435398036215,473.742032401472,96.5298108108192,49.6811012843911
2015-04-08 01:00:00,11,166.011953225895,464.657473206177,128.357823272323,41.4919184196096
2015-04-29 08:00:00,11,155.730706110238,386.860374060956,107.86999682034,49.5066283251905
2015-05-09 21:00:00,11,149.792782910863,485.81605622515,93.0517214654708,32.8106776253183
2015-08-21 21:00:00,11,187.494635178864,508.315424899777,101.652727888683,39.5079187270098
2015-12-29 14:00:00,11,207.936223204019,484.137189426155,146.99534003771,44.8601860885097
2015-03-24 19:00:00,11,164.106446650182,484.617579556497,91.3178275222511,37.5560662271993
2015-03-17 20:00:00,11,193.529528726098,543.773923800999,106.105915896572,45.2638848913658
2015-10-15 05:00:00,11,189.320929813999,351.165746097141,106.269417109268,39.478737132863
2015-02-22 17:00:00,11,213.229290918249,359.891353139602,117.078722765585,51.5069641365254
2015-08-29 14:00:00,11,193.486921831336,377.551661687663,96.9891823422601,38.8684860348753
2015-02-01 12:00:00,11,201.330207812173,337.016014967423,98.9949784201504,45.5136517990919
2015-02-17 12:00:00,11,159.32777415009,497.274786805637,130.547980092036,44.0184764173453
2015-04-15 16:00:00,11,172.401751649421,504.491545507247,100.512918430913,39.3605894496646
2015-03-27 05:00:00,11,146.60553141841,419.550981978209,86.1768919984456,46.0977123782621
2015-06-06 16:00:00,11,155.747168173308,448.410873294154,87.0261515285035,34.0121451516776
2015-12-25 14:00:00,11,191.241858061813,439.706057029331,86.791854796931,51.3470055362212
2015-12-10 23:00:00,11,172.123170987221,464.732869984166,109.433325923675,33.3668703571776
2015-10-07 18:00:00,11,182.902294273916,384.872527504562,129.99625563157,44.8095726845885
2015-04-30 22:00:00,11,196.779213373442,498.850762759179,103.71660572872,41.6429598705397
2015-06-19 22:00:00,11,158.270215072572,387.486700763815,99.1894354667503,29.9448679211987
2015-03-26 09:00:00,11,150.283504824666,466.059763934658,124.153020107122,39.7916226701429
2015-10-07 15:00:00,11,167.142672648769,397.554772610892,98.4265752813434,38.3523567367104
2015-07-21 21:00:00,11,186.745187714581,441.496430191908,101.049166865295,49.8145293622719
2015-08-19 11:00:00,11,164.556304346729,436.483724045439,108.364619369223,47.9227321391666
2015-01-25 07:00:00,11,172.295897390896,393.34338486335,91.0229475377292,39.7732500173955
2015-03-14 10:00:00,11,144.48266185056,487.863594777151,89.9982077425123,40.0262295040698
2015-10-04 19:00:00,11,167.25880330888,494.750585809454,105.647352062825,35.4682466218809
2015-04-26 02:00:00,11,158.469555432431,469.037215077494,109.429993992942,44.6546462268041
2015-03-01 16:00:00,11,171.564309076859,510.815217612119,112.207159415533,39.0148675346548
2015-02-23 08:00:00,11,215.308533782775,530.722654720444,99.616391520892,38.8828851059854
2015-03-25 02:00:00,11,190.66666085818,451.163676858152,83.8191560619716,42.2280354900811
2015-12-20 18:00:00,11,210.01144614527,442.228062055045,106.892162192048,41.5891656804272
2015-06-12 02:00:00,11,157.313986153723,441.325639605,95.4202156513943,44.31597410164
2015-07-30 01:00:00,11,161.179632029434,513.657713947485,111.069952903565,41.7745017592339
2015-02-15 22:00:00,11,158.892729640484,418.819532549974,108.145634108114,30.9647492330684
2015-04-07 09:00:00,11,170.347244982434,500.048951380886,115.008473619551,43.2394776123688
2015-03-02 01:00:00,11,148.94735113867,416.701280978115,97.2675695852726,41.939555900463
2015-10-25 23:00:00,11,168.769308628768,401.070868377526,101.710915263523,36.97257658005
2015-08-17 01:00:00,11,147.745077447438,542.65797232044,88.3970064298208,35.4326274602812
2015-03-29 16:00:00,11,189.283956062759,447.279676108701,85.3138370083677,38.227441057937
2015-07-12 08:00:00,11,154.458966331273,344.970482868683,100.236098778034,47.5452874553197
2015-12-19 13:00:00,11,140.700020193889,410.371034236817,88.8878405356356,44.1517345851915
2015-07-15 00:00:00,11,162.499955023025,426.502570353502,100.756271426253,41.5246367789408
2015-01-08 02:00:00,11,181.081150501788,509.385916834724,109.116557177838,40.7271217107655
2015-02-18 16:00:00,11,174.093138461585,438.525622702026,120.986874676438,40.8447644291894
2015-10-15 14:00:00,11,184.747526110351,450.688780438327,102.674238241507,39.7347616948728
2015-12-02 20:00:00,11,160.373767235013,493.007085166782,109.007529946984,35.0564741806649
2015-04-10 23:00:00,11,168.989109325335,414.650023752207,100.314871126317,36.3672493748373
2015-03-30 09:00:00,11,183.642251403401,495.673837070645,110.821887951272,47.8925583028935
2015-10-23 07:00:00,11,179.51257091533,536.802026796754,87.4030173102888,39.6674261903476
2015-12-05 18:00:00,11,158.652682754959,416.290405207993,107.922101965642,42.8228228965973
2015-07-09 04:00:00,11,164.078601394987,570.938639440832,91.5788686528684,47.9005129125354
2015-06-16 01:00:00,11,165.501103693336,449.158180325204,100.770270506535,33.4453209371481
2015-07-14 22:00:00,11,164.38524770638,514.252781484741,113.634664292128,37.3457843339874
2015-04-08 21:00:00,11,187.264744906678,492.674481308898,102.602058667937,49.1377073942371
2015-12-26 05:00:00,11,155.388921509185,478.711077568003,94.7075790689268,24.830769345328
2015-11-04 11:00:00,11,173.959627944109,347.923261725999,88.5955236613202,25.0195068266791
2015-02-12 00:00:00,11,151.566122978907,373.86272040343,103.317643889995,55.1888976327192
2015-06-07 03:00:00,11,167.007263360699,460.760335346006,98.1482308423988,39.2114980880759
2015-06-23 08:00:00,11,175.208442558605,378.208481802364,89.5622300592703,39.3662235420728
2015-09-30 01:00:00,11,189.93290421016,504.342892447281,104.596269777347,40.4656360946825
2015-07-16 00:00:00,11,168.000432696902,378.341334661271,94.3133568696547,32.1780271583617
2015-05-29 16:00:00,11,189.274043935748,522.491007534657,107.885728573577,37.3945053762393
2015-12-05 10:00:00,11,190.774737156783,462.225065648295,98.7470539856901,38.2308679149358
2015-06-02 00:00:00,11,164.562096001966,438.44488127057,98.4236026915689,37.4762609248771
2015-11-24 15:00:00,11,164.421994910053,284.304028736461,99.2185201431075,42.630817779018
2015-12-27 01:00:00,11,170.705002607873,471.321101187127,96.8061560715863,41.1660986027698
2015-01-14 06:00:00,11,153.256720741299,454.860306764321,90.0735982259565,37.2273382810094
2015-06-22 22:00:00,11,171.217334015152,459.177961855394,110.770972725176,32.9369348198163
2015-01-18 23:00:00,11,147.999351620158,300.015151840932,127.411265841716,44.7276385369065
2015-02-19 17:00:00,11,165.74252576636,413.244707537869,104.038504194748,46.0814132419692
2015-07-19 22:00:00,11,167.301969590289,569.390755038479,99.0378783851726,27.6257655214167
2015-08-01 08:00:00,11,171.832342210416,546.095737976826,85.0272172909465,39.4430853814229
2015-10-24 23:00:00,11,187.999009874186,432.578158897867,82.9099828428759,33.6523813869621
2015-11-04 14:00:00,11,170.747793492017,442.759516931186,94.6482622841087,35.0345223919387
2015-05-26 19:00:00,11,170.893006635012,586.630073489044,95.345191123468,35.9878006741321
2015-06-03 15:00:00,11,166.103521534542,479.743331451437,86.8947199677048,41.4573652291065
2015-05-31 09:00:00,11,158.308996516806,432.329585916249,114.708082468004,41.7564952206794
2015-07-22 20:00:00,11,170.932025723595,495.400659648523,97.3750502140829,32.4744652274883
2015-12-01 18:00:00,11,158.861865425531,437.126067409398,95.4860126290906,50.285088336751
2015-04-01 21:00:00,11,195.097629318321,413.286405648917,108.410110972883,35.4526657126049
2015-12-13 18:00:00,11,173.34094840248,458.614811332224,101.779494760634,51.5901677011255
2015-07-22 02:00:00,11,173.015806468265,446.678047942047,103.226967692066,44.8265114072546
2015-11-16 07:00:00,11,171.094862689496,480.270321618977,103.727451304197,45.778232510157
2015-04-21 03:00:00,11,156.197817937491,395.201971782817,82.1053057992921,41.9689751634476
2015-05-25 04:00:00,11,160.620355801783,457.53227682694,103.897339456909,36.5531789625355
2015-12-19 02:00:00,11,167.750056722229,410.000163706193,95.4994303651349,31.0973662691989
2015-05-03 10:00:00,11,157.117694097897,428.581323059937,87.3357648514105,29.6652662581914
2015-11-28 02:00:00,11,202.320230071055,481.120305827575,100.157467362656,39.2678139625267
2015-04-05 03:00:00,11,179.059646402375,424.833475192709,96.2782588093864,40.4730425393673
2015-06-26 11:00:00,11,177.095729721021,475.906732136853,103.136007445145,35.0971381270724
2015-01-02 19:00:00,11,168.539178807145,475.237194430458,89.7663612016642,39.7608743036916
2015-08-18 09:00:00,11,185.041887023298,475.961048570011,87.1362492850587,39.7406585013459
2015-03-29 11:00:00,11,208.712085046336,400.641572788483,91.3599494518249,38.5995339845667
2015-03-10 01:00:00,11,168.604134490861,523.069765970234,106.262395555415,42.6514105378821
2015-06-04 13:00:00,11,173.082955281433,474.807974149541,99.243599397763,41.742083710928
2015-04-28 04:00:00,11,170.474391788506,422.092052185126,104.36534076872,59.5356211761208
2015-05-19 10:00:00,11,168.930299605346,459.77108387345,114.865069357931,38.3102965648063
2015-12-15 03:00:00,11,171.653194507306,491.033921603794,129.091482031422,44.4602986732746
2015-01-05 01:00:00,11,177.953371399782,460.217503701109,82.8145601365266,35.0382317805819
2015-12-05 13:00:00,11,186.711256411787,460.300256890877,85.737985203698,38.7493302213117
2015-07-07 05:00:00,11,175.656611745067,414.396953939412,104.884072351174,50.5093048681187
2015-11-08 20:00:00,11,161.978817976432,480.032479394274,102.068865671925,35.899852771157
2015-02-02 11:00:00,11,194.199723229035,382.879952528318,111.002820530975,45.5345375344006
2015-05-21 17:00:00,11,171.55069920236,481.724581736603,98.746652793953,43.9204287168273
2015-03-22 23:00:00,11,170.394725146689,435.102589945572,101.988967281818,37.867319683007
2015-03-06 19:00:00,11,161.014726403218,381.955269681241,102.332139370459,49.9004768289803
2015-02-21 07:00:00,11,167.399955810252,467.259141647566,103.776053604671,32.3310084657576
2015-06-13 12:00:00,11,184.529724831845,407.905510128962,93.9290510862204,40.5479985002353
2015-03-20 00:00:00,11,163.10216378803,488.962088568142,86.265320945,29.8292782636342
2015-10-30 06:00:00,11,187.915941000967,400.438492869469,108.911262083049,49.7324673435953
2015-07-29 10:00:00,11,155.146288909925,505.5818887194,115.834982769467,33.7415053793557
2015-01-05 09:00:00,11,155.706530338891,494.452286293818,116.901098329982,42.9580838654183
2015-05-23 21:00:00,11,152.913746008669,515.859763891322,98.490695538683,39.6362409475271
2015-09-11 10:00:00,11,164.936418232572,407.462297727524,92.0506014897319,45.3210354642594
2015-02-01 05:00:00,11,151.446257534285,367.735714399436,94.0863107068015,35.8495081270537
2015-10-12 23:00:00,11,183.545008884821,436.810331889416,98.3861048306013,35.5074175750428
2015-07-18 11:00:00,11,186.789049793373,427.331185538533,113.059319953403,40.7792170721967
2015-05-11 09:00:00,11,187.526976846642,428.344185505357,82.1412268222634,35.1898700935211
2015-11-05 12:00:00,11,166.467604226347,374.017033721665,98.0741682445496,44.9227443081638
2015-08-10 05:00:00,11,159.974402830214,379.747203926075,105.124994552312,43.2451939702296
2015-10-06 21:00:00,11,145.170442845137,439.819009396087,95.0485975439742,37.4628013294983
2015-12-07 20:00:00,11,165.968572073331,365.033511476073,95.9374367859721,38.5538858528623
2015-08-24 07:00:00,11,180.611722821033,450.982335333092,81.6126874864468,37.8713324206033
2015-02-11 18:00:00,11,170.365909318469,487.570343597976,93.1445796927821,45.4193270228322
2015-09-09 11:00:00,11,171.994968866487,500.000519802842,111.590593304419,35.1002659216598
2015-03-08 02:00:00,11,181.993101491615,423.436067960154,114.635772774322,44.8203083988774
2015-10-29 09:00:00,11,186.009089599495,448.542937385379,119.372361779358,28.3370096084096
2015-07-10 03:00:00,11,162.450425204011,405.531680481142,97.950126113562,50.7663527742706
2015-10-21 03:00:00,11,183.607690929957,451.950256009728,92.9310117709691,37.494748620882
2015-11-17 05:00:00,11,172.575971788957,393.957940520869,108.138750885929,37.4171651078975
2015-09-11 19:00:00,11,166.368258961448,569.363896258028,89.1175979432242,29.8854772693527
2015-11-28 04:00:00,11,176.104273342603,496.472775029187,114.987370293797,44.37129817518
2015-03-31 03:00:00,11,190.649020042412,509.337428811364,86.5306364901391,36.3135654555195
2015-03-05 10:00:00,11,158.499430000357,440.60561981079,99.445616914953,34.5194079513566
2015-11-03 23:00:00,11,165.99623676254,402.660210028367,90.1929802263468,37.2753733022757
2015-06-06 06:00:00,11,150.009915633357,439.56297118904,102.058426985553,40.9112027078138
2015-08-27 03:00:00,11,171.871216608106,377.235881139125,90.6566727786034,36.2825328282323
2015-03-23 09:00:00,11,187.147841913136,410.61475892118,104.454632192131,41.9720799697495
2015-05-01 04:00:00,11,183.301128656281,490.08392005732,100.912411823847,44.0975043784365
2015-02-21 08:00:00,11,156.058479598172,421.618449848951,110.501798474013,42.6246242658482
2015-02-24 07:00:00,11,195.449916952673,411.893436218035,93.8464706992761,43.7972132454442
2015-08-12 21:00:00,11,182.665623709097,455.748032810217,100.194806893034,27.0692345233222
2015-05-31 22:00:00,11,157.680410305899,421.996155527346,86.7176044474782,37.5604064336781
2015-10-15 15:00:00,11,176.181776440536,488.229582124931,98.7057882937372,34.266709213468
2015-05-29 23:00:00,11,155.513542207392,545.678111853166,105.699965359586,42.9927356863064
2015-06-08 14:00:00,11,132.271158039693,440.64702543033,93.6898162416197,37.4440627808939
2015-07-26 05:00:00,11,145.931061097283,452.464887778554,92.8372630207837,39.3652042389325
2015-07-10 13:00:00,11,190.7019967424,431.187796628597,115.192780239862,49.6773888694617
2015-01-07 11:00:00,11,199.132337736367,488.289306910654,99.1504253287675,40.9956156152566
2015-10-19 09:00:00,11,161.573109128443,454.136132708307,100.122944069781,37.0643374746819
2015-04-01 08:00:00,11,177.944409420568,418.67138632313,105.93831467972,36.132083456054
2015-08-12 04:00:00,11,163.140312849216,531.650982434632,111.275185711079,38.9825731116516
2015-01-26 11:00:00,11,148.198311808018,558.541112310223,122.816316559834,27.7138036654012
2015-08-06 05:00:00,11,181.652201843512,499.873320686857,89.1067643417455,41.6403714760322
2015-12-14 13:00:00,11,155.17861819826,361.209975238324,110.574205637978,52.5953378156512
2015-09-06 18:00:00,11,139.541331424013,476.742207755187,130.923319262112,38.6269466211616
2015-10-05 14:00:00,11,178.115172441719,469.916825441381,110.171467032129,31.6892663457782
2015-03-15 20:00:00,11,155.69578315414,411.582739658193,93.4064459778651,40.9372148648029
2015-06-22 04:00:00,11,180.778822681473,529.433384848512,92.5408705173134,52.1133365803834
2015-10-13 10:00:00,11,169.603805777786,411.120509393296,127.17800785368,47.6721170375798
2015-10-23 10:00:00,11,181.169466820957,525.615456505372,107.497322981669,50.9417556424933
2015-12-08 01:00:00,11,175.005027207798,477.209291473598,104.948779054919,40.5180954416341
2015-02-18 04:00:00,11,169.129060825337,545.848517100632,119.66306465583,43.7956815420585
2015-06-18 16:00:00,11,195.297833179918,430.28036669692,92.4270015180815,36.7811049570965
2015-12-12 15:00:00,11,157.072060923177,457.257724519281,115.137154065689,40.5883019180574
2015-05-14 10:00:00,11,183.606686081644,458.351647882924,105.042200088365,40.9295443289203
2015-11-08 01:00:00,11,133.608562506457,517.687647543687,89.9665413318363,32.9266564190737
2015-12-02 14:00:00,11,167.905485304818,394.496760447619,83.5746672496497,43.7552651142267
2015-05-05 10:00:00,11,163.253936227281,325.781162503668,94.1621265567005,41.2707708081121
2015-05-20 20:00:00,11,174.799835195565,419.839501473796,103.543123796392,43.3022800135539
2015-07-18 19:00:00,11,164.533598396672,375.664536298104,115.679700421728,35.4037209489025
2015-10-21 00:00:00,11,162.251911923533,369.751491676156,96.1789602219613,41.714022607746
2015-11-14 22:00:00,11,169.724104477324,460.395058943575,98.7294624437013,34.6377688582192
2015-01-19 11:00:00,11,151.202635398436,268.087617444603,93.3637162058786,40.224799929549
2015-12-11 02:00:00,11,158.002968172026,360.727798376726,118.760961417453,47.0701830708526
2015-01-10 03:00:00,11,162.880468573458,409.373094331678,103.866112637693,45.9445486417917
2015-03-16 18:00:00,11,172.563373875167,428.239182319283,101.929090487325,32.3922280787052
2015-04-02 13:00:00,11,174.321184071616,395.851238459526,116.472472254992,42.61132708834
2015-04-30 09:00:00,11,186.965534315509,434.903059557769,94.97352213947,43.1133397461903
2015-10-09 07:00:00,11,174.288850058866,369.847294250606,97.5619525318699,39.7748391617127
2015-07-13 23:00:00,11,183.479038955957,418.235942753702,102.31113527291,37.1501270476943
2015-02-06 20:00:00,11,178.147418730467,491.29725771368,91.4048051068882,33.8931857858705
2015-09-05 15:00:00,11,190.423071475346,384.056592113788,84.5228300313697,40.5113836178905
2015-09-24 10:00:00,11,147.063974399186,439.691440252493,100.939388001093,38.2121900260157
2015-02-12 11:00:00,11,169.864464655453,441.364421575603,99.6711873743964,43.9977216239668
2015-07-25 23:00:00,11,174.021569508761,535.621857586684,108.575542086823,38.5564396266271
2015-03-26 12:00:00,11,172.180984007178,473.437015740451,100.639177811211,35.3573394621027
2015-08-07 03:00:00,11,167.172553584071,514.288077335491,114.156801776089,34.3354324375047
2015-11-19 07:00:00,11,176.408221363056,487.843775091682,116.658330546199,31.3232641057667
2015-05-22 01:00:00,11,150.632842614004,454.670891697785,101.405702787085,39.0831201714503
2015-09-19 17:00:00,11,180.95571823924,443.289434421133,108.192880006141,40.1311703064362
2015-07-04 21:00:00,11,184.191602573815,459.546911245956,110.148908445302,37.1036494244775
2015-05-08 13:00:00,11,140.149622233666,495.167083976269,86.6957572255078,40.3655161845302
2015-10-25 16:00:00,11,173.98392833651,419.074679836393,105.124262564279,41.7206399120214
2015-12-14 07:00:00,11,150.965300528426,478.623436900863,129.95256423417,45.9499475468312
2015-03-29 18:00:00,11,166.693596183417,528.131151279119,106.906775835428,42.7727885879986
2015-08-18 13:00:00,11,160.245254207506,531.741218384106,87.3378631010401,34.7862461449471
2015-05-18 21:00:00,11,171.541658489707,430.696909817234,104.166786666643,42.7373315590752
2015-11-20 14:00:00,11,165.766103681438,449.155059137888,128.819210869536,46.9647283298519
2015-07-08 08:00:00,11,177.621359186823,400.073215643061,95.268358189037,45.4727539114568
2015-01-16 13:00:00,11,142.800703054293,403.665834373929,97.2979149427454,40.7016539959936
2015-12-19 15:00:00,11,205.568102600601,464.599060301857,105.382715204139,38.8708650182951
2015-12-27 08:00:00,11,160.087488213711,449.415729972891,101.589360868363,43.1604094305889
2015-07-01 19:00:00,11,166.549584652547,449.040525362385,123.196494976058,38.8018902040042
2015-08-12 23:00:00,11,183.680520289026,420.51492780501,94.8783712265901,41.3029658934822
2015-11-30 16:00:00,11,149.475852268198,487.928213614014,105.617578174168,47.0977391898266
2015-12-27 04:00:00,11,129.738638144872,406.782525796688,107.841197393181,47.2299368340781
2015-12-16 19:00:00,11,165.802988736431,407.786746745103,111.307864084872,40.5910465179662
2015-05-04 04:00:00,11,144.191244825893,366.280510423913,105.543001282253,40.0792837572716
2015-07-30 11:00:00,11,157.594307665202,405.93549284806,84.2881681034426,48.6318381043009
2015-09-04 20:00:00,11,176.859764355134,433.321156698016,92.6845211069279,37.6309070299345
2015-01-20 20:00:00,11,175.424296460061,552.407166040156,96.9061414113415,34.9191638313494
2015-02-15 17:00:00,11,182.060436966315,507.314017788383,88.0193010948892,34.492873471
2015-05-19 11:00:00,11,160.355687978471,377.450329382228,107.02831761926,43.5159432034886
2015-08-16 02:00:00,11,174.109069483383,384.769673931876,96.7138679536235,40.5167224941375
2015-09-21 09:00:00,11,171.814662305281,414.925773503594,78.7609239412445,32.8218406808242
2015-02-18 06:00:00,11,154.785653477507,368.788315375962,124.274241902373,44.2274169177651
2015-05-27 02:00:00,11,198.462018596096,425.860312371374,117.767218775777,46.0033166974112
2015-02-27 14:00:00,11,179.521733574678,391.690049374761,100.16108113739,43.0844578540195
2015-12-21 06:00:00,11,166.007724602838,452.93527306666,101.017390270739,49.6848009080829
2015-08-20 12:00:00,11,167.118780995717,437.265295787086,96.9590615139706,35.2156483944769
2015-06-30 08:00:00,11,168.710057323901,406.46237363128,113.859660576954,36.500882266141
2015-02-07 19:00:00,11,142.954632089637,463.842197777293,88.8691171208093,30.0838006411452
2015-08-08 15:00:00,11,181.072025020998,429.829909587372,114.878876252688,47.3606198890485
2015-04-23 05:00:00,11,152.05869649241,507.871963676868,98.706091716607,42.6714127514552
2015-11-29 21:00:00,11,188.852523145195,427.725357363988,103.385959405642,44.1049614038137
2015-07-14 15:00:00,11,193.614851946402,511.109888457636,92.544292694334,41.23319420021
2015-06-29 09:00:00,11,141.003836858039,358.517918061026,102.81030310194,38.9089140772688
2015-04-01 13:00:00,11,158.198684930361,538.144109349776,101.964969750893,48.7297524645911
2015-11-26 21:00:00,11,151.386280045261,436.042924422297,83.4930239033638,38.5895119911134
2015-05-02 15:00:00,11,171.819685125616,537.099217624174,78.4315381567105,48.8503739344936
2015-07-29 09:00:00,11,184.11060917803,485.345759691891,99.2903945967988,36.0021274587267
2015-09-25 18:00:00,11,188.32883615952,500.914292054059,97.6412548571237,39.8750555956054
2015-07-18 12:00:00,11,161.379617555045,425.320004302352,93.5227242751037,39.6520529139006
2015-05-03 05:00:00,11,158.182176315157,416.67683605295,90.7591159676562,32.6987259022854
2015-09-20 11:00:00,11,187.014348067954,433.896589190661,116.126061789816,35.1408356474048
2015-04-22 18:00:00,11,170.09144515847,496.644301089611,113.399706370073,48.2246929589153
2015-05-07 06:00:00,11,166.380712112295,451.094427897331,100.693471920311,32.5855095142693
2015-08-29 18:00:00,11,170.111464274281,495.913080120654,101.551184391253,37.990354009322
2015-03-11 12:00:00,11,167.108020639598,479.377818330047,78.6500999245417,40.4161301324878
2015-08-13 03:00:00,11,194.213909704162,437.416827763152,93.7459271131936,44.1417075585045
2015-04-26 23:00:00,11,156.306888301327,400.533059010975,95.3585387880961,47.0675776717159
2015-02-01 03:00:00,11,184.509388486963,301.528428880314,103.707894530919,42.7317127913612
2015-02-08 07:00:00,11,148.039327544655,385.493182206193,94.8618962531526,35.5856996654408
2015-09-12 01:00:00,11,158.584953826818,417.796142597236,108.132237033659,31.9967065387586
2015-07-31 20:00:00,11,171.68486088635,410.62586624272,112.122434473283,32.4105637667653
2015-06-16 19:00:00,11,174.253322799112,388.982587926192,108.37697129438,33.7074296857323
2015-04-01 17:00:00,11,180.291996504438,419.441058745667,97.8209197782706,46.8043788880221
2015-07-30 21:00:00,11,153.477410491474,417.150468698104,104.303390405241,37.5501750544947
2015-01-10 18:00:00,11,162.572313887848,486.226121010799,101.62780911367,43.5836898530782
2015-01-10 04:00:00,11,156.866040450682,422.437508827648,90.9353548627613,43.353253130267
2015-12-30 09:00:00,11,161.771654568017,452.780587937072,112.028118141713,43.1604643275031
2015-03-10 03:00:00,11,175.2113926335,438.0981680229,108.958491514396,43.0714681341562
2015-08-25 19:00:00,11,153.569420995564,328.117315911976,85.6050191222065,42.706917601371
2015-12-25 02:00:00,11,155.422475566632,428.838584777586,104.321129507906,38.6270440362627
2015-02-14 16:00:00,11,211.589598065804,469.744494574676,99.9741394109695,35.5288895432398
2015-05-02 14:00:00,11,169.696360498809,356.831621696349,91.4740820831032,35.0392635235215
2015-10-27 02:00:00,11,174.332238083357,527.007646440104,112.678085052093,40.7255698971874
2015-01-28 04:00:00,11,181.552613431234,384.970134530494,118.393911923831,38.1359232612607
2015-06-23 10:00:00,11,184.794456351041,395.692351096601,104.144007061201,42.7458449255953
2015-02-14 08:00:00,11,197.382990903432,535.41605925247,98.7912550071379,34.7732328336554
2015-03-01 07:00:00,11,160.519057748949,465.811971991761,91.3171171075651,39.3907868388454
2015-04-07 19:00:00,11,142.14496524451,522.803609687701,108.434144268281,41.8659070266553
2015-12-12 07:00:00,11,183.943935446026,399.884980285372,117.814771966002,41.2199087708534
2015-01-28 06:00:00,11,173.913846699508,390.275344604218,133.616707563486,36.7163272792825
2015-10-01 11:00:00,11,157.418100937882,483.502101529374,123.273456887838,45.203651437381
2015-12-18 22:00:00,11,147.695111599328,431.590974898826,105.745709979602,46.2770930654778
2015-02-03 13:00:00,11,161.93409446475,433.073367022008,93.7556217580256,38.801142718941
2015-04-21 10:00:00,11,161.404715119266,467.377075054508,98.3390825039113,40.1589000560479
2015-06-11 23:00:00,11,174.147342276878,439.149082438635,107.144672951752,39.0553345240676
2015-06-21 00:00:00,11,152.709478551728,505.3649462796,97.5264105077214,37.3737248911229
2015-02-10 08:00:00,11,178.19006840991,385.628798613524,108.14068387441,31.0096945732487
2015-11-13 11:00:00,11,179.025883311409,497.746378246306,86.6044110506034,40.3660049042513
2015-02-24 04:00:00,11,183.765445114856,481.866612303432,95.1775608966625,43.0805233073849
2015-08-28 04:00:00,11,157.322027010082,453.565980658861,99.6300181481087,41.3720329664334
2015-01-10 09:00:00,11,193.596632909509,385.864909217541,98.0503634133122,44.0700159058346
2015-10-02 04:00:00,11,164.915331185147,439.490865010419,126.30143835141,34.9659539679063
2015-03-27 22:00:00,11,166.498568588688,450.471702751185,123.519319786902,50.0567535051316
2015-07-01 16:00:00,11,168.729722781627,431.617041285445,100.452487398737,37.9302648330485
2015-02-07 21:00:00,11,161.670476425913,466.832989219124,91.7917646868455,34.6974640990939
2015-08-09 05:00:00,11,159.940906368617,528.335191004354,99.1662001438695,42.9531550791484
2015-11-12 22:00:00,11,187.852533448685,457.044606398246,97.842611405144,38.5401625574138
2015-11-25 04:00:00,11,181.059006426614,470.534741154474,106.849527405041,33.2574793788733
2015-09-23 04:00:00,11,172.034685989211,460.885630790411,86.8078423810548,36.7979867518381
2015-01-04 22:00:00,11,170.117345276195,478.186444899136,87.0182909600872,41.9095266272794
2015-05-13 14:00:00,11,190.695764267603,499.423641939368,106.048001020071,35.6102535056479
2015-12-08 23:00:00,11,147.034432999858,395.760432215752,89.0886316012145,46.3884971071502
2015-10-13 17:00:00,11,172.285995977021,490.421373794532,94.117119706748,41.62683307908
2015-03-19 14:00:00,11,164.266982654791,518.076389872145,102.721547863876,41.6542223368288
2015-12-17 15:00:00,11,177.512793092854,434.693436375033,101.587928518384,36.4169500008178
2015-03-15 07:00:00,11,152.635124621527,475.142635450999,108.610206585476,48.5426772859103
2015-09-28 20:00:00,11,168.332029675664,464.749185068355,90.7584484612186,38.0204169749493
2015-04-30 14:00:00,11,180.661249944218,450.156945454059,86.1576201752916,47.3131092934876
2015-10-26 04:00:00,11,195.692743479327,404.768137265466,81.9037119756299,37.9406920877311
2015-06-21 01:00:00,11,170.333974444397,431.29732505477,104.235252800976,40.1119853262917
2015-09-04 22:00:00,11,180.491838108329,482.549398894492,93.9528667011751,42.3010174783548
2015-12-28 20:00:00,11,141.167724330499,378.917723671162,119.639599785721,45.4806218593199
2015-01-03 19:00:00,11,179.147197934436,460.072461479982,114.650284563891,36.850397454836
2015-02-03 15:00:00,11,189.307643872508,521.247455651037,91.754862333791,34.8144153782041
2015-12-23 06:00:00,11,185.810113077425,417.824434873588,98.589961924686,37.7153479198764
2015-05-18 16:00:00,11,164.901053753671,514.830755208564,130.327269655329,40.2356941613487
2015-05-28 20:00:00,11,144.386911473145,437.151629514763,106.190023753465,36.4425720832805
2015-04-23 19:00:00,11,170.169170717571,479.014852522985,107.615672293311,51.7695293244625
2015-09-11 02:00:00,11,176.725202942292,389.658869658181,104.479979661039,41.2459210534165
2015-12-21 19:00:00,11,169.647028318545,383.685192052173,104.400972725634,38.2350258459541
2015-05-12 23:00:00,11,157.879445662203,504.541153268979,119.176319940804,40.3279478654251
2015-10-14 01:00:00,11,160.11440046662,531.931692522604,88.5698021271579,44.3512775088241
2015-08-18 01:00:00,11,174.842988580643,436.007635681615,98.9752787436165,30.8751239932398
2015-03-12 09:00:00,11,159.233298285259,440.912992621749,92.4695535753754,33.0921667221319
2015-10-18 05:00:00,11,163.07666477459,440.363478976807,90.1192213411775,45.2098924835223
2015-08-03 17:00:00,11,191.191987426176,470.811409529291,105.044714693205,39.7130800390758
2015-09-23 06:00:00,11,197.771899645315,448.242863951838,110.617711065992,38.8862718211496
2015-04-06 16:00:00,11,150.315634009119,309.218814775135,88.3860042163208,41.4087575645431
2015-08-27 04:00:00,11,152.516759734771,430.035100488843,90.951222075252,42.5660089459983
2015-04-09 11:00:00,11,204.281544822274,419.644119375383,98.8795909376733,37.7401129577012
2015-09-16 17:00:00,11,171.946956404075,409.038168392133,103.243217062859,37.9925767142751
2015-07-27 06:00:00,11,143.688343095118,500.872947536961,96.9743865938086,35.3679832328431
2015-06-20 13:00:00,11,176.121986829532,529.860561641187,99.6137485252614,42.9275969674655
2015-11-24 05:00:00,11,177.326276637969,354.963966454196,106.869340908894,41.2947654486908
2015-01-24 11:00:00,11,172.815502288301,440.614432828287,107.212815844089,41.7502680167277
2015-07-11 10:00:00,11,166.406418147441,488.16602596765,89.4956339642612,51.7509439823802
2015-07-12 11:00:00,11,179.315871313503,436.554566634685,102.688210082132,41.1843625785203
2015-07-12 14:00:00,11,200.754675357831,396.213681701761,103.805745484919,42.5302056040201
2015-07-09 07:00:00,11,170.037160988506,525.597135847535,94.2844747345343,41.4784867362062
2015-08-27 19:00:00,11,165.197229118042,463.861964120243,92.3421997018034,46.209775597541
2015-02-05 20:00:00,11,157.523388665162,487.931958302545,105.309678104908,34.3220365017849
2015-11-05 09:00:00,11,180.179940149939,403.157928763234,87.3614946641012,34.9835295472839
2015-10-16 02:00:00,11,154.39033298717,423.752273666462,92.0292147082967,45.7653066696319
2015-12-23 19:00:00,11,165.25050406546,495.681923723667,100.911338371114,35.302479937819
2015-11-09 21:00:00,11,170.051579698349,391.091572371707,84.7321433191931,48.6991527680179
2015-05-28 03:00:00,11,195.783134333495,447.015391660049,103.841051737466,41.268178931326
2015-09-17 17:00:00,11,164.818440729351,464.651138497091,92.8923314808856,37.9706748775934
2015-06-18 02:00:00,11,169.613054462346,414.95367383651,93.7827064955311,42.70209754148
2015-01-22 13:00:00,11,182.753762259609,410.865072281859,84.1136665564366,49.3415074028844
2015-04-08 17:00:00,11,176.104291017178,440.697690126953,105.496955687538,32.5450341476731
2015-09-18 14:00:00,11,159.28388703606,373.243818319812,89.6426110371315,42.0353829429715
2015-09-02 17:00:00,11,119.42683865235,401.796654810656,86.8530026143595,33.1283916405099
2015-02-11 12:00:00,11,142.848742298619,456.849559885332,112.279854826677,33.6627434989507
2015-03-02 16:00:00,11,166.989934740647,522.58921209353,112.534637317681,42.1326257479214
2015-12-01 03:00:00,11,178.172387901279,465.473120572641,94.8843837620546,47.1504434564866
2015-11-10 11:00:00,11,143.339516434598,474.563662434693,101.609899655469,41.6396282303903
2015-08-01 10:00:00,11,168.976348453132,430.667043839039,85.9754102141667,50.6380901354458
2015-08-09 15:00:00,11,127.362829470457,499.328616307699,98.3905450268595,36.91020743997
2015-04-01 07:00:00,11,189.251619184016,522.989443278422,115.138365967998,29.3489254923236
2015-04-26 03:00:00,11,182.715462912947,498.108750090135,96.74060452555,39.8458951050978
2015-02-01 22:00:00,11,205.02072396625,387.12093953916,95.2866010270236,39.7517247025724
2015-09-18 03:00:00,11,175.12287104642,510.393938207043,96.5060123843883,44.0074246279694
2015-03-02 00:00:00,11,192.324563268768,306.902460734603,103.418168086893,37.1116202794473
2015-01-11 02:00:00,11,171.364720382235,424.871550039893,103.234103854453,35.1006210046005
2015-01-10 22:00:00,11,177.832255596941,346.49590725008,101.972740250805,55.2533637605619
2015-07-04 08:00:00,11,212.539515363806,372.815289153179,103.550243261258,35.6924257344749
2015-05-14 22:00:00,11,162.131599827882,430.725077125452,92.4738415920844,42.4241585452659
2015-12-12 13:00:00,11,168.038056409915,526.475649899152,96.7046454442393,48.8136121455775
2015-01-16 07:00:00,11,169.975513970795,470.939364321762,86.0508067323938,49.4693993643253
2015-11-18 04:00:00,11,172.824330864956,481.322713989703,101.901065268949,35.0260355708982
2015-04-02 04:00:00,11,156.912588199255,393.038610466014,87.5418651217547,38.1942453954547
2015-11-20 10:00:00,11,165.649483000256,523.776702048041,130.195032043165,38.7913686981622
2015-08-09 12:00:00,11,145.373078731186,475.702459410905,99.1325777901137,26.5442968116472
2015-12-17 09:00:00,11,201.932311917964,377.043551799103,112.819771028078,37.3453216198097
2015-01-08 22:00:00,11,188.74724460472,615.056402343152,93.4661710922316,38.115324838005
2015-12-21 07:00:00,11,149.164911908132,461.120647358379,113.583956614258,37.0671730938505
2015-11-03 15:00:00,11,150.088148810375,467.750687414006,92.5128609806006,39.8363433708255
2015-10-13 04:00:00,11,165.779738606323,495.325967756081,105.123385507123,44.3112232239638
2015-10-27 03:00:00,11,161.50444981392,436.925196094176,116.26080573623,36.7927281623267
2015-02-10 06:00:00,11,157.562950135821,426.691631066037,102.446375157142,39.4700337345248
2015-11-19 20:00:00,11,179.191917309242,458.247184125357,113.4382982318,40.5808225801484
2015-10-08 02:00:00,11,174.723211018479,530.545799130268,95.810483415526,40.7502455369514
2015-02-22 11:00:00,11,162.243857281793,474.555718966365,96.6582280125679,40.7130805611614
2015-01-12 23:00:00,11,172.919421812815,478.788058674487,108.364943043237,46.2413980736601
2015-06-07 21:00:00,11,179.135500935559,401.348109748827,93.9066558789244,42.0002011870995
2015-01-31 03:00:00,11,190.665208279877,409.152960280199,110.785077600614,40.6636742486759
2015-11-09 17:00:00,11,157.036036363739,335.188352540813,96.431402474091,34.0953350460012
2015-08-16 01:00:00,11,181.675062416734,530.828074125557,104.09666962678,43.4929518674107
2015-04-23 12:00:00,11,147.641745756743,408.767140889945,101.166629089205,35.7237232000371
2015-01-24 23:00:00,11,195.034422910545,454.422215109425,89.9718328586849,41.4636243968884
2015-12-23 16:00:00,11,170.358845905391,505.737246799565,76.881659347292,38.8729546563543
2015-11-11 13:00:00,11,163.975339130055,456.096105157325,102.387365393375,47.1015815955231
2015-10-31 03:00:00,11,195.187538087151,474.60728542549,109.207772635288,47.1237989932902
2015-09-02 22:00:00,11,139.724988446266,378.930597898738,103.176151078903,32.1656912496729
2015-09-13 05:00:00,11,193.996355647689,404.333911675719,88.056843333094,37.004547836378
2015-01-08 13:00:00,11,173.816203425387,589.51507736689,108.631441812213,36.5119194639698
2015-04-08 19:00:00,11,167.579420598815,471.955069690621,93.1770907339635,33.2597282835155
2015-04-09 21:00:00,11,166.101380219949,489.113936298823,98.8694579196915,41.3772631314653
2015-12-13 11:00:00,11,161.667354746601,435.466510288434,90.227247664838,51.4721839507744
2015-05-23 22:00:00,11,150.243154852378,424.840291293521,97.8337463602629,30.4749539285121
2015-02-21 14:00:00,11,169.825862847543,547.236871176183,119.276386586402,34.3314781831443
2015-01-04 03:00:00,11,155.782111181645,469.415276612174,108.866847362802,42.1621609866366
2015-05-18 12:00:00,11,152.908022162154,386.641160249318,97.5250474648614,50.9876526146616
2015-01-23 21:00:00,11,159.86390883594,451.736403243439,95.2901005713596,38.3000805745274
2015-11-30 17:00:00,11,167.106105491244,439.292549387491,80.1699635067544,46.0763692374934
2015-03-30 04:00:00,11,210.140448426021,485.76600076934,108.097160531949,53.1109399170709
2015-01-31 13:00:00,11,180.432137729173,322.831726111541,103.765582384014,36.9080757936217
2015-12-17 21:00:00,11,169.492880603164,432.238895751772,88.8244798459246,39.5440313091563
2015-11-02 08:00:00,11,150.937428521404,392.125977870952,100.296185697933,46.726349250963
2015-12-15 13:00:00,11,155.406962861728,463.346369701578,129.824174157115,42.7996339691645
2015-12-03 08:00:00,11,176.101979451227,439.404960164038,110.599341115896,37.0647284667274
2015-03-20 01:00:00,11,169.12196301705,311.401027661316,92.0955553834764,40.4426239472376
2015-08-02 05:00:00,11,147.299330088606,492.374927445163,100.375717382706,34.3540220753934
2015-12-19 12:00:00,11,158.240518205465,378.105752341861,94.1385897609336,42.9941217053043
2015-06-01 08:00:00,11,167.626676576287,452.221045486526,117.475706001141,37.9394989644163
2015-10-13 18:00:00,11,161.224141214922,497.283498479758,90.7276243495081,39.3079955913139
2015-11-07 17:00:00,11,159.909748840284,447.521594134981,94.4343626455341,42.4918745584215
2015-07-05 03:00:00,11,148.842429173548,450.052977984753,108.5724075988,41.0940968497168
2015-06-01 12:00:00,11,145.785713463169,505.874389532978,101.430688663875,41.1281650975766
2015-12-16 13:00:00,11,168.93659304655,375.140920251617,98.7960872159375,40.1847434908788
2015-08-03 05:00:00,11,126.215666657622,466.824271905263,108.419513629433,37.2139886410299
2015-06-11 10:00:00,11,150.355919944907,358.491864299457,101.541270909952,40.4796857672846
2015-05-10 18:00:00,11,207.530712916007,349.471679307456,93.4144804794422,41.4615530958615
2015-06-27 12:00:00,11,167.505038314335,512.597128707275,108.066654055709,27.7294686937345
2015-05-05 06:00:00,11,196.878296996557,331.294582170574,104.096877178947,34.4281054862324
2015-12-26 14:00:00,11,152.700122146223,439.830624614534,96.4399576972007,38.8897517392199
2015-05-09 13:00:00,11,175.617974245197,424.076801128267,90.0344175208324,38.7478070487491
2015-02-13 12:00:00,11,192.036494233086,413.552094684513,91.4711928518491,44.2579052463452
2015-09-22 09:00:00,11,147.895054307447,445.22161741665,100.238356323217,33.074067479008
2015-11-17 08:00:00,11,177.649510111467,414.524741611102,101.499071552083,36.433486985056
2015-06-12 23:00:00,11,198.436704895789,398.861279920106,96.1130141626593,38.8593738465525
2015-03-24 21:00:00,11,144.49730583824,393.898263710075,96.8587687210788,48.5087625058323
2015-10-17 17:00:00,11,184.401058560693,366.749965391732,91.2841160488253,39.1109055007017
2015-09-08 06:00:00,11,162.844246688667,417.988951261769,119.04904523912,48.9711011209157
2015-06-01 19:00:00,11,160.157868576208,393.654269481004,89.107033027838,38.6803223658729
2015-10-18 20:00:00,11,162.345672337723,446.376327342967,123.947084447003,40.7617040290145
2015-01-16 23:00:00,11,172.87757462108,452.675276887813,96.5177594960412,39.3495049368699
2015-05-20 04:00:00,11,173.56993331893,290.248400664377,89.4190654259827,44.1920392028497
2015-05-03 03:00:00,11,205.02192441542,498.220177765392,105.576859608235,35.3336731824038
2015-07-14 06:00:00,11,166.568171764066,447.305606232393,83.724112078177,30.623156820576
2015-07-23 17:00:00,11,166.650425145469,498.536131814599,106.286740191005,37.3453390377019
2015-12-10 06:00:00,11,152.112465659118,425.294330036241,99.7224800616428,33.2817021061546
2015-12-14 04:00:00,11,167.672044410336,529.088225491929,98.5155595570224,49.4247363231402
2015-02-16 07:00:00,11,166.784078334051,460.164232850059,109.72878203079,43.2404926243882
2015-03-21 00:00:00,11,164.908697798902,435.924074204312,117.990072260837,53.4692780817577
2015-09-17 00:00:00,11,164.34952884959,488.563735143269,95.7578949215542,40.948350296519
2015-03-22 18:00:00,11,168.225360165179,393.579490888931,107.598858925248,38.7845937420243
2015-01-13 05:00:00,11,165.070089180739,444.242267194127,101.6606329799,37.7763305079586
2015-04-21 01:00:00,11,182.779375658057,418.929264946858,90.5684538778889,47.9470288958502
2015-07-21 05:00:00,11,180.922514370018,359.67404102511,99.9439612349446,44.7176718576934
2015-09-26 06:00:00,11,166.896223924731,499.589964150925,107.030994268622,41.3327042661707
2015-05-19 07:00:00,11,161.100975088276,498.319767735759,95.502425814914,46.082244379742
2015-06-18 12:00:00,11,239.233209917167,415.197359605408,113.471793074479,38.3408470538647
2015-08-05 22:00:00,11,194.523931849497,393.406829457755,113.672644940712,37.8076131129303
2015-06-30 18:00:00,11,134.399406779626,430.788708677202,115.437979181453,33.4929613720569
2015-05-10 07:00:00,11,149.522095397325,426.843911935978,104.673254320204,36.6882243285191
2015-02-26 17:00:00,11,197.132745417142,464.195825428843,90.2302165020741,34.7659379748399
2015-10-27 00:00:00,11,176.657534702967,522.487547999205,94.4350668727472,46.8208798677754
2015-11-21 19:00:00,11,179.931678050265,500.097039932436,110.980386046801,32.9247779846832
2015-02-05 05:00:00,11,183.7846212281,482.273036306165,87.2328576338615,34.618076081922
2015-06-10 02:00:00,11,200.432743530154,451.858545885273,88.2849357861883,42.092870309599
2015-07-18 07:00:00,11,185.241217878334,563.709063181802,103.947303468534,43.8293467961044
2015-11-29 10:00:00,11,155.765819692234,500.869223931784,98.2922786098141,36.7095215557548
2015-08-04 12:00:00,11,185.786485926708,421.680616648449,97.5040872671594,32.8589126642174
2015-08-20 22:00:00,11,157.898542615528,482.21688907298,86.0567149091276,38.1458072341544
2015-08-09 18:00:00,11,180.843500726164,456.106682391609,85.5955455442699,38.3244433069292
2015-04-26 04:00:00,11,182.589731258917,477.065651884848,90.4538524523275,33.0206146581243
2015-12-26 04:00:00,11,151.273289665702,518.258343176955,98.603702952217,39.3929686991802
2015-09-06 14:00:00,11,181.728514454367,515.265978309041,125.686357387834,36.6794179124784
2015-10-30 18:00:00,11,183.954701950123,480.373486931364,96.9848940950728,35.0515732115641
2015-07-20 00:00:00,11,176.321278362854,476.826409973645,90.4790775231857,45.5734378181369
2015-10-02 08:00:00,11,171.462049877505,481.132762831638,113.669959970235,36.6423292047508
2015-03-19 20:00:00,11,171.171906587257,416.851670542173,90.8811618034457,41.3191193880876
2015-12-20 06:00:00,11,173.574578700915,441.9786973655,94.317109281761,41.3211465378396
2015-09-16 08:00:00,11,184.121261828674,460.759745351291,101.540281006035,41.8340855054686
2015-04-29 04:00:00,11,174.642191082957,405.109658424751,104.583686491262,53.7958467732082
2015-06-22 07:00:00,11,157.339903045783,438.930701883481,116.279096120333,39.8230507712728
2015-03-11 18:00:00,11,200.85031130461,375.166941203278,101.829309533918,35.8468298631709
2015-06-07 05:00:00,11,193.056953110244,447.009369561744,115.95635760742,41.3459187943147
2015-09-19 16:00:00,11,175.121516724958,446.520666194988,87.9115560659134,44.9111123351909
2015-12-08 10:00:00,11,177.045758322557,452.75935108346,100.148813946489,37.036641474016
2015-08-23 13:00:00,11,163.317209130921,468.169027565635,102.44536834413,38.5916994150123
2015-04-29 09:00:00,11,175.573528693739,419.197489150664,105.492189824398,59.2250418761904
2015-04-18 05:00:00,11,203.640031327606,440.408483792739,97.0667919194986,43.7049052748536
2015-11-23 11:00:00,11,169.377313787487,406.652010655366,84.234045751804,42.8428623864606
2015-10-04 03:00:00,11,178.111396559365,420.194254103009,116.474802208712,45.6706950962703
2015-12-24 10:00:00,11,168.088994391484,543.824502304073,91.4543202065015,42.196067014864
2015-04-27 16:00:00,11,172.106897118267,393.94650596803,104.114942134718,40.4534759899056
2015-08-15 19:00:00,11,162.958536344026,532.89532391057,97.0616663581245,49.8376111551976
2015-07-31 17:00:00,11,182.883179793805,438.82666440067,95.7687427498532,45.6550286811736
2015-09-16 14:00:00,11,144.658629327555,467.662112796841,107.405190823455,30.0568027352678
2015-03-21 20:00:00,11,163.657054061631,456.138010822987,96.3133154717045,37.2034430934065
2015-09-30 21:00:00,11,149.732786561186,452.101499730146,133.657008834566,43.0914695818149
2015-12-04 17:00:00,11,162.660608993963,382.199501823295,94.4040591112462,35.0823083760501
2015-09-20 12:00:00,11,150.044396292387,464.887864626813,93.6129836176998,38.3399660938637
2015-10-04 21:00:00,11,185.911328038171,493.406446788181,110.35843138222,45.7300793392589
2015-05-30 16:00:00,11,181.025329933818,480.962658346138,95.9449058449586,36.5192829305669
2015-06-21 16:00:00,11,145.922475493004,438.10539473647,96.7886263383654,37.0626789716857
2015-07-22 16:00:00,11,159.248831273919,526.168000194876,109.809527297258,41.7394104898223
2015-08-01 18:00:00,11,174.917752637083,509.092710109347,95.3216702595382,32.3927053637293
2015-07-02 15:00:00,11,152.001395567267,485.331244609898,95.3491309409904,48.4897498086483
2015-12-01 06:00:00,11,164.05446698462,463.438952961876,100.617936217679,50.5805115403184
2015-05-12 09:00:00,11,169.896233424087,362.482166793436,100.184944048642,42.5992052972201
2015-03-26 01:00:00,11,190.004234272204,396.61373294374,101.974975774145,24.6975172119449
2015-09-14 05:00:00,11,184.458084344177,491.302085799454,105.74787355519,43.8693284465736
2015-04-18 22:00:00,11,159.984371280017,325.774306381023,113.140173849371,35.6705303547272
2015-10-11 05:00:00,11,175.084499643867,537.608043011491,110.34459650295,45.7161628479215
2015-03-02 23:00:00,11,178.446893769525,462.771456686039,105.697348106508,37.5011002834324
2015-01-01 12:00:00,11,173.477507081256,291.886484181476,82.1354501034179,48.1534680826757
2015-09-02 05:00:00,11,153.403656913792,431.771274582486,89.0590298225882,30.3794034464667
2015-07-31 07:00:00,11,176.595010084739,434.308597149839,92.6711546894696,43.7842438055346
2015-09-21 11:00:00,11,176.264030210502,498.435640212002,100.619817552199,46.6128360343867
2015-12-06 00:00:00,11,168.999365619676,414.421039622476,101.393568132599,38.6504361686528
2015-09-12 10:00:00,11,157.761242741907,455.339659264228,114.2956313714,35.9279660732171
2015-05-14 14:00:00,11,147.987101900683,433.71005524712,91.965365390408,46.0827208851745
2015-11-08 15:00:00,11,180.438225144675,471.75279434358,95.815194315194,39.8103518983536
2015-11-15 03:00:00,11,155.653451365352,405.549466622389,100.413008951292,43.5880683306509
2015-10-12 05:00:00,11,163.927073378432,511.885759487751,103.226028218146,43.6623454764238
2015-04-04 09:00:00,11,163.08065890026,438.93792684943,111.931863858751,38.4698194148209
2015-10-18 17:00:00,11,170.866332147797,398.201659268332,115.297845160827,43.9990648349383
2015-12-11 08:00:00,11,190.008028685913,410.968937412403,108.337765845031,39.803167534063
2015-05-12 05:00:00,11,175.869644409942,378.703514655925,79.0647443106064,48.6263194367955
2015-01-05 17:00:00,11,172.363459455831,427.589928303484,105.478447645048,45.956376154815
2015-09-20 00:00:00,11,153.789614080874,476.382652107469,93.2979296838614,44.2099854881579
2015-03-10 09:00:00,11,179.360239466414,493.512782742282,86.3770345777965,41.7488457396331
2015-11-16 03:00:00,11,162.403238611348,443.052383293055,91.8017920593205,44.8251424433203
2015-01-21 06:00:00,11,154.322626238005,356.371237588713,115.635459580523,34.767247685037
2015-01-06 20:00:00,11,153.310329009762,479.867615650422,101.621401247203,35.2853580760379
2015-10-23 01:00:00,11,177.589152152147,447.526004132625,88.5666891999355,46.8874688331904
2015-03-22 15:00:00,11,152.995083034748,357.38225862347,107.322981261725,36.6439766819413
2015-12-09 19:00:00,11,162.595289410618,453.241064848996,116.260442329443,40.617269441986
2015-04-23 15:00:00,11,162.551941921483,543.330958511893,93.414889248864,38.9538942725206
2015-03-05 07:00:00,11,167.265593054918,491.392767646484,97.1284498285961,36.1563969872193
2015-04-08 03:00:00,11,156.828164589432,504.591599987592,99.189304169605,32.6287667716169
2015-09-10 08:00:00,11,150.127437140892,463.946689902151,100.501632642347,34.9871236878146
2015-10-09 15:00:00,11,184.902229718041,381.590953555561,104.999288737364,38.5259383614173
2015-08-11 22:00:00,11,146.158775482826,479.561737374254,93.5590596306553,47.8014634103122
2015-03-05 03:00:00,11,166.533040707913,407.884848288271,104.876927996877,40.021246790535
2015-06-12 03:00:00,11,184.053137521853,468.099735858391,101.647563220941,40.7462313635426
2015-02-09 00:00:00,11,194.710234687595,432.51581713617,103.951377828418,40.0365273558917
2015-05-15 12:00:00,11,188.492036327671,407.214623802815,110.959256837196,50.7556286567273
2015-06-09 10:00:00,11,206.06415359226,449.765415800843,81.8967032950553,44.6360970650779
2015-09-22 21:00:00,11,153.717530435879,414.882164072499,108.601636000275,42.9990079671995
2015-04-07 17:00:00,11,155.535438945812,474.251975954102,87.7822442831214,43.1099888442723
2015-03-02 05:00:00,11,152.866118030178,524.085746330145,113.86072580533,40.0355614788706
2015-04-13 10:00:00,11,155.538732281307,440.314160472241,110.92049479898,40.5997029664732
2015-10-13 15:00:00,11,187.976535065744,451.018464118783,103.746056621746,39.8135382751146
2015-12-07 10:00:00,11,167.565979343704,480.518317525167,118.755730325895,41.5218899555345
2015-03-14 06:00:00,11,195.938089750927,432.299918023616,88.8196721655574,46.6795284695555
2015-10-26 03:00:00,11,185.851943405674,415.1810989106,95.0326851952195,48.8382956040197
2015-12-26 16:00:00,11,162.990870177934,553.656720324014,90.0519549184639,37.613287255619
2015-02-27 15:00:00,11,169.432328608422,484.338655312161,106.537802233734,38.4323894039908
2015-09-29 10:00:00,11,177.150675490284,481.163401462847,89.060078193533,45.2023233537859
2015-09-28 13:00:00,11,201.462576227288,453.240547469094,89.1686277228501,32.5875811542369
2015-06-08 22:00:00,11,185.302557247577,486.950125744406,95.0151441847576,40.2129987182241
2015-06-29 05:00:00,11,182.988315135228,497.330866892261,103.302415507513,30.8995391853049
2015-06-03 17:00:00,11,167.714885895297,490.522892785923,100.933117769347,39.1915439317774
2015-05-25 18:00:00,11,182.888604832924,440.456453974144,97.2325524831445,42.2064501384797
2015-01-16 08:00:00,11,165.719952050793,409.894884583901,94.4556966463381,35.3595092360265
2015-03-31 10:00:00,11,218.344046971868,454.133003611784,92.2436171092633,48.4719513937288
2015-10-26 18:00:00,11,166.46444297685,488.10309656646,90.1472299097817,30.4378042681149
2015-09-21 16:00:00,11,155.671380326711,509.904034990861,81.8684470014981,35.1700810089137
2015-02-26 00:00:00,11,175.517396338968,414.839010222782,106.275282444222,41.020476376623
2015-01-14 02:00:00,11,151.193966248483,455.013177848056,92.9394883886236,44.3225379828351
2015-03-27 07:00:00,11,168.935978444986,467.730064361219,104.200106049143,45.0577254650296
2015-01-09 14:00:00,11,193.215614571752,396.732912550012,78.5127651046763,40.9263832554697
2015-11-22 08:00:00,11,164.436240212628,562.333051160047,126.693198847131,39.57143449976
2015-10-04 01:00:00,11,167.415149472383,436.631293225374,95.2559438805218,37.1926282269221
2015-10-01 16:00:00,11,180.189757316251,500.445730122274,121.768953982898,30.779691160678
2015-04-28 22:00:00,11,163.47526437122,526.353375546696,96.8806835520579,45.2062710753715
2015-09-28 21:00:00,11,150.806377741234,509.193623820947,93.6911159961903,40.2776379927335
2015-04-27 22:00:00,11,172.479460216853,456.121896070028,84.5728575631339,47.026888749953
2015-11-22 12:00:00,11,164.672963182768,494.073039531341,97.2217870923851,40.2092758968445
2015-11-17 15:00:00,11,163.387116079359,432.038000309177,103.154574779205,38.7658542591245
2015-05-27 08:00:00,11,179.479985482695,447.133390089785,115.716389803041,38.2223199642984
2015-03-03 19:00:00,11,173.446080845535,522.730976807355,95.4376559873061,40.1991866056785
2015-12-20 02:00:00,11,141.021786886227,435.609486296557,103.607113488807,34.2082864572128
2015-05-06 23:00:00,11,186.638303803851,539.307898202722,97.1112507915587,52.5733014319754
2015-08-26 13:00:00,11,164.261770486398,437.311818323627,95.1145177836492,43.3314750871426
2015-08-02 14:00:00,11,188.364216429183,446.39514178084,91.4687424469402,45.2072745587753
2015-08-01 07:00:00,11,179.115460218116,423.542418937274,95.8006239204955,45.8063924315091
2015-03-27 18:00:00,11,166.078397041291,377.861198452186,105.676852828309,42.55376233972
2015-03-09 14:00:00,11,157.031245584789,365.195854223466,101.364230683794,44.3894013582022
2015-01-06 05:00:00,11,160.265848532276,520.403796720191,111.403206417623,36.3947891246897
2015-12-12 00:00:00,11,179.165658516281,425.603309548658,85.9287534671883,41.5696482232807
2015-09-23 00:00:00,11,179.06544888241,406.777807131605,99.9830845988899,38.1123173605228
2015-08-28 01:00:00,11,174.766012400374,440.198817164132,83.3763101093245,31.2297980827873
2015-05-23 17:00:00,11,163.4204744581,445.49194810769,86.9626060449972,41.9992879130761
2015-07-17 12:00:00,11,173.53555654258,472.976207801814,97.8447726612726,32.632824238942
2015-10-05 17:00:00,11,146.087447894237,498.377128741481,112.931837690805,43.1864090860829
2015-08-29 08:00:00,11,188.625974955403,497.183028031459,106.376261632368,33.6359667358036
2015-11-28 01:00:00,11,169.656664697606,496.604464940586,94.5932900393732,40.7103316065952
2015-08-07 04:00:00,11,191.366434006144,432.152370528165,113.001761933622,36.6196393080345
2015-11-19 14:00:00,11,176.054870495963,433.12320509709,110.559213925613,39.5277530269818
2015-09-22 01:00:00,11,144.422902089819,455.029741591666,80.2538467785818,44.0491572561642
2015-11-30 22:00:00,11,176.140048155286,461.79173883714,80.9828768762824,50.2763987768369
2015-05-10 17:00:00,11,178.472202348063,556.849730146992,113.752965887321,43.8589897531857
2015-08-25 09:00:00,11,179.499985630381,507.435737355053,100.950622874027,45.5428009008112
2015-01-07 14:00:00,11,176.877722352799,492.104263808803,105.116525787912,28.6291960673698
2015-10-15 16:00:00,11,182.176667017464,531.166393533648,92.3714864918184,38.6139936294536
2015-07-25 04:00:00,11,154.766084851507,381.616832643782,85.2510692577088,46.1949068147234
2015-11-08 16:00:00,11,143.541158166757,501.74895691136,106.951100396529,35.2715839548287
2015-04-25 21:00:00,11,166.866778860407,448.101871799705,107.495020767526,41.9983632394072
2015-04-16 22:00:00,11,189.478341618265,476.51267928364,94.0117076213178,44.802767124899
2015-07-15 02:00:00,11,158.316658504348,413.594708268146,98.9758376845474,35.5993275426236
2015-01-08 12:00:00,11,179.160408829328,458.112954833324,112.181173303762,44.4897558974823
2015-09-12 02:00:00,11,203.344622510721,344.77819442749,98.3926142742503,45.6857036018604
2015-05-08 12:00:00,11,170.439881560198,502.433049857292,107.231518951899,41.8265500231092
2015-03-05 00:00:00,11,148.893286872413,467.819365018519,95.5544070439758,45.8862659190348
2015-06-14 19:00:00,11,152.241176230503,445.531998586916,106.125907690001,33.6463534221793
2015-05-23 01:00:00,11,162.809242165607,464.562558544726,96.1665731726907,45.8359776418667
2015-12-07 00:00:00,11,176.354152345186,405.526739413008,101.801369517806,36.3438293560216
2015-11-14 04:00:00,11,149.484203467427,373.101313447721,108.479431251559,42.5316263865822
2015-09-05 11:00:00,11,187.687536198704,445.545419736058,95.2467895278046,32.7261765111712
2015-04-28 05:00:00,11,161.724922774872,388.638996362508,108.675003081894,46.7717863590262
2015-10-11 17:00:00,11,169.14707536901,461.951447319036,93.4595618745589,26.963978756004
2015-07-14 23:00:00,11,166.31620112092,454.294968330812,101.781427839255,43.4874858338522
2015-05-14 09:00:00,11,167.379195615326,458.799169529702,84.0159253586033,29.8759314026743
2015-12-14 02:00:00,11,146.79362931617,421.628323050968,96.6192099318843,45.1072360098034
2015-09-26 08:00:00,11,176.302081254273,429.298210744992,77.6602386806721,34.4287690183556
2015-08-26 21:00:00,11,151.582610072037,498.569310083818,87.8080617508736,39.4529389494716
2015-01-30 21:00:00,11,158.228190584403,447.29398651606,96.1535025696836,44.9207670400233
2015-10-23 02:00:00,11,196.94704424485,489.254052365632,91.533259075882,38.3643398445682
2015-10-07 13:00:00,11,150.130171727351,444.951074288919,100.253954061147,36.6838001364391
2015-01-20 00:00:00,11,168.019191124696,273.391158885277,100.016714414766,46.887822358352
2015-05-18 23:00:00,11,176.933906399894,469.392689642983,90.5518094416044,47.4812617748792
2015-01-10 14:00:00,11,152.62421024903,502.9069592144,97.8642782813993,43.8572579655539
2015-01-05 10:00:00,11,170.108900587333,366.766820252575,100.678091461413,46.3096541494121
2015-06-23 00:00:00,11,159.603135577943,462.960386251529,103.165179344465,35.923639853162
2015-09-18 21:00:00,11,175.026588506246,444.327607357369,93.6416153226222,56.0937997933753
2015-11-11 06:00:00,11,149.570393719098,522.574781489056,100.311993004507,35.2425493094117
2015-11-07 13:00:00,11,182.644250239854,379.022507654216,124.239865210722,34.9846019329332
2015-05-15 22:00:00,11,175.127670568285,530.7074426819,92.1010248912546,48.8428773669709
2015-04-19 14:00:00,11,172.118826887286,383.292692145219,117.000073910943,40.1277884206548
2015-05-19 02:00:00,11,156.228963954132,474.977123754299,101.97103996592,34.9116017851766
2015-09-27 00:00:00,11,169.791835536718,503.947290866134,99.4130054171758,45.2042108968939
2015-01-06 18:00:00,11,152.735849684372,440.031184037146,115.599571835475,37.1870642075235
2015-08-24 23:00:00,11,192.993999173269,455.109453582982,79.8723691929162,35.4698951255088
2015-05-03 13:00:00,11,162.030655349152,516.497677420747,95.690489492953,37.5985808881827
2015-10-06 04:00:00,11,169.462778364355,468.879543659028,109.123634862011,34.7163627465859
2015-08-16 23:00:00,11,190.933717450388,432.354141047219,97.0384668418914,36.2268060241207
2015-09-24 05:00:00,11,170.345356831108,416.475188518233,105.327722282667,40.6999827324844
2015-10-17 00:00:00,11,146.992028735462,465.343106494196,116.460671916626,47.721813455784
2015-05-03 14:00:00,11,171.271335632821,386.796155179155,114.457248767991,48.4759657566511
2015-07-23 01:00:00,11,192.161201504847,415.6063788785,110.990586756807,43.5987068728427
2015-02-02 05:00:00,11,182.195524279917,403.829636332758,98.1827213190398,51.5800537157942
2015-02-02 12:00:00,11,206.280947158182,365.072023039258,112.488021001856,49.2735453606536
2015-11-12 17:00:00,11,155.394418019367,496.592373669812,109.400123798227,35.4782115446647
2015-12-25 11:00:00,11,154.591600256372,481.099899952826,95.0335832464779,48.7272809859652
2015-05-11 23:00:00,11,161.072486023477,410.393439232074,102.69891737004,41.5685782001534
2015-08-10 09:00:00,11,155.414654898218,422.273307355675,106.257932632701,33.6043898845444
2015-05-24 14:00:00,11,153.469807746799,503.123581694509,126.367253955064,33.5601453810691
2015-12-30 00:00:00,11,171.968782989332,478.498284151241,116.719792839279,32.3680010651979
2015-06-24 05:00:00,11,181.264008270374,416.92668247314,104.769361455724,33.1987263348847
2015-03-03 20:00:00,11,171.370008126224,494.870915087634,89.6351055071477,38.5603246359874
2015-05-12 12:00:00,11,172.71413420304,535.959926104011,101.066787974433,32.817534403372
2015-06-17 23:00:00,11,174.262527870365,378.02750525249,104.574667579513,37.5940575134582
2015-03-21 15:00:00,11,184.387954800544,540.57256643423,94.5503953069595,36.3499555073794
2015-01-03 06:00:00,11,160.89653454354,450.436799383895,101.272142740382,35.9882092309653
2015-08-08 04:00:00,11,153.116448281765,476.364074870677,92.1732446624224,40.1882786118312
2015-09-24 18:00:00,11,177.477920266158,544.690042619762,80.5288475875634,38.7905206764303
2015-09-07 17:00:00,11,193.145610387515,451.702035853603,135.064405585261,34.3533034547721
2015-03-25 07:00:00,11,168.797111094403,488.863412877703,103.764965009712,38.7121806433396
2015-05-31 21:00:00,11,147.350867627571,490.48098168108,94.4456285032435,47.3581548685208
2015-03-09 21:00:00,11,181.34937485308,392.994742101805,91.8263088252947,34.4072008905884
2015-12-27 22:00:00,11,157.526216199846,453.569553168768,114.968617127618,42.0513937433778
2015-10-20 15:00:00,11,168.742273864656,390.142975369238,95.5743907472348,36.0186033203834
2015-01-25 23:00:00,11,165.834601167761,352.139795982941,90.6807878030436,38.0197212043258
2015-05-17 18:00:00,11,166.498448056645,473.072501404598,102.591585397115,43.5553523917787
2015-02-26 19:00:00,11,150.825513439642,367.631572145778,84.4268142227431,43.9239283832735
2015-06-20 07:00:00,11,168.649807975793,399.695242733169,104.873448337735,44.476818733685
2015-03-13 06:00:00,11,141.8243058124,500.15872538447,132.961740748065,46.6720580111863
2015-08-19 14:00:00,11,142.659925702414,400.09566740564,104.981248674027,37.6064775676695
2015-07-16 08:00:00,11,176.125650408298,324.358662984876,108.003708780931,41.6022401886563
2015-07-15 06:00:00,11,162.167105176934,445.398777072259,61.3744701321701,37.9595579927147
2015-04-04 20:00:00,11,179.62448871718,405.549275263905,98.9674928405006,34.2063747907817
2015-07-28 17:00:00,11,164.869136691204,503.032932675743,110.092578296022,48.5951798090615
2015-09-12 17:00:00,11,158.152482865198,394.674252111185,94.9868307386136,43.7033314869922
2015-11-07 18:00:00,11,148.801283245347,417.017087009205,100.015266451246,42.9750439053973
2015-01-22 01:00:00,11,193.186124744645,341.995925202913,103.433423620678,43.667658568323
2015-11-19 06:00:00,11,164.987104381958,466.502323848227,108.555175194315,30.4788128071835
2015-03-29 20:00:00,11,180.649357174347,494.946333239298,101.881812008128,32.3718358474502
2015-01-04 06:00:00,11,178.011911496442,379.534649738168,92.6455706056619,35.656060133151
2015-10-10 09:00:00,11,169.487571673165,429.676981744259,87.4168834164864,35.4268630494314
2015-11-06 18:00:00,11,169.116917273455,496.951217657748,92.4050123020663,42.5466315641973
2015-12-03 00:00:00,11,157.859713935745,510.349873773323,84.5913940695359,29.8476059577054
2015-07-03 12:00:00,11,180.411195286629,468.660641660461,102.875197169384,40.142190372783
2015-09-24 13:00:00,11,171.192941782341,511.367036634082,114.804226728173,47.9550969727593
2015-07-13 07:00:00,11,168.290692539575,414.175307638615,101.183284096285,40.4360585245656
2015-09-29 22:00:00,11,172.384106249893,456.066538297741,108.738156296807,41.0743520163391
2015-02-24 05:00:00,11,171.955591661763,433.580676396512,109.80566073035,42.8663933843468
2015-05-16 04:00:00,11,165.571274326219,442.992308054039,89.7848814545586,40.352237199498
2015-09-30 02:00:00,11,152.91208130209,463.374503014661,111.194338771618,42.4918297949786
2015-09-25 09:00:00,11,168.046034890804,418.579519772974,111.240977794458,40.6475148940581
2015-08-19 12:00:00,11,166.93764793606,458.92970298904,101.592119763151,46.7089901794811
2015-02-17 17:00:00,11,172.145826773148,462.011200077639,124.210642980355,39.6807941216718
2015-05-12 13:00:00,11,171.08049264497,433.343611204518,115.016615540325,41.4162606259086
2015-12-30 01:00:00,11,149.163753464484,447.468710462759,111.288423552111,38.0761190537344
2015-09-04 06:00:00,11,174.6485830671,470.784196818662,82.5515085436515,40.7922054036069
2015-10-04 02:00:00,11,173.395585785565,441.11274150798,111.366241159124,40.8932791497769
2015-05-03 21:00:00,11,167.564514341145,339.345618190218,102.275793323399,37.5957806779896
2015-08-28 00:00:00,11,186.847301118682,495.470854195577,109.409180008284,38.2462024527449
2015-05-14 16:00:00,11,154.00350245046,452.794494998331,84.4877501054555,44.993373959272
2015-02-07 22:00:00,11,175.020461918781,380.469754292952,93.7120895660617,42.0208640926666
2015-07-25 17:00:00,11,176.268819775612,441.045546340486,90.4668993302264,43.6831231748215
2015-05-25 22:00:00,11,157.711173320405,460.714733479631,105.360997932101,39.5806997962641
2015-06-16 04:00:00,11,162.799687372431,434.638092687099,101.000949170143,38.7833151137033
2015-05-08 02:00:00,11,162.90207699849,484.869977904227,106.628185644853,37.241199994914
2015-03-04 11:00:00,11,190.53842213272,485.369825793328,102.590771137085,37.0388927517114
2015-03-09 23:00:00,11,175.529646586719,478.077538200285,105.010602327907,40.2190439045791
2015-12-30 20:00:00,11,182.619327811648,423.603908039893,111.627333497481,39.1420785965463
2015-09-08 23:00:00,11,177.613073928203,451.449611954402,111.518509080192,44.4790563221383
2015-01-27 14:00:00,11,161.956596977043,486.463310875003,119.820722161953,30.7714981427403
2015-08-23 17:00:00,11,174.358760835213,409.587769481743,96.4802160030609,40.0003783729745
2015-11-08 19:00:00,11,165.925495464431,501.131317471906,101.328716740824,37.6936628427736
2015-11-19 09:00:00,11,180.21503603789,462.459264589104,125.760192119946,38.8140824941468
2015-06-09 06:00:00,11,156.387072765552,494.452407919394,101.621222298063,46.8939375028701
2015-09-24 02:00:00,11,163.570992925514,492.378695969782,108.514117782973,28.0433275977842
2015-12-22 17:00:00,11,167.355984970982,465.281217414493,75.7803995783713,35.2446688554927
2015-10-08 07:00:00,11,184.947963458397,495.797796837505,111.370033292416,38.4907400835495
2015-05-04 16:00:00,11,159.281388466855,371.513535863965,108.742451774011,41.9342301834883
2015-03-05 16:00:00,11,167.596119406544,470.58054393776,97.781185202657,40.5088125782181
2015-07-03 17:00:00,11,166.412921664818,454.90003079496,104.681292858181,48.2246431962823
2015-12-20 22:00:00,11,193.892546792487,411.904605109885,100.094151670488,30.5235544007917
2015-01-18 05:00:00,11,152.45656305404,367.217800770647,85.0377985040276,34.7634913198464
2015-08-30 04:00:00,11,168.754704004664,425.790770606468,107.636426714792,40.5122043720993
2015-02-05 04:00:00,11,170.346463660705,498.503824489305,110.438173679353,45.0434261085077
2015-10-17 12:00:00,11,199.699399018995,451.849250949116,102.380944088102,36.229394283478
2015-03-01 10:00:00,11,185.362005198295,525.824641148665,120.147764722991,41.4484278010515
2015-04-17 03:00:00,11,163.392124934857,470.548704535775,109.787699691628,51.7026928076126
2015-01-16 02:00:00,11,183.539630574599,420.911039926724,101.34300144381,35.9942074419117
2015-11-27 13:00:00,11,168.918424392044,436.67102862483,112.165255906478,31.770932799672
2015-09-25 11:00:00,11,156.378276317537,490.489189017995,95.25787278322,31.6404830799941
2015-04-19 04:00:00,11,161.563115274255,442.514799874596,140.104764882285,42.5363592318877
2015-11-12 05:00:00,11,155.199805041313,543.642700960314,80.0574701276484,38.6149347095375
2015-07-17 08:00:00,11,206.63542112306,383.996232397402,99.7372072172454,39.6600397786387
2015-07-10 16:00:00,11,172.092272697948,466.019694103589,102.757804886164,48.8428432629177
2015-09-10 17:00:00,11,159.278304539254,400.081796149847,99.3833725294294,43.1451204440871
2015-07-16 13:00:00,11,178.849385169963,422.807762073389,115.661960626476,40.9452925241012
2015-10-29 18:00:00,11,188.745865216017,453.965953176876,121.47969367605,48.2359405589212
2015-08-11 04:00:00,11,146.336873086981,432.372041547864,102.819446107203,45.1703150511299
2015-03-17 22:00:00,11,204.140140229163,382.557359412399,95.578411035721,39.0825224645529
2015-06-06 17:00:00,11,165.278611155077,541.047287643958,91.9250873367532,49.4543435818269
2015-08-02 21:00:00,11,171.171030633383,397.94866373895,91.8136031350312,30.7693111276582
2015-11-18 09:00:00,11,140.364171330214,408.752338751851,80.5934050997546,42.2865184124135
2015-11-02 18:00:00,11,165.668367669344,437.430080391491,96.4270345711093,40.7449299190855
2015-07-26 08:00:00,11,168.845138205532,440.987757224371,103.286150911205,39.4186648364053
2015-04-29 03:00:00,11,172.531347091159,464.53163741626,92.6935885594578,54.5453417801225
2015-01-20 09:00:00,11,193.745586737162,421.850257877807,104.443084528488,42.0895256030904
2015-11-30 00:00:00,11,142.889071867686,514.481677344487,84.365629361015,42.5215946787005
2015-12-13 08:00:00,11,166.591063805894,455.411377772979,98.2331751258992,55.9681722794165
2015-02-15 15:00:00,11,168.765974370716,473.654984498768,101.718602589345,39.6315498500553
2015-05-20 00:00:00,11,172.439915143182,481.221382204756,95.1477104760646,38.0735114258572
2015-11-09 22:00:00,11,146.441465113557,482.781936127618,97.616650133599,43.3123105491114
2015-06-27 08:00:00,11,193.071025875197,514.634233871825,98.0707892680594,41.8995773571804
2015-02-12 22:00:00,11,174.727112868922,400.624435875844,100.569345738763,36.3770558206721
2015-06-25 02:00:00,11,148.914568019263,472.802039703659,101.139603189099,36.0985823904746
2015-10-29 23:00:00,11,181.502175514562,451.753957528429,89.8617624421784,44.2596937933361
2015-10-17 04:00:00,11,157.028863881532,424.061018587839,102.311116205767,41.6362545456942
2015-03-31 08:00:00,11,186.348706627325,474.310568930616,124.466013811224,45.6946113605972
2015-09-12 14:00:00,11,148.864076615423,463.393487902347,101.408569084199,36.9493627136773
2015-08-05 06:00:00,11,163.72256344633,508.791162333993,104.838201980577,47.3705920179656
2015-02-03 05:00:00,11,158.251046286082,460.919580527281,113.044603555371,37.6550990172051
2015-08-26 03:00:00,11,187.349986481984,428.215339011151,108.742497748482,40.9633958804664
2015-08-08 12:00:00,11,166.304994118048,509.048663244049,111.776671031355,39.5415836834349
2015-01-08 10:00:00,11,191.199038412391,368.466579964786,82.1723888469468,39.624952891141
2015-05-27 20:00:00,11,200.928525328633,459.973449331555,116.677968434809,43.4595739315985
2015-10-31 09:00:00,11,167.671163437092,425.80427548273,97.445707409379,31.8740024216279
2015-09-01 08:00:00,11,191.969740056097,496.165931856954,98.3456449546416,45.1928532359793
2015-01-15 17:00:00,11,167.899732070922,424.578543634211,98.7599219542841,31.738289520409
2015-12-22 18:00:00,11,143.4414001301,467.714447938275,94.9712931657229,39.7328161441475
2015-12-10 04:00:00,11,161.445395305512,444.19958572497,92.5817603602766,36.4094164361443
2015-01-29 16:00:00,11,156.193947264241,481.440842004856,87.254123367664,33.6447538328534
2015-12-15 16:00:00,11,179.327993087115,392.571219218332,142.654610821556,38.7571621525668
2015-05-29 08:00:00,11,152.230616827222,488.309000665691,104.062889530354,45.0982468874037
2015-10-28 04:00:00,11,161.944041596224,473.476447726432,100.945552662937,37.9728965634991
2015-05-15 10:00:00,11,197.357077010273,482.735111791537,102.501554488922,34.5923267905404
2015-03-15 09:00:00,11,175.600624684636,417.877391880781,97.5688918799674,40.5490906996829
2015-06-12 13:00:00,11,176.514396811954,415.048945789519,92.033181544642,39.0767735401067
2015-02-27 00:00:00,11,179.137044588892,467.144734024109,110.287224133039,32.4531134135855
2015-04-04 13:00:00,11,143.710519614524,399.80101878651,112.205244062493,40.9238632113003
2015-11-24 19:00:00,11,154.302121183339,281.049356804681,104.684921455413,32.3820689310505
2015-08-10 12:00:00,11,182.539230089488,418.585801624626,101.663378451712,43.588858621206
2015-08-04 08:00:00,11,144.653329074079,452.139143275635,95.2356797675967,42.9600336193846
2015-08-25 03:00:00,11,166.869007917337,433.383376063968,105.234567919221,38.1891342699723
2015-08-04 04:00:00,11,163.446870488359,479.661906663074,107.798742181986,42.4296528880384
2015-05-08 08:00:00,11,157.696103876497,450.338017155119,99.3348048029149,44.7035344861051
2015-06-21 07:00:00,11,177.146979761583,481.720523181305,107.726027851404,46.9268253231709
2015-02-13 03:00:00,11,160.056995381207,460.798288021077,88.5752462275482,34.798389616286
2015-11-02 01:00:00,11,169.420691934752,443.713745415977,91.9149753348598,40.0072878595681
2015-03-18 09:00:00,11,169.933643611255,521.053966135498,102.310163220911,41.5769496174898
2015-03-07 16:00:00,11,185.802801739919,464.952996513017,110.540480076121,38.4309228060044
2015-01-02 21:00:00,11,163.330683903112,381.668455110315,95.629002220737,37.186833681085
2015-08-31 04:00:00,11,165.70559236324,483.743508110736,94.1465477350149,36.4447928089895
2015-11-15 08:00:00,11,169.821949718185,413.960329293179,77.2858540427296,33.9397242191375
2015-09-18 22:00:00,11,156.047272127903,460.130680201057,96.6020775986784,46.4175459434058
2015-01-27 04:00:00,11,155.114110797736,470.162570064087,125.179811297946,36.1263459164514
2015-09-21 22:00:00,11,197.646178482055,415.398970828337,109.396806894856,34.1377481721583
2015-03-15 11:00:00,11,180.807199891178,413.507290485706,96.3182280072781,36.5250574982636
2015-11-16 14:00:00,11,135.430862494163,431.078896262276,106.304120556192,39.6255358737597
2015-01-14 12:00:00,11,170.696465925527,474.252833981495,93.2957242514983,49.2180567202618
2015-07-16 22:00:00,11,170.418370898462,485.390209735851,81.2445478126674,40.2331043461229
2015-04-22 08:00:00,11,156.806126833755,473.189370395584,85.0153158576269,39.7143030981923
2015-04-03 12:00:00,11,170.00488399449,385.794002809568,98.7016951046838,36.364339285106
2015-05-19 08:00:00,11,155.359894747264,439.738038005302,112.993691349626,37.9604809704841
2015-10-29 16:00:00,11,175.144264597862,427.904738208635,109.01706723229,35.2325883210512
2015-06-01 00:00:00,11,196.022814000211,433.53064677779,102.61464508105,37.7518506730432
2015-12-21 16:00:00,11,172.452476169614,485.585562520622,109.025417972337,36.4549376608785
2015-05-15 00:00:00,11,158.844740831965,400.888596871774,92.1708645940171,33.2076680846374
2015-09-07 20:00:00,11,174.635876544047,436.736454489706,100.721581061309,40.4320309469283
2015-11-04 23:00:00,11,154.791769652568,424.325480748241,100.49705186677,34.7521383658418
2015-06-13 00:00:00,11,162.561431644219,457.59299123886,91.3203481858055,36.0170928814694
2015-08-07 08:00:00,11,167.529206032056,385.456963459602,96.8223602694295,41.0475271332791
2015-04-25 13:00:00,11,161.571784117418,478.135238544619,109.6488565353,38.8243371116141
2015-01-11 20:00:00,11,180.277988537929,510.38738689448,87.682619313269,41.5158799570115
2015-09-16 06:00:00,11,164.837727400379,505.417771808419,101.441457535136,43.1484627468887
2015-09-03 21:00:00,11,165.240926492302,420.953710783628,117.81069303496,41.652206322074
2015-11-10 08:00:00,11,196.017912390789,471.934347278113,113.492767769756,37.691993027491
2015-01-17 13:00:00,11,164.202610031499,512.157267846614,115.365933511074,43.6380920173826
2015-01-18 07:00:00,11,181.382132383614,321.485028122943,100.745246250012,42.453958916127
2015-04-18 02:00:00,11,189.607384419949,499.135193241638,95.7575621598969,46.9788317667481
2015-01-20 12:00:00,11,158.509879433379,446.576179504162,103.279434897153,44.5638964278946
2015-05-03 07:00:00,11,166.554415867432,407.372738616409,93.8631881887602,35.2512690405819
2015-04-02 07:00:00,11,186.745800984306,450.721276096001,121.881131341188,43.4334009593857
2015-01-13 04:00:00,11,173.72263648428,423.579758795156,114.576681135629,39.7276948004634
2015-03-06 04:00:00,11,194.536375952569,366.758595811375,99.8296646590937,38.9587013409536
2015-09-17 19:00:00,11,145.449767223117,430.034657473013,121.236234623813,33.0642861072295
2015-02-17 09:00:00,11,194.302999395643,546.179018463056,121.243770162068,36.2124795726158
2015-03-13 19:00:00,11,154.233848942781,343.040699620479,96.3377486658856,49.6682775143017
2015-09-07 06:00:00,11,169.608187854719,474.612015595384,115.399895088973,52.263833396889
2015-02-07 20:00:00,11,181.120760361695,483.726256606191,94.8166246630246,37.7768874537679
2015-06-08 18:00:00,11,176.965797795418,451.816289955142,92.2515558052073,47.6902344546726
2015-04-24 20:00:00,11,170.667053158095,411.584879119122,116.76694359469,41.1866690055389
2015-11-20 07:00:00,11,162.289151921967,398.652423899426,113.469560991018,36.9911109117483
2015-03-12 07:00:00,11,163.134095728063,461.616995873661,108.140080960367,34.2046410349647
2015-01-04 05:00:00,11,161.177307293874,450.709476005297,101.683618874888,37.1578592525946
2015-06-04 07:00:00,11,149.245575621766,424.483258879284,87.721142922907,46.9528181030376
2015-01-26 18:00:00,11,172.442212699366,424.651390270456,97.9859192240151,43.9221473519722
2015-07-09 21:00:00,11,162.831028550519,455.136616895699,120.745039320913,48.6558219701451
2015-02-03 17:00:00,11,146.801704902028,435.60824377445,103.180958452802,41.50514127459
2015-11-04 05:00:00,11,165.34668512647,456.614860336627,100.439713802932,42.9846798596932
2015-09-07 19:00:00,11,184.270073518546,446.684115989363,98.6498522325286,39.4217349817754
2015-06-12 00:00:00,11,159.407937574439,417.005550160436,89.4441229430329,41.4796657731945
2015-10-07 20:00:00,11,178.928957303105,456.001269197659,99.1284615439261,40.2303837782694
2015-12-16 00:00:00,11,178.796702554332,381.473600221628,127.082907330465,34.1845354077015
2015-03-30 05:00:00,11,187.113118942158,410.912143997765,126.198121667676,35.770601271692
2015-09-17 22:00:00,11,148.841250250035,553.833509083106,100.432554377327,34.3586832064511
2015-06-08 00:00:00,11,169.475617897144,353.467333767735,134.551679067204,40.599864701694
2015-11-11 02:00:00,11,189.9915476043,403.234093170374,95.6233091746358,33.066902381138
2015-03-11 11:00:00,11,155.238427034805,479.548135577249,117.986921977242,39.60513234098
2015-06-13 03:00:00,11,197.92347763737,478.525625095722,97.8616920436205,41.4356973187472
2015-08-12 09:00:00,11,161.409142552613,424.025450039752,68.0779283676904,41.4656352814364
2015-12-11 13:00:00,11,153.619557470784,446.270161035136,99.8538933680371,50.9269593106786
2015-03-11 10:00:00,11,194.256652016297,380.722998099794,102.42915900313,43.5570401260733
2015-08-27 16:00:00,11,139.755365087943,504.380241598182,106.73080434225,46.3111254903316
2015-06-28 18:00:00,11,158.626233969896,375.95686785087,114.951000568207,36.7185566000639
2015-08-24 20:00:00,11,174.552739603925,390.27502652694,98.0363292429722,41.9725683713565
2015-07-16 12:00:00,11,166.141061581014,472.896228353985,100.050239286933,47.6455742971882
2015-11-16 05:00:00,11,161.282446556426,478.864125815091,100.082230154955,41.9587708623235
2015-10-15 20:00:00,11,170.59440504699,384.034347259058,98.8171416549734,43.8366926459375
2015-04-05 19:00:00,11,139.756276323559,511.836660078014,116.958532007744,49.5642691229805
2015-09-25 15:00:00,11,153.977069029468,433.484542102971,97.7298421433211,46.4219663014146
2015-03-07 22:00:00,11,197.66125959917,375.300317923487,91.9856570180267,51.0550410602212
2015-08-22 18:00:00,11,172.86565369031,465.13260440418,95.1387830091531,40.3494469131034
2015-07-25 19:00:00,11,147.265915490956,467.417824507136,96.1907710190294,39.1709313932927
2015-06-08 04:00:00,11,181.36650911622,557.2551028693,100.397906326087,37.5514077606486
2015-01-02 12:00:00,11,175.645438477702,444.717750601401,116.811040378092,36.4612840279334
2015-05-04 00:00:00,11,157.802214218127,331.135103470246,97.4644363595981,42.7448941197741
2015-11-12 01:00:00,11,171.206911960059,530.533992790499,90.8879402196831,45.4007353657789
2015-01-10 21:00:00,11,177.537266217467,473.097716440761,110.856704324122,37.9882389642684
2015-08-06 14:00:00,11,153.271315830476,517.107834399242,104.170691783838,34.5749115213658
2015-10-25 21:00:00,11,190.056206013717,503.81118388845,93.057447315869,45.6642172474571
2015-02-14 01:00:00,11,183.48301489702,474.537957718912,113.883159773563,40.0988635494024
2015-07-07 22:00:00,11,183.796060880613,455.065624328994,106.986709920381,56.4535447884449
2015-05-28 02:00:00,11,169.473655480547,418.270562964694,89.3432607304019,37.8405366849919
2015-05-27 11:00:00,11,170.021968059773,470.403068804576,90.1091164675064,41.3602459183282
2015-02-20 06:00:00,11,175.547974679012,489.314544156148,99.5175087610873,37.2657304899859
2015-04-05 05:00:00,11,194.352106935859,398.468800493189,103.17896665669,44.0052876120956
2015-10-05 03:00:00,11,165.134772720201,425.932422501225,99.3826334484806,39.6446980359656
2015-05-03 20:00:00,11,185.320664212973,305.433160092724,91.3477232971475,32.033191961647
2015-11-16 02:00:00,11,154.889458515731,422.642115374635,105.517098192594,34.5561872448907
2015-12-12 21:00:00,11,181.353594777846,413.583039999534,120.28460967971,51.8498195100336
2015-06-06 21:00:00,11,153.270725714887,338.437951495717,78.0432224128393,47.8997410562167
2015-07-05 02:00:00,11,167.596179998949,457.555844521768,87.7874128507556,38.3684230988156
2015-09-10 01:00:00,11,175.437396484828,486.296557375976,106.686241076417,48.1263338843836
2015-06-20 00:00:00,11,167.744588205213,504.33057882989,99.2955918821618,37.8893480639305
2015-02-01 07:00:00,11,194.369447895477,336.62633344265,86.8789681742649,38.0877697880754
2015-04-20 16:00:00,11,183.808853108017,353.778938749673,86.0197103952743,46.0783962388257
2015-12-07 12:00:00,11,183.567800442583,493.005179123989,107.79589513694,34.5632413378648
2015-10-08 20:00:00,11,151.915056883923,525.829872527713,99.5702490956923,45.1587628519783
2015-11-13 00:00:00,11,187.315443990937,526.30516048086,101.860765876076,44.4447051166634
2015-05-26 08:00:00,11,158.398976264367,446.446910986328,93.0311973967802,44.4020786193275
2015-12-01 09:00:00,11,163.399392765073,437.440116345182,85.9422796557853,54.7269787090748
2015-01-06 06:00:00,11,201.540438291009,494.009719024065,98.1993593345425,33.2977955303012
2015-07-31 04:00:00,11,157.073535028765,469.785274650515,109.598297577212,47.3849955312617
2015-04-02 10:00:00,11,173.073547331785,384.045675845589,127.575767202478,45.1893345937995
2015-11-22 11:00:00,11,176.671966639008,524.824731469237,133.659482564693,45.3870543294141
2015-03-10 07:00:00,11,179.25574185628,540.83293733549,110.864907262893,38.9696121046349
2015-10-31 16:00:00,11,171.955308999028,456.533013881948,100.674960094513,47.100381771499
2015-04-04 08:00:00,11,183.598700965608,438.711905340016,91.6679987797079,48.1743301855577
2015-12-13 23:00:00,11,184.113887225476,414.112431953836,104.305227228715,49.598868495025
2015-05-19 19:00:00,11,168.89991010258,417.9594274771,113.546427872761,36.4812763742317
2015-06-11 19:00:00,11,182.13035914202,502.716134706275,86.109697909327,42.1775244810408
2015-04-13 16:00:00,11,134.886952332642,455.468046672929,86.7895304861867,34.4845849109422
2015-08-06 17:00:00,11,166.444794359112,446.36692987899,106.752511219646,41.5519589888588
2015-05-13 05:00:00,11,129.660339149225,449.352584656601,95.3244976977996,45.7444560543766
2015-08-04 17:00:00,11,190.113208328507,441.390419201788,78.2137301656457,41.725371226206
2015-01-11 23:00:00,11,153.076631292377,416.788019772735,90.3716922454934,40.2326519844845
2015-02-08 13:00:00,11,190.378829812637,469.168113544156,101.054348530629,45.6605804606574
2015-03-10 13:00:00,11,162.780321807675,411.173158198552,110.893314318558,38.2387534945779
2015-02-07 17:00:00,11,196.329959427866,425.982791273089,91.1639113761206,31.7079154571061
2015-04-20 12:00:00,11,162.903414399023,390.918115095509,95.1406743723217,27.6742667367948
2015-05-26 22:00:00,11,193.607485622658,520.459148074997,79.6574018626461,49.1584000825236
2015-11-23 13:00:00,11,180.839809314695,386.293499677452,106.873061571797,38.6383273212067
2015-04-06 22:00:00,11,150.389847405625,497.226496027828,80.4205415078225,43.0261203942285
2015-06-15 16:00:00,11,158.561632130644,462.204914406496,107.72455202787,38.4018323061024
2015-03-28 18:00:00,11,175.258329807954,412.588567455809,116.199031852604,41.9536865622178
2015-01-05 21:00:00,11,185.907544710076,435.319025782643,100.888603870888,35.7444010486543
2015-01-08 19:00:00,11,189.633147755459,456.750721558303,110.590610318287,35.9254033319057
2015-09-27 17:00:00,11,168.613597806377,396.496195939719,96.4547863924762,39.2712830961141
2015-11-15 19:00:00,11,148.899926543384,432.826267288963,96.5362267553054,37.6807206155473
2015-07-19 20:00:00,11,189.339570661348,485.181623345043,101.339439325086,50.2782644897522
2015-10-28 18:00:00,11,164.688718457351,385.759523437372,109.077151808665,47.1787244992828
2015-07-23 08:00:00,11,187.360217429318,406.061935359698,93.1363443576853,33.659836319823
2015-09-16 19:00:00,11,162.227419233967,370.887345652267,108.876834266435,45.672364088736
2015-06-24 13:00:00,11,164.38235100677,411.54208446304,92.2806653566904,44.1546354479422
2015-08-13 16:00:00,11,181.970861693711,410.75987985914,89.8112337354752,48.1332584183734
2015-09-17 04:00:00,11,158.548279982579,391.862030914619,87.5043775528246,40.2349637401321
2015-07-01 18:00:00,11,188.646746975154,494.233183998755,112.426471501673,43.3147158566673
2015-08-27 11:00:00,11,182.700100170953,385.90908656956,110.525987606746,23.8568481422559
2015-11-10 18:00:00,11,151.984773238867,440.764817178173,113.993056595609,40.9459311111553
2015-01-30 22:00:00,11,191.562887699989,526.27053718556,107.531372538698,48.3453052619086
2015-07-21 17:00:00,11,157.71094037377,493.830706320456,96.5675138140006,32.5957060247982
2015-09-20 03:00:00,11,176.391204777062,344.402666221227,101.266094916114,36.3901524789167
2015-10-22 17:00:00,11,181.633110320432,454.633326772796,101.302815835832,37.2662317991741
2015-11-12 18:00:00,11,165.633868148819,380.681138538415,116.562753966231,33.7599345781651
2015-09-25 08:00:00,11,164.655369480142,538.452228653214,95.2115607788389,43.6316313879203
2015-09-02 20:00:00,11,190.753934159365,531.651872589883,116.88842569195,43.5421168007274
2015-07-26 15:00:00,11,176.779727274511,474.585339211719,95.903987286861,41.7572815511348
2015-06-06 04:00:00,11,159.578758897062,401.716920089948,91.998415903844,42.4165934295613
2015-06-07 06:00:00,11,162.194656847957,454.637285753418,101.051559236367,43.4648147852813
2015-08-17 03:00:00,11,164.120835835162,348.283813949015,87.8070215298003,43.6874043899517
2015-01-17 04:00:00,11,181.495495741193,379.628189539245,109.676210913929,40.4156719955791
2015-07-30 04:00:00,11,160.043212211294,541.338614848182,99.7879233428175,36.9017364407101
2015-10-05 01:00:00,11,170.572107110248,436.175642891793,98.4912544308595,34.9286726920681
2015-12-17 18:00:00,11,162.361705216689,445.856023616419,100.28585787284,39.0775306033466
2015-09-26 20:00:00,11,145.081591485828,543.032495779488,110.311223745932,45.7497360761728
2015-12-21 08:00:00,11,158.667038464972,431.022907995454,102.388557629789,42.8615529227235
2015-06-07 20:00:00,11,176.784051239,506.176631585722,88.5679449658072,35.0352472932493
2015-06-27 21:00:00,11,148.853903945911,448.708900834244,95.1115209130253,46.0714460075299
2015-06-01 02:00:00,11,181.15265778862,565.678277224143,92.4146542135534,35.3540179928056
2015-06-30 14:00:00,11,156.091019374031,511.207805142085,100.850334706429,38.9252962475961
2015-08-31 23:00:00,11,177.140575870593,453.872631278146,86.294857774152,30.3743890777268
2015-12-19 01:00:00,11,177.314076864042,469.880689061369,91.3220583583739,39.2362413930817
2015-01-16 18:00:00,11,168.816031231505,427.322804382991,107.121368048546,43.7693485941198
2015-05-23 23:00:00,11,178.267825034673,382.990368958502,97.3055240391183,29.5180896701909
2015-11-08 04:00:00,11,141.125687084608,420.185635925727,86.2135743726793,33.9200364462326
2015-04-12 19:00:00,11,173.313384012195,434.28237967481,121.329221030784,41.4186073022029
2015-04-25 02:00:00,11,162.786206120507,407.110787662578,88.3483830040966,37.2775881649746
2015-07-12 07:00:00,11,149.576913670555,523.055097183463,87.5784285623198,40.0488954075396
2015-08-28 21:00:00,11,157.611457133511,420.723773373483,96.3637624846253,38.4036127876347
2015-06-24 00:00:00,11,148.75337356879,430.834063275509,80.8058931959828,40.5402828372931
2015-03-27 10:00:00,11,183.499646081926,528.804475938875,87.0455940040795,43.7748363601305
2015-07-30 00:00:00,11,188.855495775808,463.386347447866,98.7004215044665,34.1182913621141
2015-11-07 20:00:00,11,162.621581481218,455.623952474548,94.0459636019298,35.3434998839826
2015-05-27 01:00:00,11,199.445016594897,436.114794429832,98.5239007559837,29.3416062137633
2015-03-09 12:00:00,11,176.012413816217,461.318791827409,113.686276097493,43.088037553734
2015-12-10 16:00:00,11,164.986722361139,405.407622133374,106.910823017427,40.5853156311733
2015-06-25 14:00:00,11,162.331243519566,432.278784311652,105.658846118066,34.8676161241989
2015-08-17 08:00:00,11,188.119074766604,435.123104489362,116.56272317409,31.3943111890532
2015-08-25 15:00:00,11,170.226940473728,418.86329197385,105.473991386919,32.3413092388672
2015-11-01 13:00:00,11,168.266775174221,423.950905528523,114.242197035458,41.6989445429658
2015-06-30 16:00:00,11,146.135045278666,382.276920519737,107.8979411272,38.6505493862116
2015-08-30 19:00:00,11,195.566755551679,487.209888796094,90.290696779502,41.7038681395694
2015-09-08 21:00:00,11,181.282584271131,462.76231822506,96.3530415056152,40.3979545395881
2015-01-21 23:00:00,11,153.778985155793,328.83243408021,105.253750575683,52.106719756122
2015-03-13 23:00:00,11,166.167926222733,420.414597860122,91.0417820777299,39.327208905276
2015-05-10 02:00:00,11,163.511033346744,565.669655413054,110.744515868066,27.4304694255578
2015-10-21 11:00:00,11,181.745491342727,423.887825214951,113.424333319653,40.4991590753071
2015-08-16 04:00:00,11,174.692529675965,504.152819378382,75.9448489107827,46.4671565631083
2015-01-04 02:00:00,11,142.840901690515,387.656278112651,93.5719670248231,34.7962781304924
2015-12-17 01:00:00,11,172.767108671401,484.496595964536,95.8477477543074,37.3995700936357
2015-03-03 14:00:00,11,176.960956412578,375.426539406,103.27990989619,40.3244366970258
2015-10-21 13:00:00,11,206.846105788019,511.078748273264,94.3926727916702,39.0745441387671
2015-11-30 10:00:00,11,176.446391926176,435.379902516605,122.159396214046,47.9293860690023
2015-08-13 09:00:00,11,173.208953516879,453.780239065745,90.1318258915214,39.6936605614478
2015-05-31 03:00:00,11,160.62160082247,460.496603890305,98.1597244956832,40.0427293140224
2015-08-15 02:00:00,11,186.722313741783,383.779261766724,84.5313354154028,36.6696806004507
2015-09-21 15:00:00,11,190.122810827434,499.529776746789,99.1401821805902,45.1967493500401
2015-03-03 07:00:00,11,172.338842101608,494.199662644349,100.673601247509,36.5937338183111
2015-07-20 15:00:00,11,169.304536432678,445.53439513881,95.1082900582425,37.3383916501368
2015-06-25 23:00:00,11,182.496543940354,388.27952880184,86.9226244603823,32.6421477611654
2015-05-27 23:00:00,11,148.617075877861,398.147228966646,92.9405838833206,39.3344801588548
2015-06-24 15:00:00,11,168.073609857237,416.900989414803,98.647003308557,33.3941136356645
2015-12-01 07:00:00,11,169.478019668258,396.198861401842,102.966211951496,48.2505009285204
2015-08-15 18:00:00,11,178.793480938384,429.163942413499,100.085170995914,47.792204342764
2015-04-30 01:00:00,11,170.406878029658,471.716034846374,86.1445752559922,39.8775402614596
2015-10-22 01:00:00,11,173.66867062025,448.32721760474,99.9409183751783,46.755027654525
2015-07-24 11:00:00,11,142.538115833983,456.945709986748,114.198261796999,37.2967685297751
2015-10-04 15:00:00,11,184.192371155061,405.537848796161,99.3744563632345,32.1957390604059
2015-06-14 23:00:00,11,170.782781282149,412.108409229465,90.976964622751,39.6646306680321
2015-10-10 19:00:00,11,178.341465729063,402.404628579384,123.552797576389,43.1165863895209
2015-06-06 22:00:00,11,173.269041190823,452.120301712325,86.1287816540464,37.6408099489493
2015-05-06 03:00:00,11,158.339651323283,389.201797019392,91.028019228347,30.5203377609806
2015-02-06 08:00:00,11,194.125593340816,409.82840028236,102.382631541157,40.1836383802103
2015-10-24 05:00:00,11,134.647548682766,427.095840890578,98.3254857638865,42.1723312062323
2015-05-26 10:00:00,11,176.0325782174,427.701222627184,112.253702388204,32.7971774895243
2015-03-21 09:00:00,11,183.199445551985,489.129090889181,104.903689862084,43.0149715375314
2015-01-15 07:00:00,11,157.973999911536,368.293014086815,73.757819332833,40.195958102408
2015-08-14 15:00:00,11,188.024167857833,374.939319510632,108.587679601958,38.3706833672489
2015-10-18 19:00:00,11,189.849409839158,523.820829845885,98.3371933559415,31.0273193678027
2015-02-05 08:00:00,11,166.890288154971,437.487369319793,97.7158841332145,40.7571828325636
2015-06-05 11:00:00,11,174.379980539045,452.551360998901,90.5693541827189,44.167413391965
2015-04-12 22:00:00,11,184.657655639976,455.090776180117,110.270235086318,47.6943419871161
2015-01-28 13:00:00,11,168.37252186514,508.468028407203,124.177990092194,43.9988828705009
2015-05-09 09:00:00,11,162.799080715006,554.561194042412,110.447138180672,38.113201497393
2015-05-02 13:00:00,11,180.867838748675,361.653398716893,90.3172832046275,35.8656302942092
2015-08-02 12:00:00,11,183.199552294815,452.144689210405,102.663314356559,38.3326496637638
2015-10-06 16:00:00,11,183.989453553673,456.875887804967,94.159461491244,43.5140062349877
2015-05-29 21:00:00,11,190.305540510398,435.73960265979,106.333318032314,51.6150488878854
2015-09-11 11:00:00,11,176.934412132287,521.071309921357,91.5850289372792,48.6937995516735
2015-03-02 02:00:00,11,173.928469388802,530.186472100506,91.8426950606481,41.7970473466308
2015-10-16 05:00:00,11,149.602350987399,500.914303199539,102.675416929569,36.5544465641769
2015-12-20 21:00:00,11,190.154037465721,445.860668715274,97.6903274631415,30.7406107815326
2015-04-28 19:00:00,11,192.172554877992,393.656680936407,107.668841679802,47.3420361610904
2015-06-15 15:00:00,11,160.83163354658,475.361280107928,124.857070595675,43.9897510885082
2015-10-15 23:00:00,11,191.762135033227,445.537679623089,107.410006301513,44.8386932428697
2015-05-20 06:00:00,11,189.792389599196,392.598332687238,113.994942275472,42.503975369921
2015-03-20 03:00:00,11,165.74020245114,463.036416775601,100.760590016647,47.2108196132906
2015-07-27 16:00:00,11,172.584828029933,399.43961260092,93.5979884557204,38.5375275024696
2015-03-08 00:00:00,11,155.950013796676,454.463522371864,88.6506275875969,40.2636063601546
2015-08-30 00:00:00,11,178.527425834324,478.960241690274,95.3212885817681,35.1801341762071
2015-02-22 21:00:00,11,194.612468898604,466.011139615175,112.778209927622,40.2812291684422
2015-10-23 20:00:00,11,163.319747544169,431.116124356418,95.2253622268747,43.793617732775
2015-01-08 14:00:00,11,194.077803321245,461.466518460154,94.400553518506,38.2038840791712
2015-08-05 14:00:00,11,182.084119132551,473.488823208236,87.3579622681504,42.3456093906279
2015-03-20 11:00:00,11,156.654136134143,413.216744346113,89.8245849038716,43.3297994368115
2015-04-02 16:00:00,11,182.266269094883,460.236438662152,72.135793055872,39.893453832157
2015-06-22 02:00:00,11,164.815925613617,507.100489817576,95.1638752846772,39.9700594445023
2015-09-10 22:00:00,11,140.709681521578,466.08937493167,93.8984506624744,45.755429017829
2015-05-28 01:00:00,11,169.859486412401,463.713387780301,114.884953868412,40.630212239333
2015-06-12 09:00:00,11,159.290437751713,387.946637028776,99.6239755794434,42.4291632183515
2015-01-06 14:00:00,11,168.330456947132,415.376767303611,93.806196699771,38.3281176461308
2015-11-12 13:00:00,11,128.293335585779,419.204274626085,83.6695527319345,42.6923509972662
2015-02-17 22:00:00,11,158.401862120463,459.768397256936,121.676986456975,35.7942294609938
2015-09-29 05:00:00,11,168.434284956744,379.983850959009,101.005711997787,36.8367523982468
2015-05-11 13:00:00,11,186.293293131381,464.856355942942,93.6888237673226,49.7892815291462
2015-11-05 17:00:00,11,188.23731894981,464.767224908906,106.932019474354,32.8936878304486
2015-04-29 05:00:00,11,180.238606698859,453.063343029613,89.6552834285485,41.9326878935832
2015-05-12 06:00:00,11,143.192315928604,451.620055873355,92.8128503363587,41.2408378890328
2015-11-21 10:00:00,11,153.684711815268,389.131893486457,117.810820239081,39.4433802061409
2015-05-11 15:00:00,11,176.722430626686,399.827397164887,88.8029676566049,38.9532694381854
2015-11-06 11:00:00,11,194.200939038736,485.895156331764,85.4989147593926,37.0786987291949
2015-04-23 07:00:00,11,178.507144817053,418.176400531478,101.038318994986,28.6180445048046
2015-12-08 14:00:00,11,178.541534997881,430.70323623458,102.95510553542,36.1542716245492
2015-07-16 07:00:00,11,167.752417797756,426.397548918767,91.3148003608817,39.9487475659413
2015-08-26 23:00:00,11,148.290743346741,385.073537750783,132.780139604346,35.747327293244
2015-10-05 00:00:00,11,159.026027859467,392.832111230906,89.5991982073723,37.5376051588586
2015-08-21 01:00:00,11,173.514960565902,399.37355690455,90.8477187304863,36.3406456495796
2015-05-22 12:00:00,11,157.47197896266,454.393524446397,97.9921343552668,37.08066681837
2015-02-07 06:00:00,11,184.661031812622,421.89979696778,111.688517790432,36.244996163575
2015-03-11 08:00:00,11,154.047431808962,504.638991222251,95.289081489599,43.6508973888633
2015-12-31 07:00:00,11,173.121342248469,389.683715692654,105.931005647686,35.5407211897707
2015-03-04 07:00:00,11,175.909119100987,467.966871951715,116.53633727873,37.2008578319804
2015-10-19 11:00:00,11,190.899996293286,411.422086860214,117.122472952615,37.8069269422651
2015-11-10 19:00:00,11,186.546874103925,482.105118002637,92.3007540730995,39.1532672852784
2015-04-10 21:00:00,11,174.783420418202,379.184866550809,91.6218502336587,38.4460669828285
2015-11-07 06:00:00,11,178.23034454398,464.425146903923,98.5284551892491,46.0427005807493
2015-06-27 01:00:00,11,155.44312215477,488.36456333352,92.4293697259279,38.2267257048836
2015-12-23 23:00:00,11,182.307693217269,516.472038045731,101.473736743975,41.5698570113483
2015-01-23 16:00:00,11,166.554286983525,492.835813381065,84.3332779536566,38.4064748760024
2015-09-11 03:00:00,11,184.064707883721,487.748821329997,117.686367431939,49.2516385657363
2015-05-16 08:00:00,11,186.167265323852,525.586869558816,105.581168674028,35.8937597820121
2015-09-14 11:00:00,11,165.582998108765,479.950150064711,84.8227156703142,49.4578471483729
2015-05-07 11:00:00,11,164.086180628939,490.906296228133,97.0227924953872,37.2280452976117
2015-02-08 14:00:00,11,156.685704045103,425.109074345352,111.245331727703,41.8587264545772
2015-09-26 09:00:00,11,193.293736933018,458.961341929682,107.841237845532,38.3364087829911
2015-03-05 11:00:00,11,196.44538137109,449.947270737678,108.056290241584,38.4802994509044
2015-11-08 10:00:00,11,194.986812859418,430.148666571817,89.5336131848126,45.2021875620388
2015-05-31 20:00:00,11,191.113917211087,398.631460071391,96.0863767954996,43.160228935902
2015-07-21 16:00:00,11,156.207165361756,468.885932861569,92.358842375238,40.3197138043678
2015-04-16 15:00:00,11,150.438493516694,453.978379779588,92.4485765864645,41.3417179662789
2015-04-28 18:00:00,11,151.088789008557,426.818298405309,96.9912895324027,39.0055285648261
2015-03-22 11:00:00,11,150.426532853934,342.894286836138,102.184194849964,42.0698518002702
2015-12-29 11:00:00,11,171.543886375944,411.730476900796,125.286120755748,37.4250978339471
2015-04-19 10:00:00,11,174.133757589145,423.24544880871,128.003687356835,35.9049246621977
2015-03-27 15:00:00,11,175.112071638427,470.432254100278,94.1677080084767,42.549531434054
2015-02-09 16:00:00,11,175.730148954972,462.488073908022,95.4820960112653,34.3842645027054
2015-05-31 19:00:00,11,172.371414024718,453.181435294099,92.5074412933992,51.4429761505245
2015-03-06 18:00:00,11,203.592170040821,483.241529024582,93.3389182527402,41.77564037709
2015-09-29 21:00:00,11,170.110581196562,435.599303152917,100.815240366523,36.4487357198151
2015-11-09 12:00:00,11,170.79218525546,494.127900784263,99.88592273724,41.8085137550969
2015-08-22 12:00:00,11,162.542995120848,490.660668926043,99.2508644331354,40.8273774964767
2015-08-30 22:00:00,11,170.808081989185,448.371058903447,93.7493107352453,42.4646899430123
2015-12-05 21:00:00,11,162.839167557925,519.778977962683,112.013074032646,32.8856048081875
2015-04-15 06:00:00,11,182.818690471651,503.843921574901,101.415869193127,40.6774846282797
2015-04-27 15:00:00,11,168.139236441389,520.031058274986,107.505439844973,47.0161639644026
2015-10-23 19:00:00,11,201.179591388862,433.818267422695,105.03033990021,41.5208255591819
2015-06-29 03:00:00,11,177.68853564563,466.38025742947,108.338490418092,38.0860946396039
2015-02-11 02:00:00,11,172.919635374997,485.193992784503,90.9208622630616,47.8571587706519
2015-09-14 07:00:00,11,167.19663314269,449.139970937218,99.7948388595053,53.8932137883844
2015-03-18 15:00:00,11,157.548684977265,511.608507777758,96.3690540804951,34.3454877802833
2015-08-04 10:00:00,11,178.616287295588,421.348641528886,105.105675201082,44.6920076830682
2015-12-18 03:00:00,11,157.675828455793,516.890665540166,109.061628195328,37.1848925312536
2015-03-25 22:00:00,11,172.605478137492,480.45444129451,105.552104235653,47.7765257269471
2015-04-03 09:00:00,11,185.556876447508,519.606572787242,109.030064552039,37.3639978707507
2015-11-06 23:00:00,11,179.083325150819,417.526258753041,108.639761775314,40.7842918216508
2015-12-06 10:00:00,11,196.455439546933,499.12933395451,116.747639319829,32.0607555233087
2015-01-17 17:00:00,11,181.124579449525,348.221341476467,69.2753973574043,43.0066332218517
2015-07-17 01:00:00,11,168.391604447038,461.920305964312,112.48835880573,36.8737067346811
2015-11-01 03:00:00,11,201.715400941203,447.107807999299,111.106304323142,51.6386451403871
2015-07-25 22:00:00,11,178.055942066377,548.452782602215,124.136500676616,37.5777772523743
2015-02-09 08:00:00,11,161.487786691324,421.493370187261,101.795929191175,35.5531105539393
2015-07-22 17:00:00,11,157.780054186143,433.293916166495,110.462184545132,38.1094882279064
2015-08-01 15:00:00,11,162.985470718071,457.798189566566,102.841323905812,36.6142595905363
2015-09-29 02:00:00,11,174.108932812239,373.581312886496,94.7586237207131,44.6755627290202
2015-10-19 10:00:00,11,165.602705955695,511.996337541963,110.990034143191,37.0192063560367
2015-02-05 16:00:00,11,168.471380531106,518.447927100311,89.48992181583,43.9457714102736
2015-11-01 02:00:00,11,168.194938479451,454.325823567962,107.443235934167,31.4072710176898
2015-06-07 08:00:00,11,166.225823031154,455.99791864384,100.93663104019,37.0276094530911
2015-01-30 15:00:00,11,171.242092562772,489.520117717614,106.087146670465,34.7740088885386
2015-08-02 23:00:00,11,170.622711739462,359.018384137468,98.8726988284494,35.7792265110808
2015-06-09 04:00:00,11,193.494984315491,400.674145356171,116.108377044054,39.5301416249307
2015-09-12 09:00:00,11,152.66154967317,574.818854743482,109.167423408117,31.8632479958199
2015-01-24 04:00:00,11,186.895791732032,549.137045442127,91.453075995133,36.4609933423431
2015-04-29 14:00:00,11,161.772692036416,452.304495811247,113.839185711259,39.2075825476964
2015-12-10 02:00:00,11,158.979350138397,413.143369600857,98.143918809632,31.7896301114969
2015-03-09 01:00:00,11,176.330081797617,314.002427927916,111.990087782014,36.8391885189777
2015-08-06 01:00:00,11,179.139458503925,446.797739467823,96.0717577074803,27.1101866143839
2015-11-22 00:00:00,11,178.163855427534,435.969299849212,116.147000422193,38.7159840548133
2015-07-06 17:00:00,11,188.307645631649,478.071148244321,93.6016213876963,35.1368511658176
2015-07-29 16:00:00,11,164.44618363453,480.964636406223,99.2764677903262,35.690709220056
2015-05-04 06:00:00,11,166.024940560279,416.373472280969,83.5267307156626,42.2765008930469
2015-07-28 06:00:00,11,173.558434158677,364.397942951302,90.898080086119,44.4211138270214
2015-10-02 05:00:00,11,167.393674836322,465.411101224228,115.101255681936,33.8484650550246
2015-06-01 09:00:00,11,160.635640113786,392.809236377443,110.323235350334,41.582770001304
2015-12-28 03:00:00,11,190.779904150496,485.665024321699,130.438264024831,37.8428582968536
2015-09-30 13:00:00,11,146.068290177454,450.332176474219,118.01850275427,40.7662898103138
2015-08-11 18:00:00,11,189.749331963065,463.63333032058,96.4454748008493,40.3723976654028
2015-09-23 02:00:00,11,184.249659027244,430.792422047165,115.518665985288,41.8664666007275
2015-10-17 07:00:00,11,175.939890847976,396.285704880106,93.2747216203331,39.1099024983659
2015-04-04 04:00:00,11,197.279361437014,480.685428484995,89.8780126714732,37.0984719820181
2015-03-27 00:00:00,11,157.781705345373,429.449667708628,108.581999261154,35.313811631953
2015-01-23 01:00:00,11,181.946980200388,475.917607382008,105.354138375443,52.6148018609041
2015-08-23 14:00:00,11,173.530597267225,430.100890360476,102.735267537522,34.0707983898584
2015-05-17 17:00:00,11,149.924686156546,443.60798296543,84.9339662753681,35.0298412019843
2015-01-11 08:00:00,11,192.040222121904,497.657755770101,100.148120730295,31.6001234657535
2015-09-07 13:00:00,11,156.412100133678,523.788161164509,125.818912438594,42.22310724838
2015-09-19 02:00:00,11,164.949950762435,442.506885416113,96.5231329262951,43.2353305148391
2015-06-28 02:00:00,11,139.171426079474,470.185820048163,104.472181661488,38.7066259332239
2015-05-01 20:00:00,11,168.062176217773,353.383570904987,87.5273281754333,37.1045804637425
2015-09-27 11:00:00,11,205.491608422028,404.978187145184,109.271523613366,46.3833958203391
2015-04-10 14:00:00,11,175.294700730511,538.074334540759,106.503077826293,35.3745408844711
2015-02-20 18:00:00,11,150.829988363147,456.95859201235,93.3673155525557,38.6390009649657
2015-08-15 03:00:00,11,196.516993673671,463.287315535358,90.8630191359094,35.9653429781291
2015-05-30 02:00:00,11,147.527218329873,422.858235334371,99.1558775876334,36.8985278230923
2015-09-28 19:00:00,11,146.599813470323,515.488998776737,97.1411071303753,32.4053380076954
2015-09-08 18:00:00,11,189.713149922949,500.448443591637,91.3278027851802,39.3059392157881
2015-04-23 02:00:00,11,180.450355419951,452.897783388328,113.903721782107,40.4173706773776
2015-04-16 11:00:00,11,174.79141187933,496.870375585007,98.6829124296147,36.3941985237869
2015-02-16 16:00:00,11,150.888198544175,476.77780748646,100.337563570588,44.1497688718018
2015-10-22 21:00:00,11,164.059620709911,505.227485088536,98.3568761670392,42.8555497656913
2015-06-26 05:00:00,11,183.125049102902,440.15086294582,102.956864240589,42.4429788596129
2015-07-22 22:00:00,11,184.147946726453,389.02157291143,94.0747076729578,35.8200155773252
2015-09-06 22:00:00,11,185.570211133989,472.244889656569,124.437458163064,41.0365549006603
2015-01-02 06:00:00,11,179.468474359792,609.944087847503,107.894587366462,32.8207250416629
2015-10-11 06:00:00,11,181.950529192863,446.642537072338,90.5772956597421,38.2184060225068
2015-05-13 22:00:00,11,183.749546581982,517.846937857244,89.7464998877626,34.4209725197658
2015-08-14 22:00:00,11,173.943145145553,365.076061735967,98.0895867287046,38.8582359094185
2015-02-14 22:00:00,11,187.448827719305,449.338446578657,111.747713258331,34.995169769429
2015-09-29 15:00:00,11,146.903504928073,488.046581966127,108.693856360063,45.0387767400417
2015-03-06 23:00:00,11,189.611446226445,390.004707483039,98.5040693113993,39.6985959243239
2015-02-13 09:00:00,11,181.603894960325,448.470307673407,98.036378081432,42.4603126184019
2015-09-19 23:00:00,11,166.985357776601,410.09711818209,90.0268490876591,44.6538161753432
2015-02-09 02:00:00,11,175.866556750827,396.666217129397,106.242470056948,48.8658421163481
2015-09-30 11:00:00,11,170.778689243551,386.606683130242,111.291519186862,42.026223591273
2015-03-12 21:00:00,11,158.971101099427,505.03099386884,101.883831670961,40.8875719742755
2015-03-30 13:00:00,11,166.527640217217,415.038897362695,83.2315863809027,32.7867969462636
2015-11-21 04:00:00,11,205.274332361273,435.130388844639,88.0584677007915,53.1610773581537
2015-10-08 04:00:00,11,170.719886988905,504.835813955976,86.7729919712534,34.1237023259452
2015-10-23 03:00:00,11,169.665969150851,472.244745963596,84.2660565110283,38.7742327239533
2015-08-19 10:00:00,11,188.804861929234,412.831774757618,118.643886131076,42.4908988959861
2015-07-15 17:00:00,11,192.694013155848,413.629419223517,99.4711951986357,39.6798042957791
2015-01-29 07:00:00,11,165.765265523166,543.713757614567,107.332059216837,43.1345577098318
2015-06-11 20:00:00,11,200.902799445773,442.487005742561,109.49090282755,47.1307848863969
2015-02-09 17:00:00,11,174.21703705864,487.850095238005,102.508146227935,43.3692834903165
2015-01-03 23:00:00,11,162.370686746389,550.697566796693,109.440698768344,38.2893943907925
2015-04-05 15:00:00,11,183.177685104458,407.815486099448,93.9686703115564,41.5445662080991
2015-08-29 15:00:00,11,165.830558230784,402.390769816975,117.040061606976,41.5622949617266
2015-11-21 03:00:00,11,163.828101924114,459.365021274055,101.012499735795,34.8791705014799
2015-10-27 12:00:00,11,178.757511280497,470.757469600398,90.5842941460056,42.3422557215293
2015-03-26 19:00:00,11,174.007914625844,519.353662801534,106.088803238552,38.1163167825774
2015-05-28 12:00:00,11,170.328982085008,503.688469940141,111.016978493515,41.0880983553276
2015-08-08 20:00:00,11,166.297860013898,415.389332007357,101.887932916347,28.7839228691741
2015-06-06 12:00:00,11,171.094968257962,408.625785105278,106.323804728385,45.4109034299515
2015-06-11 16:00:00,11,162.74142392751,490.082342559546,108.20453876076,41.2772489304349
2015-12-16 16:00:00,11,147.131646738071,429.051049158693,92.0538112174469,28.1320765492898
2015-11-23 00:00:00,11,164.064205583458,479.278337692724,117.818488120334,33.01653355189
2015-02-14 06:00:00,11,163.099113314415,393.011743840878,127.400007140762,37.4179891546631
2015-11-17 21:00:00,11,168.558548520706,550.979593767626,89.9240057266086,39.8553236438984
2015-03-05 15:00:00,11,133.143278473984,500.100463448125,101.525051997699,41.6471431166393
2015-12-07 04:00:00,11,160.211995259803,376.648868187273,112.500399229474,43.8123818159211
2015-05-12 22:00:00,11,155.218474017909,419.878695213139,101.949773935148,43.744607924451
2015-01-21 00:00:00,11,170.972214694736,483.254564726516,77.5344352573207,35.2468597332404
2015-02-17 00:00:00,11,157.002974725668,427.630694605511,111.521492929881,39.3723339467185
2015-09-11 06:00:00,11,168.65635785587,396.343846017337,105.486068045417,37.5527233068178
2015-11-17 10:00:00,11,174.131881510471,432.623385424609,98.6611128531739,40.392402113124
2015-08-07 23:00:00,11,159.55822863182,438.087386311703,103.694328463775,45.3353124852887
2015-11-01 23:00:00,11,171.247665145768,512.395382199192,89.0627731824278,43.1712435432241
2015-04-06 18:00:00,11,185.55216196852,419.572805053142,94.0872428727351,39.966546471754
2015-07-27 13:00:00,11,156.62965595531,400.730635415962,89.1890380845165,37.9280954484281
2015-12-23 11:00:00,11,148.270701869109,451.898769231893,97.2311034687451,48.6826396225249
2015-10-04 18:00:00,11,164.424512087212,495.919515582833,101.548440276277,36.2173124010478
2015-06-30 13:00:00,11,166.538137696745,545.017580781539,93.1218724469053,43.5519009997448
2015-03-04 10:00:00,11,133.451613378023,478.023014942703,97.9202580923327,39.13468598508
2015-08-08 16:00:00,11,175.093492772913,556.733725755929,97.7928835677625,40.6594638119685
2015-06-23 05:00:00,11,179.442297910344,437.685787533092,88.4362936002805,34.5002197581746
2015-03-14 05:00:00,11,168.700156084127,463.905250883425,99.4557380043436,49.6473595589123
2015-12-14 00:00:00,11,159.669323421313,521.179612806048,102.617823404695,49.1951734962327
2015-08-01 01:00:00,11,183.220549890191,485.903367048728,91.0594279379628,37.5962476891034
2015-07-30 06:00:00,11,162.716232388897,549.885664232384,96.8363877266515,39.2408839443295
2015-12-02 08:00:00,11,151.759702584164,390.46813635273,69.0471913824291,59.2032265740722
2015-11-22 03:00:00,11,156.17474119364,424.945581588639,128.021045961467,32.0196073212552
2015-10-10 03:00:00,11,156.717682953185,454.062168473524,97.8316209089463,36.1714356221498
2015-10-04 13:00:00,11,171.335824357926,352.451802272875,98.5233217524928,34.5077440507205
2015-09-14 18:00:00,11,165.662325932405,395.498492337884,92.8163562229745,48.0720049407115
2015-10-28 06:00:00,11,157.711980041689,435.894145331215,95.3216348436277,46.6303559616981
2015-04-16 04:00:00,11,165.642503589553,401.006958585445,104.579778877243,35.110986973461
2015-12-07 13:00:00,11,178.435745440781,409.95221709183,116.520161595736,31.0836902517535
2015-02-28 15:00:00,11,149.773027624087,561.514219753562,87.3150203410921,40.9246611002708
2015-07-05 14:00:00,11,170.732930896327,517.181177846407,89.8165415712413,36.4172702438197
2015-10-27 17:00:00,11,168.957094447493,358.122844656818,102.98175148841,34.8183256558371
2015-05-25 16:00:00,11,142.990462604262,462.992067967236,93.1757875081802,34.9691985020647
2015-08-22 05:00:00,11,163.77261190634,469.455902425844,88.1588422727948,48.4565007868911
2015-07-21 22:00:00,11,199.797467873522,415.046705612336,85.443780490237,45.0468202122095
2015-09-28 07:00:00,11,172.520792510795,372.889025278255,91.8897032631469,34.6633113783307
2015-11-14 03:00:00,11,164.197675839576,506.785321353661,102.938923357327,39.7847233069588
2015-08-30 15:00:00,11,149.844997886108,472.864804928293,93.6445309861476,32.5297451408663
2015-11-18 12:00:00,11,162.22782427558,412.019847419129,81.8987390635446,40.0965097596927
2015-07-05 04:00:00,11,166.997148550854,458.696178962444,92.2707568426006,43.6214054599632
2015-04-05 06:00:00,11,166.837666768047,409.131494932951,99.2667506114045,35.7079021181669
2015-10-22 05:00:00,11,147.450145523057,475.268033605977,105.499979294736,37.7058716374126
2015-07-28 23:00:00,11,194.125260831895,328.342649603121,90.0012958075491,38.4326937241994
2015-10-24 12:00:00,11,173.175806623053,437.492635344633,85.5555911806624,46.6663699939929
2015-03-04 05:00:00,11,192.175235938751,528.300221250305,76.4112249877266,38.0886908258671
2015-12-24 06:00:00,11,160.818651304442,490.814396684523,88.6788268856278,47.4937195138452
2015-05-09 10:00:00,11,163.623390554772,433.996105495795,111.393487845003,43.4695765354004
2015-06-28 23:00:00,11,173.849696595981,413.538840744009,105.996743727586,33.9010442275148
2015-11-05 23:00:00,11,170.905947826002,528.317624982086,100.564309234749,38.4138873357617
2015-05-30 10:00:00,11,151.151959989519,406.649552172997,111.741701152987,38.4387660972916
2015-11-05 02:00:00,11,183.699320799197,511.949608771995,83.0640610379104,30.4718983019121
2015-04-24 13:00:00,11,163.261798014048,451.125349439738,120.242844639425,29.0765869153795
2015-01-16 12:00:00,11,185.657636985801,455.813859158275,104.222490325408,41.3976857408942
2015-04-13 06:00:00,11,148.921437061899,499.625748001452,113.77676955919,39.6016236838866
2015-07-02 12:00:00,11,165.262873848659,451.20001294814,97.6942744447965,36.2229275254787
2015-03-28 19:00:00,11,180.83715924586,418.091076092497,97.5227392006089,39.4665576325914
2015-03-19 02:00:00,11,167.149579107193,361.117241297497,107.980998747636,37.5775775389461
2015-11-12 16:00:00,11,169.571447725153,377.985599144082,105.605025924935,27.9654682812406
2015-12-16 11:00:00,11,200.917385518776,508.357860231496,110.698201851425,40.1905972127253
2015-02-09 23:00:00,11,167.367175047105,447.994950808571,103.005989703133,32.5134229594578
2015-10-11 12:00:00,11,168.036072672624,440.930006465572,85.1860150222372,36.211211284247
2015-11-16 12:00:00,11,167.858892117001,420.327332128841,98.930366281072,29.2807570745421
2015-08-22 14:00:00,11,176.010413966466,465.898032739027,86.6502581298886,43.0454326953542
2015-12-07 07:00:00,11,167.118299522232,511.924230549355,80.0382839621192,44.6857191692286
2015-09-25 04:00:00,11,161.819822088658,475.578430384373,95.0316228774434,45.7772465221356
2015-03-24 08:00:00,11,186.992127155787,398.836686639681,98.537336483136,40.428761424169
2015-08-28 19:00:00,11,217.96019293958,366.56982805448,109.078000480328,38.8804462578541
2015-07-15 19:00:00,11,194.324460711175,509.223171145481,110.539417227645,38.7215304856175
2015-07-10 19:00:00,11,184.393599339427,480.865603697541,96.4878420206772,51.2385709566548
2015-01-09 00:00:00,11,149.252330692793,444.898729346112,113.522512262213,45.5953437032083
2015-03-18 20:00:00,11,169.257622704254,462.100632548378,87.7915414809819,39.8620827643619
2015-08-22 01:00:00,11,176.321261793771,404.537174862683,104.588799100913,41.5660532522574
2015-12-20 14:00:00,11,139.587785258629,495.947795011158,120.241236807406,40.9152518843321
2015-11-23 12:00:00,11,194.075010861445,319.597325938872,113.608640019657,34.2014256342328
2015-07-12 17:00:00,11,170.866791215377,404.446382725741,90.204827117709,38.7842645959552
2015-06-21 10:00:00,11,134.289753858728,509.660993091804,80.8769010400699,38.4578414070742
2015-04-07 00:00:00,11,186.276577963843,476.230287029976,109.208015962947,45.7165651886156
2015-07-19 09:00:00,11,168.757750650431,460.112960421176,105.42540403365,53.1299875309323
2015-03-17 16:00:00,11,162.862848360401,432.237034769539,92.2042650976239,41.4111377879198
2015-05-17 11:00:00,11,168.755316928199,442.278591524195,115.239685083727,37.8588865445951
2015-07-27 20:00:00,11,184.714971033575,469.984314445842,107.016594515251,33.4607984450504
2015-06-22 12:00:00,11,163.065467002469,439.340794011133,107.600455233185,51.1986630480149
2015-11-15 00:00:00,11,172.439473592422,455.308770911051,98.8730397133442,34.9450081027756
2015-10-02 12:00:00,11,146.877542575046,356.4385779548,108.189002028024,32.514580415727
2015-02-27 21:00:00,11,172.124494818048,461.920158385758,98.6398244075992,29.6676809665371
2015-09-27 12:00:00,11,189.745450169493,403.084832423612,100.353629929153,40.023582422856
2015-06-18 20:00:00,11,170.95758537262,504.637349268029,112.656818528499,40.6347217071123
2015-11-13 14:00:00,11,186.804824096322,438.490440466857,100.632243383993,35.1513016410562
2015-09-15 18:00:00,11,200.028262569846,361.004374285523,112.153236933919,44.5799540959332
2015-02-08 12:00:00,11,181.313505872762,393.667135465999,100.929217435187,42.1096604262842
2015-02-08 09:00:00,11,209.073952744518,518.138754083612,83.7369170674104,32.4410443295397
2015-09-12 21:00:00,11,184.579749152042,478.679688185574,89.9685143602166,41.8206589278271
2015-03-18 11:00:00,11,196.051088982293,487.596355593799,97.9809124827838,31.1373412001102
2015-05-28 23:00:00,11,158.24801698257,427.099369843035,102.244895880912,43.0667284690715
2015-08-09 23:00:00,11,181.08114872114,540.102791796159,86.7386396907514,42.2546376118088
2015-08-03 08:00:00,11,178.147905892487,476.083685882599,93.0873273709603,29.9948788491344
2015-10-31 22:00:00,11,175.021125668522,525.69129740866,102.977848604387,37.5441014367568
2015-05-13 08:00:00,11,202.6644905698,412.336348207503,113.904178602665,37.394589715836
2015-02-22 05:00:00,11,180.611638578859,457.459878531435,93.0092010222105,32.9610269825082
2015-04-30 06:00:00,11,166.993501974465,578.48050270212,98.4676037534691,35.2441873537698
2015-04-25 15:00:00,11,177.53530542978,556.519577094364,92.3193051730795,40.468462327658
2015-06-05 06:00:00,11,167.23906691529,410.801296972872,99.2253397920237,44.7275477247962
2015-11-13 20:00:00,11,192.684497296845,385.257297683126,104.230336268775,36.433369226575
2015-10-23 13:00:00,11,172.850667905614,469.293699160164,80.2545030418861,38.8611597259693
2015-12-27 03:00:00,11,164.437567763904,461.559726650484,98.3785507684429,41.989811816803
2015-07-27 17:00:00,11,166.506571836299,374.107303000672,107.301971597231,43.5394856606259
2015-01-01 19:00:00,11,117.203587654014,517.77109525458,114.751381176931,41.5232654538556
2015-07-26 12:00:00,11,163.061040621018,470.932660312399,81.3498128002649,42.8804388152179
2015-07-08 13:00:00,11,172.447744464634,439.461666574366,116.359798833479,55.3016462383174
2015-07-28 21:00:00,11,152.380838767702,412.561821357893,111.211461654255,39.8717902745633
2015-01-06 09:00:00,11,160.430170746015,470.583289558508,80.4799029034967,44.8010220788065
2015-09-24 08:00:00,11,199.121535867414,469.534665463808,123.958576917983,42.9647429153682
2015-01-30 00:00:00,11,164.802255118435,426.218487094174,94.2758221932672,37.4407676281957
2015-12-29 08:00:00,11,146.283723369033,547.048807425739,125.116222318526,32.7312085932609
2015-03-03 15:00:00,11,182.146454982491,511.427658779763,102.190122392052,43.0399868489131
2015-01-22 06:00:00,11,166.159694232208,324.327465052805,96.4202134639746,39.1480955162609
2015-05-27 18:00:00,11,174.678981996618,415.807946522748,105.364772406776,40.6261983496388
2015-02-11 16:00:00,11,189.199256356107,427.006174975074,111.643444279458,45.5459567360613
2015-12-11 22:00:00,11,164.380193589908,459.700311955332,113.042670252394,36.2473342188744
2015-08-30 21:00:00,11,161.363790507497,370.189585154251,87.9257321924362,38.0742299621229
2015-03-11 13:00:00,11,192.674979690046,472.815822456368,83.7915902799867,32.9080277370219
2015-01-08 20:00:00,11,150.704164124069,387.606417660582,115.62642749924,39.8635243456651
2015-08-31 18:00:00,11,155.342402613325,434.470960793189,84.3926296625715,36.8049484960159
2015-03-29 19:00:00,11,163.192126377182,411.683520910638,101.394973680144,34.0816488385964
2015-02-22 04:00:00,11,192.460704013679,469.643657625799,105.351688805931,37.0549342076687
2015-07-20 07:00:00,11,160.753354254734,382.247017561494,122.619861886366,41.4371082721491
2015-02-08 19:00:00,11,165.565923626366,406.632900007181,78.9693685196785,41.8379283560016
2015-01-04 04:00:00,11,165.324144284956,441.477107675866,109.544608096515,44.3816266359013
2015-01-01 18:00:00,11,160.588523225152,494.473683021899,105.899581169012,39.6088247949923
2015-10-25 02:00:00,11,169.427354636896,448.497694522244,94.4630551191132,48.9716484764423
2015-10-22 10:00:00,11,187.890210506802,440.718384957778,84.4130731355513,45.7929289357188
2015-11-10 14:00:00,11,169.541931889608,457.862014901112,119.008542790247,37.3645004149826
2015-12-11 14:00:00,11,172.609429986486,380.264658581689,119.713589138788,37.7019092220569
2015-09-14 20:00:00,11,174.896894703642,402.323296559854,105.875938065598,35.9862505914924
2015-09-03 10:00:00,11,191.993907416413,468.091742899326,96.903391427435,35.8301274001684
2015-02-02 08:00:00,11,190.447285889735,379.629750357642,110.986125668138,42.3652421562099
2015-03-07 08:00:00,11,134.374699170758,452.679430583958,95.9610829406851,35.0504247017472
2015-10-05 13:00:00,11,175.961521989464,426.031675490646,86.0427137369124,36.0884099157372
2015-11-04 18:00:00,11,198.113254932229,500.690512203659,103.020127951495,42.3268847684917
2015-10-24 04:00:00,11,174.001572670489,443.51161242034,100.211855567715,37.8326839947475
2015-12-15 18:00:00,11,179.352260994772,520.488584423363,131.764726190768,52.7006703323842
2015-06-16 23:00:00,11,169.24553759426,460.58492669573,103.671726065506,45.8105975053275
2015-09-02 08:00:00,11,169.06786230481,504.650257106716,103.595824768117,31.8045051632765
2015-10-10 12:00:00,11,192.313045703758,436.336468601341,101.759387806796,47.9343433720719
2015-11-07 08:00:00,11,192.595419372844,411.180390676146,97.1949900001639,35.3156019310066
2015-02-18 17:00:00,11,174.931514996958,424.524659723059,114.246879798096,35.0019961236333
2015-08-17 20:00:00,11,157.920011199289,448.390225307212,96.5259252551514,38.236317353793
2015-03-24 02:00:00,11,173.310132452412,462.513806661728,78.2626043247579,46.9062316041922
2015-12-03 16:00:00,11,162.916247651282,410.040917508487,101.014778684525,40.6179774639963
2015-09-11 04:00:00,11,171.652859052126,507.516134144251,93.8087930494742,41.1486997314963
2015-10-26 19:00:00,11,198.290620772167,417.921821761948,123.777680581821,34.1045860096872
2015-10-17 15:00:00,11,186.800929015419,382.399999445182,93.203976168024,34.4881417177204
2015-03-07 10:00:00,11,157.846792558624,402.385049630341,115.654980527712,48.8892967135031
2015-01-09 13:00:00,11,165.150128627955,442.822300652827,104.378417102586,42.5077608290965
2015-09-22 02:00:00,11,169.563532673288,369.975585846325,89.0018334596106,33.1529413499067
2015-08-29 22:00:00,11,164.210179250589,441.331004663617,103.034155561132,41.7178687100961
2015-08-10 03:00:00,11,147.04902854077,426.415796930904,118.56054170052,39.8111833157552
2015-05-09 15:00:00,11,193.884232113334,533.018291236716,96.0365384422068,46.8021840120421
2015-06-25 10:00:00,11,149.739844308911,409.86707005253,102.999491625492,33.8307484679632
2015-02-28 10:00:00,11,178.654496309376,467.560417835976,112.13383111935,46.8484717441613
2015-09-05 09:00:00,11,192.893677550942,466.78361551952,92.0212120054777,44.5951074857737
2015-05-10 11:00:00,11,168.528703720466,489.22080168865,116.606004563915,41.35086837957
2015-01-10 02:00:00,11,177.756687086519,478.008694223342,102.189582592184,36.4359784119488
2015-06-12 05:00:00,11,191.390630051252,423.715692142162,114.584788059765,41.8088599035579
2015-07-15 21:00:00,11,174.14374159213,439.000799692519,84.956426191813,37.829774036945
2015-11-29 07:00:00,11,190.104547832223,319.244685019357,86.9744681121415,38.5747867729125
2015-06-11 06:00:00,11,168.990263166796,397.807797891135,110.183827483511,31.2051370673178
2015-01-08 03:00:00,11,170.029132494569,426.994966226774,110.409181871739,48.329149712653
2015-04-16 00:00:00,11,167.43434286929,465.079943594049,100.712418080983,46.967268630511
2015-05-05 01:00:00,11,149.364757697467,400.900245226241,101.844575144435,43.7740612173182
2015-12-21 13:00:00,11,182.524627396951,486.015428018066,103.608453926228,39.6813985355962
2015-01-07 06:00:00,11,194.66552063233,488.153580387969,84.6562191820589,41.5934364151952
2015-05-17 00:00:00,11,183.287691429053,436.184728072339,100.626327766202,34.9500239555708
2015-05-15 14:00:00,11,159.291781750496,506.769632391463,101.959885012738,44.2052596249444
2015-04-07 15:00:00,11,157.634131895954,474.042306116929,69.7941826623074,38.5064338940615
2015-12-09 07:00:00,11,161.663287743595,459.801828985066,96.957779345837,40.4603771479855
2015-05-03 12:00:00,11,160.465684154496,429.520580384164,89.8172401973014,43.8580896996422
2015-10-23 16:00:00,11,162.673145936734,331.877763381454,111.094757621594,36.2703469473418
2015-11-24 08:00:00,11,146.698554570684,425.513666011101,98.7725131044542,45.4300605050982
2015-07-18 10:00:00,11,176.449801521357,458.034985568552,113.873527636571,33.4450490834252
2015-07-27 14:00:00,11,152.130181734939,485.289890099733,85.5422875856995,40.7585774630901
2015-11-24 13:00:00,11,161.825214284658,297.351357562104,110.727690970025,37.5894317290501
2015-03-29 15:00:00,11,160.319224647895,408.633218082404,93.376301330265,46.4054343005045
2015-06-29 14:00:00,11,177.936691443025,450.797202129078,103.415675630755,44.2979709080548
2015-12-23 18:00:00,11,144.95391181078,467.173710453565,103.545159072883,42.7707937678919
2015-05-16 20:00:00,11,175.254334649096,489.119228673888,103.118365158846,34.4631219599417
2015-09-11 08:00:00,11,171.906295164564,534.192699876599,110.560514712574,43.1496706897918
2015-10-30 20:00:00,11,171.268070135779,605.890501493023,89.7320779855457,38.9071083474165
2015-04-26 21:00:00,11,165.802146042202,571.017009733044,114.327260574117,36.5096309641091
2015-09-06 00:00:00,11,189.515631322141,448.492451749551,129.638307704654,43.6270314179328
2015-02-04 07:00:00,11,169.117550411041,402.724777639147,98.2506765838666,27.8806392516733
2015-09-12 06:00:00,11,155.296411145627,397.335042182721,89.9183153111259,36.4843676067434
2015-01-14 08:00:00,11,207.90835302843,505.604805239806,99.168840103685,43.0154092654739
2015-04-13 08:00:00,11,167.811895759114,374.510013532926,102.362395958911,38.6912561636042
2015-07-01 01:00:00,11,168.209307570245,462.6305734825,101.194124048289,39.7090794375939
2015-06-18 06:00:00,11,154.824072786246,464.507113573635,105.594245577465,37.1224853197614
2015-12-11 16:00:00,11,168.855192005407,452.048446975441,81.372734056283,51.1830959249525
2015-02-15 23:00:00,11,176.518661835166,462.04171650911,98.8164914213532,33.7213891225552
2015-12-20 23:00:00,11,161.803069020707,330.306820054311,101.620021590534,48.2725397992168
2015-06-30 21:00:00,11,160.320569919615,461.288081882868,96.6311003654544,47.266601702675
2015-04-19 07:00:00,11,171.738607953428,368.929628083152,102.136569336333,46.5135250919574
2015-07-11 02:00:00,11,159.1542600951,495.593433306443,96.7188746855684,39.3054776871927
2015-01-14 15:00:00,11,144.366150342679,460.268102577858,110.878183186291,36.1466759606374
2015-03-29 22:00:00,11,162.275250805532,337.556655737406,108.35930418538,38.2215856901484
2015-02-22 13:00:00,11,162.988752260407,364.223870372581,91.4725450991827,38.7514136606666
2015-03-14 13:00:00,11,176.772051654962,476.724744461893,99.2148397593012,39.1936167448438
2015-06-11 01:00:00,11,163.253483672697,392.636844389767,108.66603320309,37.1948008089675
2015-03-19 12:00:00,11,145.940575778691,370.272529938206,77.7037128761177,47.035975672136
2015-06-05 02:00:00,11,143.156368224825,597.416428820974,93.4281414374642,35.769362528734
2015-01-26 10:00:00,11,156.885298726021,372.894998564732,91.9801098675452,48.1434922003169
2015-04-20 04:00:00,11,185.610969420299,310.970073762371,138.54813194332,40.3861161027256
2015-07-04 14:00:00,11,169.680420608533,443.403749529277,100.232397891938,42.7327523833405
2015-09-28 05:00:00,11,167.955198261384,474.951332008792,104.260258539161,35.4662049494724
2015-02-06 18:00:00,11,190.663348233055,524.422615754828,110.797046408816,39.9792677874182
2015-03-07 19:00:00,11,188.052391604127,494.427158479597,88.3949279499154,40.0358715206515
2015-03-04 14:00:00,11,186.92003043689,374.128724060318,94.1146021654952,46.0406424903786
2015-02-10 18:00:00,11,186.608963450837,394.121254119198,122.150097538762,44.6494025188848
2015-10-12 10:00:00,11,168.505369672208,386.77253911866,88.3304849814232,32.8459458725748
2015-05-12 10:00:00,11,183.524993427037,427.725390608796,91.9684621283666,41.1131189343987
2015-05-20 16:00:00,11,171.455194029356,483.481302600839,93.0027869468093,39.5081643130211
2015-11-05 07:00:00,11,158.795811104279,423.180557862431,106.171138731536,38.8159205861205
2015-09-24 16:00:00,11,170.892310297111,483.981533395198,106.117566601391,40.07373170997
2015-10-01 17:00:00,11,154.259385554137,390.85692680074,132.569274661594,35.9915198069548
2015-03-18 05:00:00,11,185.697292042432,441.833186448792,100.338723317066,42.8177030121171
2015-11-26 18:00:00,11,190.028237500063,433.238780497774,95.5321232747524,40.5090766173327
2015-03-31 12:00:00,11,188.172723376641,490.863645627385,114.701840737785,41.7293959315529
2015-03-08 08:00:00,11,178.208515080705,378.155073929185,97.9242804250654,29.0686347572141
2015-03-30 08:00:00,11,190.326839062131,436.887061138382,98.9940592727831,49.4847610990193
2015-10-14 03:00:00,11,171.239668585183,428.383871036496,112.497407279797,41.4829362309664
2015-03-18 06:00:00,11,161.153244280178,437.594190801717,110.004473314243,48.0962771671831
2015-07-10 09:00:00,11,160.987495358851,479.757410656795,92.0699687064045,44.4963942562161
2015-09-23 20:00:00,11,169.43107775788,455.642520533486,93.0886327270951,40.1305824912167
2015-05-12 00:00:00,11,144.064026836446,499.447756234558,105.253478538455,39.6043065543061
2015-10-11 08:00:00,11,171.904016487604,526.813169182865,97.8696576901774,37.2779666271814
2015-02-14 09:00:00,11,177.786658220258,471.225224067963,100.395327655871,33.4461084984304
2015-08-24 09:00:00,11,149.704199227208,437.660598548022,112.417619223975,41.384209813886
2015-04-13 07:00:00,11,159.275838108913,410.598050406464,119.663272049859,40.3882271049108
2015-09-22 16:00:00,11,151.55959637455,551.137651733983,100.885454505316,36.8859900638747
2015-02-16 14:00:00,11,180.702634317785,518.677284583976,91.3108794731478,45.6380346706539
2015-05-30 13:00:00,11,188.450973549092,392.647851226257,97.5569588341256,45.2735880818217
2015-10-20 05:00:00,11,158.414713203684,345.544840547645,91.0230858171202,42.1417939266598
2015-04-06 07:00:00,11,169.174625176194,470.257943276266,94.5409103377104,40.3186774371075
2015-04-27 01:00:00,11,170.961577594269,527.15162604786,89.7845401919172,44.0767906040414
2015-12-02 05:00:00,11,175.963974429246,540.412558660759,109.820512280517,47.4124256464135
2015-05-23 12:00:00,11,161.881005588698,429.560535100106,96.6329292975427,38.8922164465437
2015-10-04 04:00:00,11,187.187454594829,426.620220993243,97.592004379753,41.582354786118
2015-09-17 20:00:00,11,160.55082200258,417.472072311538,94.7587874929886,38.8902416595094
2015-02-11 17:00:00,11,182.825322626886,530.690983592393,105.374403871746,35.8710978833681
2015-09-06 02:00:00,11,208.398827307148,391.721433068055,116.466580972799,43.9535424186437
2015-02-16 15:00:00,11,155.093174010727,464.539189618041,121.473482811564,40.4726056502814
2015-06-10 04:00:00,11,206.672876486612,553.212194678784,99.553251100037,38.4224336280144
2015-03-19 15:00:00,11,163.924629920125,478.76341401848,105.603501361953,45.1420695450336
2015-03-18 16:00:00,11,185.649850016867,477.52185586098,104.255013757436,34.573354975677
2015-04-30 08:00:00,11,140.801709694118,485.97370305023,91.7809618329837,47.7448295374749
2015-04-26 17:00:00,11,170.791734953916,360.960461850405,92.1102511724761,47.7339224614921
2015-04-01 04:00:00,11,193.644073152757,478.605165356348,115.808100822443,39.0066485484042
2015-10-26 11:00:00,11,175.495833386376,376.027086281948,104.502938700594,45.4410910701107
2015-11-06 14:00:00,11,175.13082445046,480.074269783461,100.404192814508,47.8644010328371
2015-08-05 13:00:00,11,177.610724257628,434.700210334491,83.344925255503,42.4940710106411
2015-04-30 12:00:00,11,173.984236553035,538.543924795492,76.5893083012313,40.8506437935019
2015-04-23 11:00:00,11,183.478266289037,458.697823360725,87.7500440453947,38.5853403598374
2015-05-13 17:00:00,11,148.090033769381,401.620876565635,94.0771159875297,37.7734361936834
2015-07-15 07:00:00,11,144.005072126013,298.131450189912,109.40710703101,46.4631754318941
2015-11-15 13:00:00,11,161.224707412808,462.725979857409,97.6879050138268,44.0704617745279
2015-01-01 21:00:00,11,160.554720265885,533.625848956957,92.9656222533284,41.4719639239002
2015-12-29 18:00:00,11,164.316603449867,312.192071707971,105.301682596835,43.0325663896969
2015-05-20 01:00:00,11,152.468034901396,370.794923762853,94.7279659454792,37.0965716023355
2015-02-18 02:00:00,11,154.786149287293,449.791819439954,117.816035009403,36.9160708931677
2015-06-08 05:00:00,11,161.058329316086,406.546263110963,104.168525371018,45.1761875024616
2015-01-31 21:00:00,11,159.499632294679,275.545537354258,84.743764526055,31.0313923151295
2015-12-17 14:00:00,11,168.129765686395,432.881898473108,105.659808679773,31.8420712234456
2015-03-01 19:00:00,11,166.793062850707,481.305918901252,83.906309543015,38.4047414323424
2015-04-10 10:00:00,11,162.681991845737,380.756530172225,93.3643949576156,42.6703350585721
2015-01-23 04:00:00,11,183.862367602482,489.570125284887,98.468493758212,44.4066662324693
2015-12-08 07:00:00,11,152.191996553571,496.578775595055,105.833488696818,33.1773624427343
2015-04-22 01:00:00,11,144.487619248548,348.445837024279,87.5399800919579,41.8741254959611
2015-07-07 19:00:00,11,158.177944280934,498.070686234879,109.625804389965,37.640338724377
2015-05-01 21:00:00,11,158.695491154032,385.024762336214,108.308425158928,48.7746423390289
2015-04-08 13:00:00,11,186.591150283562,387.111142175613,97.8767003216199,37.1812798283871
2015-10-23 05:00:00,11,175.967267508519,502.741873019451,122.904534766267,31.3636995044255
2015-09-17 07:00:00,11,193.524328447288,385.542969590067,95.1064161828871,41.0780523163437
2015-09-28 00:00:00,11,151.667696343325,447.951224951403,82.8978094468261,27.40409405809
2015-02-05 22:00:00,11,179.781316118254,401.233087408587,112.945638136259,46.2506723101633
2015-01-16 20:00:00,11,119.347721089485,365.124255695447,100.194066628069,35.6673509362807
2015-12-19 08:00:00,11,154.836620357984,495.228543092766,91.1410565692583,40.9926575380552
2015-09-24 17:00:00,11,181.39609847733,393.869076222235,110.526155119518,40.8585607209188
2015-09-24 11:00:00,11,149.064121842121,494.417948861209,88.7023208361633,41.4066806488757
2015-10-25 05:00:00,11,171.792921213127,470.771162311188,96.5623364651469,44.0797542865213
2015-01-06 23:00:00,11,177.58160115241,431.99804332837,103.440390211438,44.5160414339028
2015-10-16 21:00:00,11,174.441096747446,429.160067842674,94.9964464671825,36.1746745270898
2015-01-04 09:00:00,11,183.292700425264,435.240214535706,109.110684385538,39.3635773909871
2015-06-16 00:00:00,11,167.323215997259,479.506508172802,92.5575929626313,38.9237892261007
2015-05-23 15:00:00,11,183.175323538806,450.763357588871,83.2460949015032,38.9610039347826
2015-02-03 12:00:00,11,159.716855758539,384.804941170332,95.8278395314624,43.1429302310349
2015-04-03 00:00:00,11,167.14280410679,391.161524526356,99.8636872676734,38.9408242626757
2015-06-27 03:00:00,11,183.099484525005,407.587868578182,104.030976456084,40.5159672240241
2015-02-06 17:00:00,11,168.608190368052,464.235230828782,103.00096116874,42.7513728630116
2015-02-09 18:00:00,11,152.399291342654,427.748613141698,88.7913545048372,46.3537628385307
2015-09-10 19:00:00,11,178.726398304955,402.75963145927,108.142988802072,38.8189541283818
2015-01-11 22:00:00,11,175.399157202401,344.683785481222,100.938833591794,39.7655881011221
2015-09-16 20:00:00,11,154.091482816364,455.393763811651,110.365713908629,40.938964288159
2015-06-05 09:00:00,11,136.957660522886,440.165354348516,94.5328373373424,29.3863364109834
2015-12-11 05:00:00,11,163.389409710423,425.325946776387,115.646385302187,40.664894605437
2015-03-22 05:00:00,11,145.917749981945,438.857306661877,108.008136839157,39.3862383233135
2015-06-22 13:00:00,11,164.34046650507,427.848550137111,90.0354181700661,39.8526393401352
2015-06-07 23:00:00,11,177.502144712775,458.086982887883,101.562059389398,36.2583856750084
2015-07-16 21:00:00,11,171.831668936514,358.999478118207,119.406661985678,43.4877911118282
2015-01-21 03:00:00,11,174.401477822176,307.638386663759,97.5646891465912,33.2659960814541
2015-06-05 19:00:00,11,141.983485796857,418.348182084582,93.5445685140656,30.8527150616778
2015-12-24 00:00:00,11,180.245925370892,456.057483799053,102.02063887874,33.6015714406812
2015-08-24 08:00:00,11,180.228242568889,462.41012478037,104.999387638027,35.8938586220715
2015-05-25 14:00:00,11,189.40637956177,422.058578578275,118.724628020812,47.2626389436698
2015-06-26 12:00:00,11,187.6816209604,466.097151896097,73.7742205043979,36.0223935461084
2015-07-22 13:00:00,11,190.665919848277,432.822872239516,115.363846386123,40.1273930788893
2015-10-07 03:00:00,11,148.144666763748,440.300564954194,87.4036348653208,43.6940695982697
2015-10-31 04:00:00,11,158.431757477496,375.423942736057,95.3962029825513,45.2084802949134
2015-09-28 16:00:00,11,191.646188046375,353.249119239683,96.3092712742567,41.6892734099859
2015-05-25 09:00:00,11,185.001685824098,416.376644395271,112.208899916621,47.6970453231547
2015-12-29 07:00:00,11,165.678576679637,420.668969899019,123.287134772068,39.9338289471117
2015-03-25 08:00:00,11,162.186786330705,451.616399289827,83.8312173075866,44.8363090643272
2015-11-08 07:00:00,11,137.093620633364,478.514017014657,99.4763184189171,47.0298331415226
2015-06-26 22:00:00,11,177.562077244761,488.681222457338,105.14869710284,46.0159506613551
2015-02-06 04:00:00,11,153.171774596848,505.842619980799,119.322278737358,35.8569536797502
2015-10-14 16:00:00,11,140.446967998464,478.518023230078,113.749366661899,32.7763714838962
2015-05-20 23:00:00,11,180.320550411491,528.867608441835,99.9332835369449,26.0748357781067
2015-04-16 07:00:00,11,193.028873352531,501.120281349306,95.9608668797061,36.0844714412172
2015-09-24 06:00:00,11,156.627389680949,435.098772279997,89.7859395743142,43.7793217312311
2015-05-01 01:00:00,11,185.68787049201,396.408555556615,81.6021135246647,37.622661659228
2015-10-25 01:00:00,11,151.250871509278,424.0016229561,90.5485063139864,50.8106020857396
2015-01-24 08:00:00,11,165.86473323939,464.798200388794,84.3638634418882,40.8913110144319
2015-02-14 04:00:00,11,164.840030204379,395.485263388882,86.4380928517038,42.7092535023103
2015-12-08 09:00:00,11,153.809196533381,460.574858388945,84.7668380478361,47.2211961164958
2015-04-11 02:00:00,11,158.28562766716,471.237891734419,112.701708702682,36.2981949960875
2015-10-21 19:00:00,11,178.724132127339,492.716221453687,105.782265414862,36.2904817219022
2015-10-22 02:00:00,11,146.452719470562,457.465708939846,88.8183799991015,42.2300083593628
2015-09-18 00:00:00,11,162.511986832739,468.98399084755,105.04225613624,45.1028437467431
2015-07-07 09:00:00,11,168.550199115832,465.514221679005,108.508668372277,42.5919608200371
2015-04-02 00:00:00,11,163.240417799464,488.128375427859,124.539749908805,38.8987958914175
2015-10-11 00:00:00,11,191.382252245018,477.996461917114,95.9917866295701,50.8591773519472
2015-07-12 13:00:00,11,168.357158737736,535.481539773462,98.3130332861464,38.1846189337471
2015-05-21 15:00:00,11,164.929747349175,437.181146104772,97.1910994883595,42.3091233684198
2015-03-10 20:00:00,11,169.819019054007,482.607263731996,84.8325358863777,45.6180285807525
2015-08-28 02:00:00,11,183.378705866705,488.068324469855,84.9660790054302,34.2887839454078
2015-03-07 01:00:00,11,217.937066450389,378.856782498707,101.767681726781,37.126383489213
2015-10-26 07:00:00,11,163.471255135559,574.45010887287,100.071698387015,37.3914594709925
2015-11-26 07:00:00,11,164.122493274101,428.080734434244,87.7394676493873,35.4321469060079
2015-01-10 12:00:00,11,180.374885795041,468.939977134127,111.826927051542,40.1498084735948
2015-02-08 03:00:00,11,151.698113698254,461.238376667326,113.937084724036,33.7731791936809
2015-07-18 13:00:00,11,145.806791255291,449.034039065153,112.543666652271,41.1312501944043
2015-01-04 17:00:00,11,158.684467752603,491.102693117076,101.05521097302,38.1034577494726
2015-10-28 00:00:00,11,164.076266184856,444.608218611503,96.1133042638927,44.8575288459615
2015-01-11 17:00:00,11,185.467345880421,433.706204429299,94.6108636284598,40.8842647903337
2015-09-25 03:00:00,11,168.460741454448,426.578770163252,90.0085758261469,44.1432938487716
2015-02-21 20:00:00,11,142.081798426257,520.327384495863,97.464732936494,43.7762371588909
2015-01-27 07:00:00,11,147.636509801489,374.086299407353,121.257328247876,32.9661260312597
2015-10-21 18:00:00,11,145.579113951651,407.535550005028,91.5439838148511,45.1330104899923
2015-05-20 17:00:00,11,172.415071455747,411.008577661096,106.355997424474,37.9070215459866
2015-11-03 05:00:00,11,161.994059444234,408.235790686876,91.8292013799916,42.5820184694358
2015-03-20 19:00:00,11,157.907151239076,502.988284706813,105.863976646129,42.2834030867743
2015-08-23 01:00:00,11,180.15494490352,482.662514770523,96.4215460097236,43.3832731544921
2015-09-19 22:00:00,11,168.756812600452,432.435141516908,96.2259871289214,36.9821372068895
2015-01-04 16:00:00,11,167.048507629006,423.204137269342,106.870390868097,48.0951511405413
2015-12-20 09:00:00,11,152.06220355823,387.408573900304,111.105857889795,33.5436531386976
2015-01-26 01:00:00,11,155.314862199363,451.180814772424,83.6317199623917,38.4594999942707
2015-03-16 19:00:00,11,177.363367479679,487.447661622359,92.3020106727384,49.8072514845827
2015-10-05 15:00:00,11,143.223814179099,465.252944064163,93.97854813095,35.765209378482
2015-07-24 07:00:00,11,196.557389659831,402.259970212816,96.0430197556877,32.0375368811232
2015-11-02 19:00:00,11,154.056609114418,511.652544512455,112.361125545692,41.2371143520221
2015-07-09 10:00:00,11,197.968621514365,365.647291548786,107.814431221293,45.3939972164817
2015-11-04 07:00:00,11,160.940143386602,372.297487698716,110.136864516055,45.6557708412205
2015-06-18 18:00:00,11,172.723423111723,499.876189111057,85.6331625293396,34.5497570877664
2015-09-06 13:00:00,11,169.974910824814,466.90158739292,119.088384807211,37.6069118966173
2015-07-02 22:00:00,11,160.853536470112,517.195745376835,109.283017084167,42.1195399913561
2015-11-25 01:00:00,11,144.457010735582,303.26160264482,94.0672507599057,46.1887201221315
2015-08-06 03:00:00,11,161.171161666375,498.6332040744,113.203855019746,38.6510781959168
2015-05-23 20:00:00,11,181.712682309638,417.327833947411,106.741656096779,29.7462376085989
2015-07-05 18:00:00,11,184.508364350459,493.097604509191,100.779957106673,37.9745460145882
2015-06-27 19:00:00,11,180.08415883993,476.365247103123,92.9529293761582,48.8349736917638
2015-07-29 15:00:00,11,132.685275109442,485.832481601559,98.8689077284399,34.8296586226934
2015-03-04 00:00:00,11,179.109540447335,468.986146307207,107.879850746683,39.4834350838817
2015-12-20 17:00:00,11,146.021299961043,522.810109950421,100.443271879047,50.9114500862052
2015-04-22 13:00:00,11,162.247665648627,518.331759759878,95.8763383097273,35.3264796316983
2015-06-06 19:00:00,11,197.50382304292,502.158800051346,103.355840762127,32.3225049692971
2015-12-08 17:00:00,11,159.403191618045,403.192353399665,86.1762424163938,39.498590531464
2015-11-10 10:00:00,11,184.564638755554,506.399267683043,107.639511361886,36.6159464795524
2015-11-09 06:00:00,11,164.164062226393,460.280627335696,101.128225475131,48.8452288422559
2015-10-15 22:00:00,11,161.759296572938,501.730787960557,116.327136946086,44.5346531477343
2015-12-14 21:00:00,11,182.358995296703,442.072071068413,107.097755791944,35.9119295927898
2015-06-24 11:00:00,11,196.287948962342,421.070585332542,97.58600194818,46.9128412410273
2015-04-19 15:00:00,11,151.130762966697,362.729616625952,130.086605639917,39.5076504641124
2015-02-24 18:00:00,11,160.531011472594,473.496622449496,99.8500303398742,41.9201054777379
2015-10-18 06:00:00,11,163.716508007579,543.830304817806,102.272907261933,40.9863513783234
2015-10-19 19:00:00,11,172.06302704686,480.675865719555,94.7586029878141,41.4797913743783
2015-02-17 10:00:00,11,178.65472438035,469.685842878627,114.055244335971,36.7396282763066
2015-09-16 16:00:00,11,149.966050403182,494.781952953259,112.81840119616,37.0081292274676
2015-05-02 22:00:00,11,164.201309224048,476.44085264216,91.8306469988032,45.0105559661436
2015-08-29 17:00:00,11,164.941810564977,466.908500869374,103.016104055963,27.6630940036944
2015-04-12 13:00:00,11,178.55454989134,448.996882911408,89.2821741080916,42.558256973354
2015-06-15 01:00:00,11,177.622534362817,399.914567140422,114.394285497996,36.2318844733012
2015-09-08 00:00:00,11,173.33325006808,346.132277357116,97.9349447913552,43.546247180184
2015-06-04 22:00:00,11,169.966867837574,491.135297919971,111.46248660266,40.07696560192
2015-01-20 01:00:00,11,174.690342831392,322.854909979102,94.4490514259481,36.6132323699378
2015-03-20 02:00:00,11,164.594865504411,402.329823112221,99.2330759354549,35.2554723233801
2015-10-02 03:00:00,11,169.07557873743,491.630618204088,125.925627410546,43.9138632450964
2015-06-15 20:00:00,11,176.971218533882,443.34553007423,101.047669850792,23.1625503411543
2015-05-16 19:00:00,11,185.24197418166,498.427354625199,120.620342344706,41.0099849849212
2015-11-09 03:00:00,11,172.370028671927,454.749726451002,102.728242963128,41.8335955613106
2015-03-10 12:00:00,11,169.431448729173,409.643008242586,102.734669797835,32.3590859867918
2015-10-01 01:00:00,11,185.428816881055,431.679092168207,127.587089563901,33.4361087885998
2015-03-03 04:00:00,11,178.831479855656,513.45996803726,94.8426744123703,43.4268634968156
2015-04-17 23:00:00,11,184.127949247089,550.427380551956,87.0304818666748,38.9290222642839
2015-03-30 22:00:00,11,165.774262985557,486.855014813675,106.372590275731,44.2676480710168
2015-12-05 11:00:00,11,174.57059067675,414.084943772828,107.980636815671,38.0652508847897
2015-02-06 12:00:00,11,161.176242411722,467.532182114696,101.619024514392,40.6928969184889
2015-04-30 18:00:00,11,157.049235642998,429.243008286598,99.3181175898531,38.6758243967612
2015-07-02 11:00:00,11,188.816849007454,507.672971128739,107.200537011338,42.3919828813747
2015-03-09 13:00:00,11,159.788956600139,490.635336289087,92.4294735647803,35.1210715895248
2015-06-26 07:00:00,11,164.614258592123,480.16948800091,123.832134710312,42.5492976570897
2015-07-13 16:00:00,11,161.771797173407,479.288732446582,111.294750272348,44.4009662631306
2015-11-01 17:00:00,11,183.212036729342,392.034554903355,103.823131587473,45.0404703658677
2015-07-01 15:00:00,11,168.126795408686,471.154296925221,89.1854999561627,46.1933984197413
2015-07-31 03:00:00,11,174.566350185555,451.914904541382,107.537906830444,32.8954731264813
2015-10-07 17:00:00,11,178.256052802723,444.681472848847,105.288087549329,48.414965169675
2015-08-05 01:00:00,11,152.735730331531,452.456938930851,93.2914500110021,31.4568171329699
2015-11-11 23:00:00,11,161.68307934851,431.242302974914,104.5516280585,47.5104278438725
2015-07-30 08:00:00,11,176.567719069975,385.260849662359,102.7073776883,37.4499817786449
2015-03-24 16:00:00,11,169.419553007324,469.290469108121,102.640591313617,42.0412492099833
2015-02-17 01:00:00,11,158.554972663992,524.207279416641,126.395983876847,43.1091600737765
2015-06-17 16:00:00,11,181.707803457522,444.62042619658,113.510984344359,46.8389618453039
2015-04-13 22:00:00,11,135.788300599687,436.635196843585,108.641946365549,35.7774352684903
2015-10-08 23:00:00,11,189.531352349733,363.842985183778,112.112000265387,36.8587145611856
2015-12-15 08:00:00,11,187.653829941736,478.499921796828,126.018497051605,34.5016730242354
2015-05-05 00:00:00,11,169.927811115471,440.04465666282,90.6134953174594,38.4462129280027
2015-07-10 07:00:00,11,160.453283714571,462.055216977548,86.4143741185838,46.2685552773274
2015-12-07 17:00:00,11,160.455707104032,419.381294325758,98.6947539440356,29.4832287379672
2015-11-12 07:00:00,11,159.692826502445,464.869503378941,84.0357115472817,35.235453828989
2015-10-14 13:00:00,11,144.619715498389,371.412865049374,98.3159874716022,40.553845958055
2015-04-21 21:00:00,11,187.022498912301,483.500742274456,93.3963454446277,43.5072677816914
2015-01-29 11:00:00,11,189.394794340714,402.769490211464,87.4579140368987,45.8646540111846
2015-08-16 00:00:00,11,190.430812071962,434.179042219094,105.33679226288,44.3833845785433
2015-02-17 08:00:00,11,172.208414367927,391.813945895447,121.959751588897,42.3933107916939
2015-02-27 18:00:00,11,147.125997396051,379.157985295922,88.4350572002597,45.5246727318478
2015-12-26 00:00:00,11,168.945843245741,398.76877119262,90.4396619647417,38.5875718729149
2015-10-19 23:00:00,11,150.453670755051,558.67686198132,100.626700601787,41.171047140046
2015-09-06 11:00:00,11,175.817017672702,432.599255705066,131.590833792607,36.831106452183
2015-04-06 04:00:00,11,136.702670718544,426.174130263216,89.6263555047471,46.6421330692258
2015-01-22 21:00:00,11,159.878259463098,456.551848691106,117.066115696481,40.0434635000866
2016-01-01 01:00:00,11,170.587697942219,434.113719662548,98.4169643125659,34.8380518758694
2015-07-12 01:00:00,11,172.885903876569,486.278799715408,99.7079925658153,46.3170364632195
2015-05-08 06:00:00,11,168.534811644258,472.42917320321,109.1973113468,41.9182682885663
2015-08-06 15:00:00,11,155.214646600012,541.801132986949,102.959322396749,31.6464770377259
2015-01-12 12:00:00,11,187.037746886948,521.697347343656,99.3799739159078,41.8910379536787
2015-12-21 03:00:00,11,127.150336015918,445.13659379955,108.324917047508,39.9904304177619
2015-11-13 08:00:00,11,174.973060526464,435.592951570499,106.021946440659,34.1863526056743
2015-08-01 05:00:00,11,167.862917647914,463.566437260452,87.1165132627163,45.3694067635291
2015-06-22 14:00:00,11,181.8569505985,488.839906061113,85.3546528217299,35.3829401133627
2015-12-27 21:00:00,11,154.115809508478,505.160112226323,119.011419691923,39.644015023099
2015-10-14 21:00:00,11,158.021916790378,466.515553323032,98.3935171976699,39.7002620044405
2015-06-08 10:00:00,11,165.82546544254,433.7188136825,92.9516185670499,40.1722587009131
2015-10-02 20:00:00,11,163.79504041765,459.137183710728,109.772922159307,45.1038878887634
2015-04-05 21:00:00,11,184.635259050342,405.518246279332,108.022894525606,47.443241332229
2015-07-21 14:00:00,11,201.389260504529,414.021277423476,79.2687792926674,31.5578848464328
2015-01-04 19:00:00,11,168.411643411549,351.67762217292,103.407324806356,41.2162784363015
2015-12-05 05:00:00,11,173.673823885219,445.405760234777,117.577112719971,38.9030753561536
2015-09-02 01:00:00,11,184.489846555211,449.882587136331,119.154938645479,45.2791051660461
2015-11-04 12:00:00,11,145.332156815027,427.128171766112,85.9270613313688,39.7644678705478
2015-12-14 08:00:00,11,177.230322549477,390.195360415612,109.691429195458,55.5735864560792
2015-01-05 13:00:00,11,155.112336254604,459.88086862802,100.941330028933,40.4068376536829
2015-12-18 20:00:00,11,164.581332978585,587.146575409288,94.9260597464414,42.0698863503216
2015-09-20 08:00:00,11,155.041425586605,444.724574638245,108.89854828829,43.5201297022886
2015-01-06 15:00:00,11,148.024919328019,406.595595284695,99.7574572427493,40.8150581780821
2015-12-06 18:00:00,11,153.081279450964,446.24131316545,80.106197285781,35.1207265193955
2015-10-08 16:00:00,11,151.188328454081,397.056663670262,92.2528471217845,42.5462847386265
2015-09-16 22:00:00,11,180.244992126547,486.715572252329,113.50303881283,39.0597904599768
2015-07-19 16:00:00,11,168.792931573849,407.281210706687,100.063963216111,47.0715178863563
2015-06-26 01:00:00,11,162.723380116559,444.17204335707,94.8467040270507,41.7624982566376
2015-05-13 01:00:00,11,164.691474357539,355.830377318166,99.186551685138,43.8594115629483
2015-12-26 02:00:00,11,137.228472719216,427.809317155453,97.6964027418147,44.1674040659542
2015-01-23 15:00:00,11,146.180024205217,411.155166838822,95.8683264796349,36.074697812565
2015-09-29 09:00:00,11,183.849252379002,438.591724061092,101.604881659883,37.7724899150159
2015-07-06 02:00:00,11,178.163602521331,440.619317337634,96.1976872757547,39.9173614136646
2015-07-19 23:00:00,11,146.97881203963,411.513073518632,104.59114468598,43.4051959254092
2015-12-03 18:00:00,11,164.495541140119,415.73573567875,105.650561802754,39.5208815046936
2015-09-26 14:00:00,11,172.634193427668,420.699048958118,118.696044842274,34.7151982449507
2015-05-24 00:00:00,11,179.569638787729,466.774037178576,110.28577390681,40.1845458360313
2015-01-26 08:00:00,11,137.850084731532,458.281421953257,92.0434953153707,43.590761825611
2015-10-14 08:00:00,11,170.682514525044,480.609580337296,96.8240455720062,30.8004500753319
2015-04-29 10:00:00,11,165.98710380118,444.234936276506,100.781209200065,50.5751168931119
2015-03-24 06:00:00,11,177.523881996003,496.818505418674,94.2078092524676,37.5569679043768
2015-04-30 00:00:00,11,177.553432618864,391.261837709129,104.098317514414,42.8981679566283
2015-12-23 02:00:00,11,172.411399020072,430.370480964684,101.214301878054,40.7276580494234
2015-11-30 21:00:00,11,191.586459310399,513.74425540483,91.2166991705082,44.982040020829
2015-05-18 04:00:00,11,170.028264544798,383.056153996579,113.868891269739,35.704071157543
2015-01-12 11:00:00,11,178.343669116712,384.485365083357,104.158938656371,42.146692217567
2015-12-25 19:00:00,11,187.488613311965,462.818499987017,89.0992084003229,42.9476177413433
2015-03-25 03:00:00,11,182.306325726248,390.384676579549,105.864723627727,27.1565793413559
2015-08-23 00:00:00,11,178.115139406338,454.06317517154,115.0339974109,35.581145885502
2015-03-15 02:00:00,11,147.354171079898,400.322079762023,98.6475773366196,41.3147832772806
2015-07-17 00:00:00,11,168.426329353572,405.364006403697,123.045930181062,47.2622132960107
2015-10-10 02:00:00,11,158.163495708924,340.855199103517,106.780879564408,37.7870886991134
2015-06-13 07:00:00,11,200.718316113558,400.87825313155,95.6072285254921,41.4375418552829
2015-04-27 18:00:00,11,178.069607332694,442.039791069415,111.285069917273,49.8263079138286
2015-03-25 17:00:00,11,176.273595482927,426.273450823904,103.918275682805,40.503547973407
2015-09-02 23:00:00,11,178.900193190368,405.634429628146,105.263299981851,38.5188698813429
2015-08-05 12:00:00,11,138.155902707911,461.339649214434,114.859330606455,35.5995352590401
2015-11-24 23:00:00,11,164.071457407881,333.889860688248,110.076451216419,41.6717994975374
2015-04-20 13:00:00,11,159.179195105634,420.678119084593,105.729881448949,42.5893333223851
2015-12-13 17:00:00,11,173.125210322385,499.064005191454,113.954309369106,45.2254957899617
2015-07-27 00:00:00,11,168.132919704528,400.616472720948,103.440365545718,45.2879150801126
2015-01-05 05:00:00,11,161.190364450529,453.609968142709,101.002565974586,38.4622825817304
2015-03-16 23:00:00,11,172.968747662134,405.900230361604,113.186986836854,39.6548039764698
2015-09-22 20:00:00,11,180.339064375617,457.040920694846,90.7019088420657,43.2695053756728
2015-07-30 09:00:00,11,198.613892217703,369.604546387164,105.021909496023,42.1727908543772
2015-03-12 18:00:00,11,158.416324946487,417.656964942329,98.6986413452506,38.87465954717
2015-02-06 14:00:00,11,183.408462550806,521.080702903632,94.0682864798599,45.4814651510626
2015-08-27 20:00:00,11,154.370241543435,446.575067600114,101.291953488166,39.486017667749
2015-03-19 11:00:00,11,189.425416433761,444.936610005843,105.129557029696,45.9913138680027
2015-08-31 06:00:00,11,153.870904075954,450.713871943107,113.956476450304,39.0401224261269
2015-07-22 05:00:00,11,155.077119501259,410.072010574789,100.682661178785,34.3849006724949
2015-05-16 22:00:00,11,188.780890598808,501.246796139648,104.491787532121,34.2458201313196
2015-08-20 10:00:00,11,164.688785494658,492.386570727824,105.20628572569,50.7467502478948
2015-04-21 18:00:00,11,161.726334966815,448.185622045414,88.5083712242259,35.1935710557659
2015-06-23 13:00:00,11,150.43569063314,482.477746925344,112.973350603535,37.5603811828513
2015-03-22 01:00:00,11,181.959088829438,465.480798718823,94.4573194441484,35.912661876953
2015-02-25 17:00:00,11,173.978656615734,482.238511601894,113.492182297749,43.6576578113782
2015-07-11 03:00:00,11,180.523357729199,404.634731025471,72.5332358383754,36.9545897132571
2015-04-21 22:00:00,11,162.70098209704,432.177626952018,96.0946074514992,43.7561111291388
2015-01-07 13:00:00,11,151.567454955171,460.146579099643,99.3669293340628,34.4625898840059
2015-09-13 01:00:00,11,185.700843207957,477.394620631643,82.6904898079853,34.2219362607348
2015-10-16 01:00:00,11,176.657872789238,512.151597106412,87.1119802273931,38.3503059863618
2015-06-15 00:00:00,11,166.972193952414,463.815318830361,93.642101902993,46.1926403277206
2015-04-15 03:00:00,11,162.353653935479,461.24679001552,97.2491792089913,50.8569456952757
2015-06-01 21:00:00,11,174.85008294923,436.231324258751,104.860216877076,33.7923063196593
2015-12-31 10:00:00,11,176.693497335616,494.491535300577,108.952137022065,37.7916761998893
2015-03-28 02:00:00,11,175.645248526948,443.232877910452,96.919190143783,42.9224817621973
2015-06-28 17:00:00,11,176.507883232969,505.909085062776,95.4762800956601,34.8271120976864
2015-03-16 11:00:00,11,168.064890683712,464.950189740084,118.507249787952,45.3597679167901
2015-08-13 05:00:00,11,180.379557612563,433.498560157828,96.2428421317912,40.9141464171014
2015-05-29 13:00:00,11,181.393888873741,403.84022988584,97.7359880612343,37.9558964534482
2015-06-10 22:00:00,11,148.006046756888,452.916320047953,114.24048110085,39.7153733978126
2015-02-20 03:00:00,11,155.320128182057,499.430276902279,103.651962198421,44.4964262920092
2015-07-27 21:00:00,11,145.913602075821,437.977045601736,110.795710904651,45.1192924715015
2015-05-16 11:00:00,11,164.206905146073,432.453902667793,96.0509433572823,41.4665261990525
2015-06-10 05:00:00,11,179.768797307373,383.473370743755,93.0173821618951,36.8700452572472
2015-10-07 11:00:00,11,169.998260414327,449.698516545949,104.182204508099,34.9043986780798
2015-10-23 00:00:00,11,152.582986170641,459.240742147833,88.5446941266707,41.9418844295003
2015-12-28 11:00:00,11,183.022852056364,506.000154395536,131.865084700816,36.7472164635178
2015-12-31 08:00:00,11,135.693058086876,440.839360182354,97.7087457541595,38.3784068019562
2015-12-11 18:00:00,11,166.062327448307,504.829091994335,102.29693084397,32.4737220314516
2015-03-05 08:00:00,11,167.259942252112,473.099618963921,104.129845578435,40.3321894366363
2015-02-08 21:00:00,11,168.880694328322,550.92129935951,92.0205467987447,46.0295989691049
2015-06-13 16:00:00,11,173.90033380894,488.476550128015,109.388654108441,37.4961176454157
2015-01-18 08:00:00,11,170.471361005513,323.764269538405,83.0505709466558,38.1797562136668
2015-07-26 14:00:00,11,163.629221174275,431.18663867026,100.980715096219,40.347257151483
2015-06-14 18:00:00,11,182.683592829132,456.682566712495,106.524024815317,47.3196917850381
2015-08-30 14:00:00,11,173.160958560998,525.946100804759,89.1866014494016,49.7280403569498
2015-07-29 04:00:00,11,155.302720345034,407.318884964433,100.377873034752,44.2712469224016
2015-02-09 15:00:00,11,185.292129376447,487.71250915903,85.9493672472867,46.8618336532348
2015-07-12 18:00:00,11,165.909442234594,404.830509459457,112.593349230572,41.4102636209475
2015-02-21 00:00:00,11,176.081809391868,449.012651097575,105.577784539164,41.5763575130183
2015-08-20 18:00:00,11,149.003425737642,450.645323536531,99.1820199277735,44.2225180860741
2015-12-05 04:00:00,11,169.519133670963,487.966123140032,110.035493653276,33.2131247286567
2015-10-16 12:00:00,11,139.590476452513,346.580050393302,77.9303510435921,36.9673125291426
2015-02-20 20:00:00,11,191.622311918322,522.070470203947,86.5461122196978,43.7803113857006
2015-07-17 20:00:00,11,162.128406891348,518.585005655079,99.9972316584101,40.0486144509168
2015-10-06 22:00:00,11,138.871808685146,473.574792020221,111.769053934236,36.109650888913
2015-01-10 20:00:00,11,168.735772353742,429.058748437009,101.313791912894,53.8326633358473
2015-04-14 08:00:00,11,149.122191346427,459.558690334697,93.4475498828525,29.9572586787081
2015-02-05 11:00:00,11,165.184456783993,440.303155857934,87.5810141265537,42.7453243700082
2015-04-15 23:00:00,11,174.201878220678,431.643838846556,86.6259405871359,36.425750296369
2015-02-19 18:00:00,11,183.800276712603,403.120375574504,107.863421636701,42.4420209884441
2015-02-15 16:00:00,11,165.774171527528,505.422149092063,107.339510773562,43.4130392172048
2015-11-19 16:00:00,11,154.94125363876,443.594485190401,110.202694303175,46.5369081970049
2015-03-30 10:00:00,11,212.111974334753,503.519647434031,80.86156406193,43.2478735367983
2015-07-21 02:00:00,11,156.24572268125,470.002981164319,114.946464819208,29.7760884768068
2015-05-20 22:00:00,11,152.441414469454,459.586093898532,117.858437862072,51.5877423521358
2015-08-23 20:00:00,11,172.848088034641,459.32726624217,97.3808473262139,41.3615531744018
2015-12-09 15:00:00,11,136.641607581584,497.713229968607,97.5255288153138,45.4563388281872
2015-08-22 03:00:00,11,171.318566803206,485.495593536021,102.147796919431,39.5683617480745
2015-04-25 04:00:00,11,170.759361792658,480.563213867275,100.043533318168,41.9123011426222
2015-06-08 17:00:00,11,195.875939254047,528.075441241382,98.021629914685,39.6526381510079
2015-06-23 09:00:00,11,158.792347176711,430.473308533446,97.9226299747586,42.0857241378514
2015-12-02 12:00:00,11,172.955782965877,450.219508352707,109.882431695612,48.4983196167253
2015-05-22 16:00:00,11,165.217756843332,485.097924406918,110.692606114167,45.7005390734476
2015-04-30 23:00:00,11,199.577744980959,477.561878480204,93.5752365752433,42.0956547042034
2015-03-13 18:00:00,11,159.661194264831,394.763948249982,102.0887481577,33.5051410274143
2015-04-29 20:00:00,11,173.299838982981,406.884150209828,100.928867340594,34.9265125896356
2015-05-15 03:00:00,11,177.238619890798,426.361653538501,106.863518191075,43.8422433857904
2015-05-08 00:00:00,11,156.644778292553,464.20681700482,100.612873493993,40.5134880349197
2015-05-02 03:00:00,11,159.730462386273,420.55457677444,107.466064301701,43.9039781049358
2015-03-02 09:00:00,11,175.956866805495,500.791428852355,105.438551027868,40.1236879469875
2015-12-19 03:00:00,11,165.536387548984,418.711151484493,88.563881904252,38.9912449485442
2015-09-21 05:00:00,11,175.22857150785,478.695988815098,96.9919389254298,34.5866596133452
2015-05-15 01:00:00,11,174.23451073538,556.45211081643,96.0159294499906,36.4870506925504
2015-03-02 18:00:00,11,173.43466210875,420.013523494942,111.954809068375,44.3841316899646
2015-12-30 14:00:00,11,169.090217012501,430.16702921147,101.851191562479,38.239889128836
2015-01-18 13:00:00,11,178.468959207281,312.056380960028,108.004081001665,29.0193419997452
2015-07-04 13:00:00,11,200.360551301229,441.387827321941,100.161239405959,50.6167122055482
2015-07-12 19:00:00,11,167.159456633865,405.7845364386,101.019958263325,40.4192581211672
2015-10-22 09:00:00,11,189.398762990253,425.744272089765,103.178518759203,32.1660475880583
2015-01-23 23:00:00,11,175.531521242497,467.239361956384,121.453970911445,38.9622900239552
2015-10-05 06:00:00,11,171.517173535301,417.348076295233,95.3032771857021,32.6429057879449
2015-05-04 09:00:00,11,186.326340341834,426.396886436217,103.36294028336,48.4779933895792
2015-12-28 14:00:00,11,175.971191011228,415.386985258105,149.718783605937,42.7332172329834
2015-02-09 03:00:00,11,195.637557640977,473.374889488729,108.630887244596,46.0424781225885
2015-03-30 02:00:00,11,166.02858684252,405.258238203737,112.94901006355,38.5123262305177
2015-09-10 07:00:00,11,180.077322693304,438.549353080196,96.6329660982599,50.0003861245414
2015-10-28 02:00:00,11,142.805122896056,545.581947488675,109.84547819404,35.1422160036797
2015-09-01 05:00:00,11,162.917780398039,421.633290831013,101.550526824876,39.2544417687261
2015-02-01 10:00:00,11,190.266776822057,335.271553497267,123.924651813012,43.6853749409122
2015-09-26 07:00:00,11,196.857505759679,430.605473843735,91.955509031356,47.3602298613852
2015-06-11 04:00:00,11,189.771193880784,408.068265251588,121.103382525967,48.3147518044145
2015-02-11 03:00:00,11,171.984148682709,362.996247464631,100.426782864386,47.510184859882
2015-11-20 01:00:00,11,155.706355651015,485.975823395586,100.959101991873,42.043857781506
2015-12-03 13:00:00,11,183.530074625794,481.445140109052,100.905054963131,33.7050456938309
2015-05-05 07:00:00,11,180.282260876964,308.780698380271,104.969839389648,41.5440548547436
2015-06-06 05:00:00,11,155.462908265112,416.692179569276,91.5589675660538,46.0707042659329
2015-01-29 08:00:00,11,165.788758180504,456.968224024579,99.8515866983946,47.2663615506433
2015-02-06 10:00:00,11,167.214224456124,407.39730834632,99.1040021697645,43.6332891173809
2015-10-01 09:00:00,11,138.85162161792,515.069278795935,138.36420994774,46.4328121235528
2015-09-19 06:00:00,11,164.216082708563,432.123742120451,102.223999678635,33.258186919043
2015-04-04 12:00:00,11,182.612147624889,478.902267102687,111.957836201732,34.420412346017
2015-12-28 13:00:00,11,167.004704881773,494.461664564724,132.476777856199,47.8422673511753
2015-07-27 18:00:00,11,168.210683271309,467.707497074876,106.246265835095,39.9738026146357
2015-09-16 01:00:00,11,130.502381892476,484.585066893088,97.1793334954146,43.168309938009
2015-02-09 21:00:00,11,166.29121526322,502.576439629925,107.018360314079,35.9346491486324
2015-04-19 13:00:00,11,177.621460981817,344.07122405168,125.462062122995,36.4954672605175
2015-05-01 22:00:00,11,160.468179516971,493.8529790869,92.6140078519183,36.162659700103
2015-01-30 02:00:00,11,186.694526240329,440.130654780939,97.2919930847594,37.2060480475888
2015-11-02 15:00:00,11,166.345674578691,447.376779083389,101.503042526253,39.7495281382612
2015-06-14 02:00:00,11,170.768168527978,519.411118654515,100.274949741085,38.7395157180108
2015-02-13 14:00:00,11,169.104336596391,498.881662265093,96.9202656676893,38.7257839211779
2015-01-24 09:00:00,11,181.060659539968,517.540007799123,104.933670623528,28.7784103404501
2015-12-07 23:00:00,11,156.430161652617,526.710208095614,92.5435204542926,34.5721816935875
2015-10-09 04:00:00,11,184.750851720376,490.275624322108,104.45880823247,41.8910191469479
2015-08-09 06:00:00,11,174.393175371778,496.814785916618,109.004077799694,48.6806148542179
2015-09-28 04:00:00,11,175.479053234625,450.266499054295,102.124340253428,42.3207066679005
2015-11-25 20:00:00,11,155.822189384239,361.118960653255,100.822705683865,42.3728310254238
2015-03-09 02:00:00,11,172.911829018101,479.13682794876,86.2089801073247,40.2345638282975
2015-12-07 19:00:00,11,176.915801484981,456.729083896297,80.5779910739787,43.490181114256
2015-09-29 03:00:00,11,158.236315085534,387.966433365508,90.7110896838585,39.0077036677593
2015-01-26 16:00:00,11,182.187837380096,455.233123576606,95.0469655863566,32.2259228768566
2015-01-11 14:00:00,11,170.088225320719,407.608616578849,94.9423985152682,29.1317232252537
2015-06-17 00:00:00,11,179.928770119104,497.52241211686,120.219687285025,38.3606951891458
2015-08-25 18:00:00,11,153.225271691359,485.438367143388,116.694355785873,43.2985762664918
2015-06-05 16:00:00,11,162.506300830009,377.876612082699,94.6321385024553,39.2185517882987
2015-02-17 23:00:00,11,154.470784026877,393.058003683759,110.554966327789,42.6838303510178
2015-06-23 12:00:00,11,155.050838763343,502.163805399198,101.509290149305,36.2912614507272
2015-11-12 19:00:00,11,181.31090823621,421.158536671791,93.1926172446681,50.8297918465978
2015-05-01 16:00:00,11,174.157718148026,390.38303661344,94.7357251272381,39.6515604537432
2015-08-27 10:00:00,11,171.666294375445,414.063212509528,106.96941376412,42.8646713173697
2015-07-31 23:00:00,11,171.991269196589,468.919999171715,98.8477978802047,41.3379755769057
2015-12-15 07:00:00,11,174.957271131764,398.230379866312,131.395584383851,35.9137130913005
2015-08-18 05:00:00,11,162.211355154998,506.405730801775,90.5093402431481,42.008590764192
2015-05-10 12:00:00,11,175.897807488278,419.704254370111,101.443084679945,35.5019906572299
2015-11-21 23:00:00,11,189.366708467592,425.232046647312,115.442969981404,37.7759798027025
2015-07-27 05:00:00,11,177.839319013785,450.793949206745,109.282427873992,41.3169559442305
2015-02-06 22:00:00,11,167.104826387026,479.897944912355,91.2207035895435,36.8565157468351
2015-11-20 11:00:00,11,146.008741583104,366.56578967631,122.142962395419,44.0267709060894
2015-12-05 15:00:00,11,191.084812896142,453.39506900786,81.1160312231748,41.5435602391663
2015-01-19 21:00:00,11,140.572100146631,422.766299687051,114.128800492213,39.710600057123
2015-08-10 18:00:00,11,154.844363772471,424.587007546355,96.7266641428029,48.0782101190997
2015-07-08 20:00:00,11,173.904647679873,363.071642609356,103.455026306326,46.1274067297375
2015-09-30 12:00:00,11,158.303581937005,504.748469265477,122.532794911997,39.6029524869821
2015-12-22 23:00:00,11,159.284772035681,457.051252699182,96.3862719763254,31.7582793594985
2015-12-20 01:00:00,11,182.896731377013,398.988360739574,87.9837898732238,34.0874881311483
2015-03-22 22:00:00,11,165.941837554446,417.815165559957,95.7508699536534,40.2785911201028
2015-09-04 07:00:00,11,169.393785884229,495.461225512044,109.812845914997,45.837667481944
2015-02-25 15:00:00,11,159.161773188273,550.573819395997,102.136434563535,34.3571921846371
2015-11-21 15:00:00,11,182.65868370706,453.295824985394,114.169563860246,34.1741437870505
2015-12-12 10:00:00,11,174.858876634921,461.662655954558,86.6118711130931,37.724007627555
2015-11-27 21:00:00,11,188.611509127478,463.759097787647,108.443958822217,35.3020795327529
2015-03-31 16:00:00,11,188.024578566982,454.159410090756,106.587246487427,39.633543161123
2015-08-06 00:00:00,11,161.079480530079,463.22865997397,98.5640613064957,37.8096434160861
2015-05-24 19:00:00,11,196.407263804586,419.49963642342,101.743512879838,39.1003794357236
2016-01-01 03:00:00,11,164.827232617115,385.385765449581,117.659935994362,39.238836900874
2015-06-20 01:00:00,11,178.055190304734,472.447339773395,95.6738164159078,44.1808202669081
2015-12-27 00:00:00,11,165.434128009022,415.744333537141,103.636276639726,40.6923936053244
2015-02-13 16:00:00,11,166.10637035924,490.01051406179,113.15363821752,37.0249234496656
2015-11-03 02:00:00,11,177.153537120791,401.220532268435,104.981942756432,36.8426675649154
2015-12-01 05:00:00,11,204.624869428905,407.841332713297,117.545322200377,54.187215442545
2015-01-18 03:00:00,11,159.461621558817,344.068087694217,95.4133643601703,43.3355673716823
2015-04-13 20:00:00,11,174.535585902552,409.390566877518,99.1433362834981,39.3229884811394
2015-02-23 04:00:00,11,196.665105839969,424.202549525695,86.1049775745776,41.6553790750212
2015-10-22 12:00:00,11,186.513703075032,372.52727382005,105.611246917282,32.136347014843
2015-08-12 14:00:00,11,144.706906105466,513.00045459631,122.379043619789,36.4197702555809
2015-03-20 22:00:00,11,181.412290723356,391.686962259148,103.853128275518,33.4463606856982
2015-02-16 18:00:00,11,180.544522660945,468.180484532554,90.4749402668613,34.6853815140274
2015-07-24 15:00:00,11,164.981618326101,433.001838005831,99.7622999742544,35.0194754072728
2015-07-15 04:00:00,11,157.312144802257,450.756081537225,100.074891352685,41.6682670595992
2015-10-15 19:00:00,11,156.340685585211,394.618340040606,100.68221508558,43.3372585561625
2015-04-28 20:00:00,11,156.526007585809,433.764015139191,107.083725862366,46.8187913912781
2015-11-02 23:00:00,11,186.527534115166,480.440794214033,90.2729520875403,40.5554041545341
2015-07-24 00:00:00,11,182.320535212831,366.219022298913,84.0938247184061,36.4515907476502
2015-09-18 17:00:00,11,154.271164219291,366.139700147544,97.3486046498501,34.9481564494193
2015-12-23 01:00:00,11,145.434252519104,457.769292220518,102.924648092121,43.7685445400455
2015-08-19 08:00:00,11,190.751454593856,533.664670506397,90.3260431355687,40.0878636519312
2015-12-08 11:00:00,11,164.727700242987,549.686793452951,89.50877278302,45.5667925315651
2015-10-14 14:00:00,11,166.699601006055,481.070204068201,85.2085771105963,43.7814615268002
2015-04-25 22:00:00,11,160.829771889189,592.0131636001,103.68419642417,45.7234237863516
2015-03-13 09:00:00,11,186.214002440506,479.508292528668,111.776741205373,39.1759557408665
2015-09-19 09:00:00,11,158.481549882114,534.196397638859,111.929454599624,38.5760394019339
2015-04-30 21:00:00,11,165.017491287038,399.71772387314,100.744675045535,38.4982648517215
2015-09-23 21:00:00,11,137.669189988267,438.033503255322,106.647425542514,37.7993728640139
2015-01-20 10:00:00,11,161.088795638476,420.424397005005,115.523813129311,31.6408082041674
2015-09-11 15:00:00,11,171.166279787163,523.316029126909,118.810954848562,28.8520917892452
2015-05-30 08:00:00,11,185.090399732469,632.501907474232,92.9882637829697,37.4904546074131
2015-10-01 13:00:00,11,158.955983841109,503.765585685934,131.235924224759,46.4953178844449
2015-08-15 00:00:00,11,181.531638220563,444.874843125416,76.9866662541008,41.1015269677631
2015-10-28 14:00:00,11,180.663573593686,518.127853618588,98.8692781328156,44.6542262077362
2015-06-04 09:00:00,11,150.079087074846,419.251566467063,105.645526692575,28.0979584905308
2015-06-17 20:00:00,11,166.228697170168,441.763648772693,85.264750051553,37.8242229526493
2015-08-31 00:00:00,11,166.350967664373,489.632845679959,87.4355706416086,32.7054525059487
2015-09-08 13:00:00,11,174.303521446934,413.589461558599,95.3181841181441,39.8068095309176
2015-08-18 21:00:00,11,139.470859952688,409.317198435681,101.122930509165,39.5069430700617
2015-08-29 00:00:00,11,160.726492522104,456.373355266553,91.8243331283268,35.7930805762644
2015-04-24 15:00:00,11,184.692251880297,478.526186884966,117.784650224917,44.1777455743512
2015-07-10 02:00:00,11,163.51254371369,498.73707702656,94.8210496882692,48.594404240613
2015-02-23 21:00:00,11,168.128237801301,487.810605906261,85.5163259441846,32.6833065346595
2015-08-22 08:00:00,11,163.712780210532,452.005226750308,105.961721611616,34.302199356016
2015-12-05 22:00:00,11,138.637123976047,516.930673809311,97.3635268490428,32.3617099978493
2015-06-02 10:00:00,11,148.140013149348,423.699622379622,111.938170112083,44.6658331290277
2015-09-10 21:00:00,11,150.110814027763,514.324945974521,95.5541749080107,42.0499316457332
2015-07-18 06:00:00,11,180.756293439188,430.001661191192,91.4754535872437,39.8843065339136
2015-12-26 15:00:00,11,179.05045182374,520.503814783743,101.993493715236,36.9694230577977
2015-08-03 10:00:00,11,150.314345395154,461.80122750709,89.9019372828591,39.0093042502624
2015-06-28 21:00:00,11,178.937938449463,420.989200617592,116.229063912147,39.041765545733
2015-08-24 01:00:00,11,145.523896226252,393.495450917772,94.3474362775533,36.0634302454948
2015-05-17 15:00:00,11,169.452847557201,476.282781644504,107.092674049959,37.9489938194924
2015-07-25 07:00:00,11,155.108446929348,436.751507703661,92.6712813581515,36.9173115678022
2015-06-27 18:00:00,11,178.948253825965,464.972612853441,97.1260816435335,41.2645326276815
2015-03-19 03:00:00,11,176.410802520506,387.837888801658,110.353999091568,39.385496624134
2015-12-13 05:00:00,11,159.060437996753,417.22689087787,110.965580115807,51.4107270965369
2015-06-24 21:00:00,11,162.93550077281,426.841562427435,112.175787860412,45.7513356657551
2015-08-07 00:00:00,11,161.366158208306,435.113147807486,96.162648479172,39.1967537779964
2015-07-31 22:00:00,11,155.063075316586,401.293590942481,87.5622047954521,38.4336308785109
2015-04-19 05:00:00,11,177.495911365452,350.636525688037,127.318151679032,42.5797830846359
2015-04-24 00:00:00,11,175.426801138629,366.534172395912,116.731380353652,34.9311721490994
2015-04-27 05:00:00,11,205.237551671856,491.718364152174,112.23903024661,39.467542100046
2015-05-08 05:00:00,11,156.990391251142,420.447632772892,92.8082109657467,35.9393156139733
2015-11-04 06:00:00,11,190.875816341058,478.381699692618,90.5611613389207,40.3310257751562
2015-10-02 07:00:00,11,187.954152294348,543.048474003034,85.0832171472433,47.7096993299054
2015-08-13 21:00:00,11,170.591491340177,510.167136750431,114.394234101441,39.536943490624
2015-06-05 21:00:00,11,172.540534042785,481.280507105946,106.725921024162,38.2418445594823
2015-11-15 07:00:00,11,193.720068587058,431.531056455818,103.722780454839,33.2944231653734
2015-03-09 00:00:00,11,166.451287340014,467.496776038403,87.2828382443217,34.7480258158474
2015-06-09 23:00:00,11,179.907151480421,428.966603255289,104.283118921195,37.6666676462868
2015-12-01 23:00:00,11,183.164491707639,501.258285526119,81.713776718974,54.1461487097432
2015-03-15 04:00:00,11,160.431712413146,498.158936724498,92.2498119039878,33.6009607009759
2015-12-04 16:00:00,11,166.144315567057,429.020135909326,114.179747632524,46.2943871365295
2015-07-24 10:00:00,11,181.006149225722,420.781721636156,97.5099651419814,34.2620875355952
2015-12-11 00:00:00,11,167.822859534641,438.657511866524,101.50132194999,46.5968786253879
2015-10-28 13:00:00,11,173.29674561086,494.469382419063,94.0779102229904,38.6976080675136
2015-06-27 20:00:00,11,163.205158769599,440.453342193017,109.848461859546,34.6228193401784
2015-06-30 01:00:00,11,190.382126115676,541.874721583196,104.355167078862,33.8565499579189
2015-01-12 20:00:00,11,181.236640428691,491.06897934722,108.533097974748,47.7405774261648
2015-01-30 13:00:00,11,187.303688928206,447.665842663453,108.693463935458,35.0528848776511
2015-09-07 23:00:00,11,207.369265140286,414.986535303177,90.9302591089803,39.0681517949589
2015-03-08 10:00:00,11,162.940159530787,406.540349401298,88.0902307105066,46.4171474909338
2015-09-01 22:00:00,11,140.184323351521,493.132695265883,66.8025818405919,45.9396638430355
2015-05-16 17:00:00,11,147.69901779659,529.237816139587,102.104244153486,34.5259837157187
2015-02-01 20:00:00,11,200.87189529305,412.178917370676,107.18178177158,42.8446969342566
2015-07-25 08:00:00,11,148.343220028794,440.680387302741,98.8421399304329,35.9153531799343
2015-10-24 18:00:00,11,191.79974171843,383.890389080485,115.893738824577,44.9301724677554
2015-01-06 22:00:00,11,169.106857077145,448.924552486961,106.87900839336,39.8977326203994
2015-11-22 23:00:00,11,199.781092796516,445.440533697245,121.781858605378,41.1059516877623
2015-02-22 20:00:00,11,183.672071503232,434.031073168865,110.445190580221,36.4194836062524
2015-06-19 23:00:00,11,159.434301568387,529.478022238877,114.286827708851,43.0379244346565
2015-01-02 15:00:00,11,119.932995785772,404.817053739844,110.112022674966,30.3414732862808
2015-12-06 07:00:00,11,174.628070173315,390.246639626352,92.5114908222388,33.2253428603096
2015-03-18 02:00:00,11,134.890556468906,344.880953421818,91.550410958661,39.5733562260296
2015-11-05 18:00:00,11,152.883657561925,405.457155207466,116.68435503401,39.8759477679394
2015-05-02 05:00:00,11,148.578064215712,463.89116836923,94.0238827046816,31.7405328616751
2015-08-25 01:00:00,11,168.062677882712,398.60839916764,111.683822029796,39.9453965416719
2015-08-10 10:00:00,11,171.420545028884,485.369756237687,87.4133034532242,41.2955157160549
2015-03-25 15:00:00,11,150.762148114652,474.209975308767,83.6573083359584,36.374386454598
2015-05-07 16:00:00,11,184.881985054477,412.049336643735,109.53018677743,30.9972978161997
2015-12-10 07:00:00,11,170.198714120872,497.199849398073,91.2080505653604,34.3468189811811
2015-07-03 20:00:00,11,149.435064301261,494.364617079614,115.76902014201,39.8349792698592
2015-11-28 05:00:00,11,169.392154249625,450.397565307682,95.9085936460094,38.7496703522287
2015-05-06 02:00:00,11,158.476744737294,449.046848658392,92.8097501030126,30.8679158900125
2015-03-23 01:00:00,11,161.564765900891,546.909120464743,95.7347758908943,43.6825432738061
2015-07-24 23:00:00,11,151.789312004189,388.400912482181,94.4262396318147,45.0558199889653
2015-05-01 19:00:00,11,142.397969237238,373.995933976231,97.9863227793292,36.6645096550046
2015-03-10 14:00:00,11,174.548497436897,399.692709366531,88.704787974693,38.2140241844572
2015-10-12 17:00:00,11,175.73716516193,333.405797047392,105.887231522084,36.7405371205756
2015-11-05 19:00:00,11,181.564000964011,366.459345164283,105.484197942884,50.293106789879
2015-11-08 05:00:00,11,145.44661482346,440.653423397198,105.024187316071,42.6819422900072
2015-10-21 14:00:00,11,183.531370887595,535.153415462755,95.1553881458869,37.36049819686
2015-11-13 13:00:00,11,175.439564431733,491.930031623164,103.328567166662,33.8571703155787
2015-11-08 12:00:00,11,171.900066691505,438.8468229789,92.9688098784753,34.2832169368297
2015-12-30 11:00:00,11,175.667770161931,469.683425755895,113.633128088991,42.6395840909201
2015-01-02 22:00:00,11,185.913278945392,495.038088999115,98.4886908237059,40.3125481259539
2015-04-19 03:00:00,11,157.793433772032,422.262248171166,138.737014475724,37.9533035789224
2015-11-14 16:00:00,11,172.263711523747,461.908234752078,106.988643177419,37.4157878231366
2015-08-24 00:00:00,11,179.480471817286,428.635699062792,111.04329012696,30.7854667152663
2015-07-23 15:00:00,11,190.622483483091,425.061191794161,90.6429063213245,41.6857020580501
2015-12-19 07:00:00,11,196.160720611513,554.089554871397,101.876649270468,36.6858763069167
2015-03-14 14:00:00,11,174.417205267622,551.615218973639,113.721904028329,41.2783677706096
2015-10-08 01:00:00,11,179.315297973015,350.197704558018,110.205652210418,42.8663004974415
2015-02-23 22:00:00,11,199.935850183123,482.811100859217,89.6260581543974,41.4787640898975
2015-01-19 05:00:00,11,158.932148997707,236.65508275538,100.91052756162,37.8309865455558
2015-09-10 11:00:00,11,157.007967910229,529.670099496846,113.683469356519,39.6891094109307
2015-09-30 09:00:00,11,155.230374979065,461.072438461839,135.960111002359,38.4244606669074
2015-06-23 03:00:00,11,168.169734371232,415.520242330438,76.8584824001139,41.797915048218
2015-05-18 17:00:00,11,169.546060558352,415.165026662175,109.460430819611,39.0143833959993
2015-07-17 02:00:00,11,187.637038659695,450.46375088564,84.6890529762148,43.8687556014019
2015-02-19 22:00:00,11,185.792131880353,458.548180945466,94.6694611953736,44.1083222112342
2015-11-29 23:00:00,11,171.668860835265,474.043068417241,91.1039994361931,48.3970922205932
2015-02-05 14:00:00,11,178.874862632734,477.97557137705,108.354743548602,39.7621702828936
2015-10-11 10:00:00,11,186.912655687914,513.840887554985,103.907728635102,45.7524895365192
2015-08-04 23:00:00,11,187.556543099162,455.724653680269,89.7520505535896,46.4847212761673
2015-02-03 03:00:00,11,194.949406147863,422.555297943451,97.8581983223886,39.3093434447346
2015-06-22 06:00:00,11,177.476231502967,479.204046531214,94.4523234028706,42.335775073068
2015-10-27 10:00:00,11,178.457060530699,504.85820314743,89.8565611970436,40.6302345935444
2015-07-16 17:00:00,11,145.374778484296,511.052946194193,113.155877667342,32.9776056292998
2015-07-29 01:00:00,11,160.500500230014,451.310076164763,100.095514213569,48.8687081595624
2015-05-14 01:00:00,11,189.033805943248,452.920171939981,109.488714580694,51.4746876392337
2015-10-12 20:00:00,11,173.498366173181,466.833874065892,107.75058246755,42.0268229911674
2015-10-21 04:00:00,11,175.717554092026,427.322811760743,84.1648732575518,37.3015403097332
2015-06-10 11:00:00,11,200.976340071413,440.09595876077,95.8039215018906,41.11906389197
2015-09-26 17:00:00,11,143.478583428113,407.271514615762,100.489182227295,43.2807395954937
2015-09-22 06:00:00,11,173.340779279163,473.801375549789,95.5169042532011,37.78757360641
2015-09-22 14:00:00,11,152.693924340985,475.684363259573,99.7679616640976,42.336866512818
2015-07-01 09:00:00,11,148.249360323732,424.214868495768,108.626995514384,45.5703630010749
2015-03-21 14:00:00,11,159.463675047557,440.468368249042,110.41133844267,43.7221060329208
2015-09-13 14:00:00,11,194.557344716845,414.63868649264,105.883721364674,35.8574682157587
2015-10-21 08:00:00,11,159.02066781546,477.724877310619,91.5748844280167,44.4106335215419
2015-04-14 02:00:00,11,168.942497270744,492.867324178439,95.370258291809,36.040692975682
2015-05-25 03:00:00,11,177.27073807805,438.88859485966,105.469783264565,48.57810762129
2015-12-02 07:00:00,11,172.768646630258,441.247187162688,94.4363491098369,47.87682629814
2015-01-15 02:00:00,11,157.581556376652,489.659317183893,86.5840194036224,35.408188519103
2015-09-27 15:00:00,11,177.30600618526,431.965957782983,99.463476892395,41.4450927727206
2015-08-06 12:00:00,11,174.382806397113,449.214577494377,85.6132372626678,41.0054368668501
2015-06-07 04:00:00,11,175.327324879074,320.790582334255,91.8791763165392,35.9969460934262
2015-09-26 02:00:00,11,165.905086563838,367.715369185409,104.579155652261,39.4487289216422
2015-12-18 04:00:00,11,149.872973404263,454.991636886097,98.3481928831127,41.5854716035041
2015-05-25 07:00:00,11,161.201155912521,499.09670733143,87.745241351444,49.6129875662859
2015-08-24 15:00:00,11,201.553334833983,458.916326420898,111.017567405404,39.6813130655652
2015-05-08 11:00:00,11,178.329558390031,488.593760205878,108.077721728,36.0059608942455
2015-08-11 19:00:00,11,202.282779877597,431.651822797321,111.115131206182,39.9241814391707
2015-01-15 03:00:00,11,186.298148874849,534.721767135547,86.7063165938905,38.6474707138115
2015-09-02 02:00:00,11,177.274582371262,524.471418673766,88.928057852588,47.671569193897
2015-08-15 10:00:00,11,169.098508469927,419.234233264277,109.257804209262,44.56592924337
2015-12-06 09:00:00,11,153.032318519087,402.9538023672,112.401219169089,41.7322314929853
2015-05-07 20:00:00,11,178.365900634092,543.498614013168,104.70657096912,36.4464282253142
2015-11-11 22:00:00,11,193.405890147988,491.488963058373,99.7436194765589,36.9454398483013
2015-03-04 08:00:00,11,180.057502007159,450.86189217374,86.7334329470755,48.3789609826498
2015-10-07 07:00:00,11,193.24948740298,399.956808785781,97.171141200542,38.3361181341502
2015-08-08 19:00:00,11,157.509661531987,416.97929562124,106.650258866306,38.2017434679807
2015-02-10 20:00:00,11,184.83520460414,430.376648316095,111.876990749641,39.8401980180896
2015-10-18 13:00:00,11,154.733189918088,423.019376497613,81.4820962116734,37.9110974260617
2015-12-14 12:00:00,11,171.621076129356,349.87468852823,139.54744207927,51.4477622850079
2015-09-27 10:00:00,11,158.380676756821,421.488124530146,91.8131130465063,43.8054518042752
2015-04-11 20:00:00,11,176.173987085014,461.611678447324,86.3114018900194,49.1052465062862
2015-03-06 13:00:00,11,166.258414356994,457.10245350121,109.294852248695,48.146296009639
2015-12-31 04:00:00,11,158.875994150184,385.950046184845,102.773422525053,40.1135482330973
2015-06-17 19:00:00,11,171.705528995356,439.412045302798,90.749711030155,45.8861723078167
2015-09-14 15:00:00,11,178.84416090665,461.573635322946,111.071855850738,34.5363806650197
2015-12-30 17:00:00,11,155.026035763576,521.238134125319,114.052136214125,47.0346919719188
2015-06-14 14:00:00,11,185.480585701532,432.304588326713,89.800707220077,42.1385481122484
2015-05-10 16:00:00,11,147.616331898157,402.847486094244,98.0952173272538,42.8665816040933
2015-12-18 21:00:00,11,182.443112103101,467.967973807079,109.236543939409,45.034421620646
2015-06-28 03:00:00,11,189.634394071685,459.42043991038,95.7568900804896,42.5100050144879
2015-06-16 07:00:00,11,175.19366625454,457.706404281548,107.915213695188,39.7332852376954
2015-03-25 10:00:00,11,175.174651925776,421.252441065083,89.8087452233864,33.1326544453049
2015-04-03 03:00:00,11,192.998477845222,460.176215185505,104.131036248312,48.4691750084486
2015-08-02 18:00:00,11,155.558220138974,452.389223904981,96.745355394089,38.7975035828734
2015-07-24 18:00:00,11,163.688035398678,392.409237308366,99.7837240444629,34.838464257282
2015-05-17 23:00:00,11,174.942323516304,504.50927488733,107.531260702109,38.2581962082921
2015-06-13 18:00:00,11,177.499924649422,486.793430743902,88.9992946693835,50.787976469331
2015-08-09 00:00:00,11,180.171507704062,332.045801730653,90.2858561123014,38.9905067406007
2015-02-15 21:00:00,11,210.13205437774,394.697199983242,105.174443784056,41.3131216889176
2015-03-01 05:00:00,11,160.925127668491,461.907819798867,100.004874574099,34.6815892261292
2015-11-02 21:00:00,11,193.155090604863,502.791954771546,96.586759473487,38.0420161191694
2015-04-29 12:00:00,11,163.830243772218,464.211172937876,82.9020252460246,54.1536337477541
2015-08-09 17:00:00,11,166.608709833294,454.498261459682,93.8332384072034,38.7623964025098
2015-01-26 20:00:00,11,164.757133046571,351.76667961887,96.491564596426,45.3492310607021
2015-12-01 02:00:00,11,170.890347391412,480.702240300239,93.7319238960019,43.5814343712364
2015-05-16 12:00:00,11,158.383934982996,475.134156164442,103.369882315296,42.0964430929317
2015-05-19 18:00:00,11,152.967294806194,482.343990211693,77.4379537122515,51.5521324491068
2015-01-01 15:00:00,11,177.754002581752,444.96380496596,80.9225567488324,37.1910986484146
2015-11-20 04:00:00,11,164.900485584995,524.743279066467,121.893656740483,47.7325842915516
2015-12-02 04:00:00,11,159.264521836868,415.083918024424,97.5196440431972,47.3976862402292
2015-08-25 20:00:00,11,180.287074740204,415.821071572532,106.365084715606,45.8157095216949
2015-11-04 10:00:00,11,145.488843358698,512.8252932702,92.0646789179231,41.7042919542783
2015-12-11 03:00:00,11,181.97515906394,475.855177979273,95.2780615965558,38.9954700121481
2015-02-28 06:00:00,11,166.321319476801,493.541910057875,103.997809835167,43.1842396462704
2015-05-30 21:00:00,11,155.363970846938,409.598406348115,93.1927111643768,40.6844605219167
2015-08-30 18:00:00,11,177.765570241792,459.72783981572,96.7563785560939,33.7584947368473
2015-06-04 15:00:00,11,165.134017507592,446.958727760491,74.6665699480691,45.5801984683217
2015-02-23 11:00:00,11,211.910570903053,456.479658483691,114.420033313981,38.8054105550899
2015-10-27 19:00:00,11,152.122660638705,479.287012511562,90.0100031530955,39.7463671573811
2015-11-05 08:00:00,11,164.854839996934,483.798642233866,93.7834860219341,30.9064090704665
2015-04-30 19:00:00,11,181.153370542052,519.629637606517,82.5052453862565,47.9320356120667
2015-10-09 23:00:00,11,175.9097674741,481.714428774578,100.457885038719,37.760030588076
2015-05-06 21:00:00,11,176.742289066205,483.983930962521,99.2423186815261,34.7723848881916
2015-10-17 01:00:00,11,171.518251101178,495.876260005315,107.169802212779,48.2223742404274
2015-10-07 22:00:00,11,161.38273634751,429.146590905717,105.762235904437,45.5293931836689
2015-01-16 14:00:00,11,171.892616400954,373.703576571979,99.5163103538881,39.3462697806053
2015-02-03 23:00:00,11,156.700016889755,403.819435572015,87.6809305449439,40.2512952184574
2015-03-23 07:00:00,11,171.376821012814,464.405636850031,104.738733735406,46.1693583162497
2015-02-27 07:00:00,11,191.614994536903,463.842576147136,90.629857267231,47.295185057586
2015-03-17 17:00:00,11,154.977360887707,491.891150674681,106.523143386649,36.9045495720805
2015-06-27 16:00:00,11,176.038382896323,447.062038539422,113.007488532766,38.5091427003631
2015-08-19 13:00:00,11,170.770703724919,465.660386031581,106.844641898947,42.1117629797106
2015-09-05 04:00:00,11,184.37166609486,390.81430330207,91.3412950247169,38.5106451148229
2015-12-19 17:00:00,11,114.107677369423,397.460021814148,89.6093347444057,38.396324091256
2015-02-24 11:00:00,11,198.213458482375,554.954319179571,100.240323025013,39.8306286969261
2015-10-12 00:00:00,11,148.917172879769,386.661636780631,93.3267596959527,45.0547952063398
2015-08-21 10:00:00,11,165.837130183592,421.374331634375,105.791848196357,51.9486586779616
2015-07-12 02:00:00,11,164.440089814544,419.2804881672,111.396963115367,40.4578289516573
2015-03-28 23:00:00,11,170.388731264292,465.90816396587,89.7379131700488,34.2926066781749
2015-04-20 15:00:00,11,135.616100143146,460.169806161775,112.179078603469,38.2782681766305
2015-10-03 21:00:00,11,165.936529524811,420.102345735988,134.504818307245,34.5851640831835
2015-06-08 07:00:00,11,152.779763647304,427.450058084615,90.8756985931055,38.4044608118628
2015-03-07 09:00:00,11,171.319834127621,465.963787981039,100.644384215404,47.1584995994855
2015-01-09 15:00:00,11,142.31217840987,465.44378509665,101.382138650691,35.7501082687733
2015-07-23 18:00:00,11,155.499558821283,510.723219172264,110.187614716074,45.2623249463997
2015-04-28 15:00:00,11,173.9339138075,431.018910863205,100.818966523932,51.3060680041337
2015-09-10 16:00:00,11,162.93527068106,490.276128918135,104.419467955272,38.1745458362048
2015-11-08 02:00:00,11,160.123104971863,432.010776764754,104.451226882184,35.9484287673149
2015-12-05 14:00:00,11,178.294172745319,515.389479511214,92.6150584210863,41.7495846729704
2015-08-11 00:00:00,11,183.382904142566,481.49975825728,108.402935412889,43.2917752504976
2015-08-12 01:00:00,11,153.816435238513,451.148123122579,105.309775829064,38.1934895058142
2015-05-23 03:00:00,11,186.815250397976,459.483750700018,95.2169715095462,38.7043863993571
2015-09-17 18:00:00,11,189.710537654492,358.376839278187,97.0531455271351,31.4577799254504
2015-07-08 11:00:00,11,177.75452330887,512.513501710886,108.514587305681,60.443221682742
2015-04-12 15:00:00,11,145.534596216817,557.93887525795,90.9791229118061,40.7069897344398
2015-03-04 12:00:00,11,164.889769282432,419.681729894477,90.9700414851725,39.5043326407243
2015-02-20 04:00:00,11,159.499083196032,463.39808503828,112.77887305411,46.6179487813789
2015-06-24 06:00:00,11,147.233797207651,495.860160171978,98.5632411478602,44.2166231238897
2015-02-07 02:00:00,11,193.497814655764,579.698200394438,106.730035376437,43.5233591331516
2015-11-14 06:00:00,11,171.447805493866,441.113889205503,120.002739033945,31.1644636352917
2015-09-11 12:00:00,11,173.25932807187,408.963276438462,106.367511099501,35.5829296715271
2015-04-10 05:00:00,11,171.669393425178,451.829987123954,95.8404498787068,36.7194564628782
2015-11-05 21:00:00,11,161.918097957962,501.972103681744,82.7570602195939,37.2988316601362
2015-04-04 23:00:00,11,190.242524562052,459.009426208465,102.485353800433,37.0429356485362
2015-04-17 09:00:00,11,163.253150896541,453.806901444298,86.3254480866853,35.8821806229901
2015-06-03 04:00:00,11,172.780663578167,439.499628238574,97.4531829210581,37.5542387294735
2015-01-31 16:00:00,11,159.195222837166,318.946376592985,77.7000358807064,32.3631790055985
2015-06-16 08:00:00,11,172.509029104454,376.36550341022,107.006369368229,49.5188294770692
2015-01-22 14:00:00,11,186.226124971105,323.879828102781,119.175650909248,31.1406543705577
2015-02-11 04:00:00,11,160.604476196331,393.685008327545,94.1446762030637,34.3010758203775
2015-02-10 00:00:00,11,160.336173926637,550.708986363375,101.152225848317,25.246096986014
2015-10-04 00:00:00,11,160.011289633122,403.234598345966,78.3005665273433,39.9464941885437
2015-05-01 12:00:00,11,193.535782184209,426.269082891002,109.611443546548,31.1912632020245
2015-08-10 00:00:00,11,188.587338743714,463.5823298722,88.1402590021023,48.4437066219422
2015-06-24 07:00:00,11,171.34860953865,412.423207418163,90.7717605182895,33.9456578412357
2015-03-28 20:00:00,11,159.58730110652,461.606701506444,95.9504257523456,42.0751580010808
2015-06-05 00:00:00,11,189.717202041502,388.16107383109,101.117271235311,36.0265345669267
2015-09-04 10:00:00,11,197.239028518314,436.96696838394,112.769052696447,34.0742734437746
2015-03-29 13:00:00,11,204.820992066903,404.312554465364,90.8093971938141,46.0381532382582
2015-10-26 10:00:00,11,181.601451290587,438.956961107823,78.1810356840051,37.5398960108376
2015-09-08 01:00:00,11,167.4279233882,438.57436221121,112.481613037484,37.8304454237159
2015-01-01 06:00:00,11,164.039258919931,389.69957660777,113.61997542331,29.7751085314272
2015-05-21 07:00:00,11,160.5229086346,476.941112573696,102.250486291183,37.6119052410452
2015-01-26 23:00:00,11,183.464234634949,446.575480659185,108.444149769976,34.7582274645003
2015-08-26 20:00:00,11,162.256403578446,485.751140508804,104.198937659251,36.3914890228237
2015-04-27 11:00:00,11,172.737261381025,531.489905264296,112.010603412391,41.420929562793
2015-12-10 20:00:00,11,182.509090829107,381.009917296527,99.204784919447,40.2262358647047
2015-06-28 13:00:00,11,173.401239906282,548.091442683423,109.254366456934,42.6794639243672
2015-06-16 05:00:00,11,150.365070457988,452.408960383744,112.298737418241,33.170005321571
2015-02-28 17:00:00,11,176.561753652884,435.26004945731,102.973085687475,49.2708581995631
2015-10-30 10:00:00,11,160.591692717784,441.56532689123,108.264559629754,38.0775611499162
2015-10-16 22:00:00,11,180.30736809785,490.996483839513,104.229895771561,37.0982386337266
2015-06-19 12:00:00,11,171.707136550901,371.714945489726,93.4077764075954,35.0140750020064
2015-03-27 13:00:00,11,152.905386010813,379.394744589686,120.329933725276,51.1372658847709
2015-06-07 17:00:00,11,187.662037221845,318.337436794818,70.4682776180421,47.8206422672374
2015-02-28 12:00:00,11,181.174586874634,434.498504771634,103.817425849866,45.1691102939548
2015-04-25 17:00:00,11,138.097790345107,429.83609648228,97.5042540230216,43.105606194167
2015-04-24 12:00:00,11,163.558805590512,417.895283242006,117.863832904141,34.3881023673666
2015-09-03 22:00:00,11,156.038550900417,405.406786977346,93.8200368971284,34.9542343943901
2015-03-13 14:00:00,11,144.741010598857,443.862610286906,99.6721948195681,36.8118521642273
2015-06-04 20:00:00,11,190.659067967755,478.648809018871,119.195661623971,42.9932047131798
2015-02-13 05:00:00,11,165.178760478078,422.227983362717,89.6810996053932,33.1097971485083
2015-05-10 23:00:00,11,169.206885049587,409.933792068859,113.676846869306,37.1426843840482
2015-02-27 02:00:00,11,185.265334356776,400.042699892644,97.6293026787837,35.7127118636663
2015-01-21 12:00:00,11,192.400538620065,407.412816201378,98.732239243851,43.4959187460038
2015-09-27 07:00:00,11,168.208032209121,431.433484228129,111.322567959228,26.4091888539905
2015-06-02 03:00:00,11,146.897516919408,366.171530168359,101.396248779093,48.5109675157944
2015-03-29 01:00:00,11,169.702579431213,478.798870288872,92.6786471920028,47.842042357171
2015-08-22 20:00:00,11,173.491769340742,536.529758525632,112.464418212652,46.2592923167018
2015-06-11 11:00:00,11,152.048591095941,428.590525560704,96.7131309624546,40.9928729097998
2015-11-15 05:00:00,11,160.525699238451,441.688791279021,94.4181527939271,27.3344119264138
2015-10-29 14:00:00,11,153.189751130577,513.624742577354,98.5345785565611,42.3008019370179
2015-01-15 16:00:00,11,181.901779167176,408.682910802632,109.816006016129,46.2896382994908
2015-06-15 14:00:00,11,179.86241898863,546.231998403513,111.684026058661,45.5204147155648
2015-10-18 15:00:00,11,181.92799417111,424.769935419325,107.795705918897,39.6288387481978
2015-07-15 11:00:00,11,164.053573121337,434.531234416928,105.310460511856,44.2952362316439
2015-03-24 14:00:00,11,171.152811182455,426.562670213328,85.368003570683,35.2836641866355
2015-04-14 03:00:00,11,167.900770773738,448.941104998757,107.272001435386,36.0842048919896
2015-08-29 23:00:00,11,187.432410414113,503.094481110251,90.8940389564653,36.7506715520076
2015-05-13 02:00:00,11,194.168761960233,443.84283842141,100.322258411628,39.7016044343222
2015-07-03 02:00:00,11,183.426703211454,551.340593447768,98.2844175492445,37.2989396421537
2015-10-19 05:00:00,11,175.277545592992,469.037108109081,106.068531109314,40.4172165179121
2015-07-27 08:00:00,11,173.204788877008,477.038107120821,95.6933501894301,44.6287887659222
2015-12-06 21:00:00,11,177.625140058241,519.348697736106,116.739121699029,33.8857928170703
2015-12-23 10:00:00,11,161.599600907053,479.872835960031,105.414451146041,40.3721341939331
2015-06-02 11:00:00,11,173.618689783622,490.289272777351,107.84393358744,46.9995264860559
2015-06-28 08:00:00,11,173.854074872545,474.878225430539,101.519139889505,43.0383373470669
2015-02-26 15:00:00,11,163.812821271281,382.728085354659,96.0701256126506,39.57958626897
2015-07-17 15:00:00,11,173.848056799949,437.272588660224,105.017853119898,37.6420871105503
2015-02-13 21:00:00,11,193.023008675644,421.389931148352,94.8222041869549,45.3166622377779
2015-01-22 23:00:00,11,148.266368081849,437.552909127175,94.3393175927284,39.2971813708735
2015-01-30 12:00:00,11,194.242010017507,450.504762158658,110.918242699066,44.8401545742315
2015-09-14 16:00:00,11,156.187322109992,482.418687275628,102.740572873524,38.7817307789098
2015-11-22 05:00:00,11,151.845790412161,412.56866506998,137.642797873266,44.8989769627923
2015-09-10 04:00:00,11,174.410237910398,440.246528192799,96.1245664478581,40.3549994453944
2015-07-03 15:00:00,11,181.438798256056,474.511560653242,93.3731992263037,42.2061841025543
2015-06-03 19:00:00,11,149.992275564543,432.056569587161,113.150938781753,40.8220656252334
2015-04-16 09:00:00,11,167.809889916181,431.681115232649,77.4959558739736,38.7726012720693
2015-10-24 15:00:00,11,168.477835143502,388.140797375303,96.7247468545439,32.5117358361693
2015-03-02 19:00:00,11,177.036325459221,374.651355018171,96.7224519418072,40.4108541572912
2015-11-09 07:00:00,11,189.639700371821,461.368792601502,100.881318568853,43.7274115107837
2015-07-04 18:00:00,11,168.761609983841,372.65008912077,94.1562478402004,39.3671662834244
2015-01-08 01:00:00,11,139.906259744022,378.954858184616,104.606638364313,32.8418231004885
2015-05-10 13:00:00,11,151.815202351357,467.774141146438,114.718880734202,41.0918920018737
2015-11-18 03:00:00,11,197.378371032687,501.655083529602,104.450069282734,44.6129355929716
2015-07-15 15:00:00,11,170.740725674291,399.790530929162,91.1892369544449,38.9451994236087
2015-01-13 03:00:00,11,158.476033220932,413.517694056759,108.529570365412,36.7527683377111
2015-07-11 01:00:00,11,146.719420306822,512.861810451104,87.758128647519,48.6559548683235
2015-06-02 19:00:00,11,149.324543536655,435.522835771767,98.2781987623752,44.6383601005978
2015-08-07 19:00:00,11,184.833341886812,376.751460726688,111.383413532441,31.4217664448701
2015-08-01 23:00:00,11,171.821092261196,366.202680714756,90.6877286560127,39.2713487727905
2015-06-30 09:00:00,11,176.776877969573,411.808692945999,95.6552227520514,35.1755132858359
2015-08-22 02:00:00,11,157.444404040141,353.709514345698,86.5945137004224,39.2464977552013
2015-07-16 05:00:00,11,168.923853794874,412.449576139904,82.2976586150448,31.3938971653279
2015-09-02 03:00:00,11,175.483222665563,433.972103701796,105.62558884352,48.3712747225805
2015-09-09 02:00:00,11,200.059447352043,412.087337418653,98.4224498525061,41.0232295196633
2015-09-09 21:00:00,11,166.822113378024,444.799940379027,87.1437143303222,37.3406114647721
2015-01-14 00:00:00,11,156.666208999483,495.88401164816,93.7445263040969,43.2694075592165
2015-11-29 01:00:00,11,175.548271975549,453.186627357767,103.314724149958,36.4960573842464
2015-03-21 19:00:00,11,159.476883537351,481.244678411965,101.534285073058,50.7273668416243
2015-07-11 05:00:00,11,159.235434126463,508.425669076363,85.1448148892797,34.4743148440881
2015-12-31 22:00:00,11,179.470801630434,534.317501029594,97.9406681967688,42.4612228319943
2015-05-03 00:00:00,11,161.599411733546,408.656683343529,102.207667779402,30.6815516828311
2015-02-04 04:00:00,11,167.720599562619,410.884711100581,99.0828650391515,43.5840106418616
2015-07-07 00:00:00,11,151.169092790252,521.083055901164,102.067455044656,53.5656064256409
2015-11-25 21:00:00,11,177.583173059184,529.103296142312,102.566852474329,43.8455591945196
2015-10-28 07:00:00,11,131.171804166356,439.649201678919,108.188562571343,43.552865084305
2015-03-26 21:00:00,11,167.236892589982,444.032589141527,123.548752973624,33.4615487212958
2015-11-29 04:00:00,11,163.543515711115,385.266377987155,109.042509234334,35.7401966813138
2015-05-01 02:00:00,11,160.960570005873,368.734003024478,98.0274666844301,43.8204099987244
2015-07-06 04:00:00,11,181.311260189049,467.019060680173,117.807026315152,34.9744880104605
2015-12-15 11:00:00,11,183.733809833557,405.697271795323,119.684990352069,43.9833645107478
2015-09-09 03:00:00,11,154.546203559259,500.881522186358,92.1167270076447,25.5156056835254
2015-08-14 21:00:00,11,184.604373928631,372.624054141392,113.141476575598,42.2275356824375
2015-05-01 08:00:00,11,195.997457181111,447.508815585098,89.9851836652512,38.5695503026681
2015-01-01 13:00:00,11,190.724128839117,441.605221754681,106.94437048768,34.9570432016624
2015-05-01 03:00:00,11,180.072701910428,390.799424165495,104.895943715469,35.6303303310904
2015-03-26 07:00:00,11,155.576454581237,405.750667564617,107.379356667653,46.3194556497532
2015-11-14 23:00:00,11,169.702860380684,457.903650878961,100.802612732482,28.7641431092389
2015-10-23 04:00:00,11,143.446553082743,348.594904841688,94.7861157766243,33.1881893125182
2015-01-19 23:00:00,11,158.454359092941,390.93116392937,113.637745374802,38.6920071255524
2015-10-14 00:00:00,11,168.051728397106,423.374869519676,102.316885744994,39.8404389687092
2015-06-06 02:00:00,11,139.656674296421,479.566771746139,110.478963162533,48.1883244091105
2015-07-27 02:00:00,11,158.782114080656,500.781056893366,108.7873955819,35.2751329581032
2015-12-17 19:00:00,11,165.72792587113,437.969147440746,98.6625511361942,34.6197220022691
2015-06-04 21:00:00,11,152.469444179982,430.242103207837,110.766642908409,45.2393196686144
2015-06-12 14:00:00,11,143.578467264571,516.332484846312,96.9706552149182,38.0240948188123
2015-01-21 05:00:00,11,161.638024174502,354.042647155071,98.4548332854834,42.5948417214333
2015-02-02 04:00:00,11,170.194363330999,404.947636096064,113.701985118659,38.2604387985531
2015-05-04 15:00:00,11,172.012865472561,292.46137964624,111.288734673997,45.9815476402295
2015-03-27 19:00:00,11,150.294577137253,400.065363507961,104.703613817944,35.1667884165323
2015-05-22 08:00:00,11,173.318315981585,430.300896413796,96.6880963843728,40.8150979519267
2015-12-23 05:00:00,11,164.779383580001,383.484488073165,100.460525912606,36.8466100193517
2015-07-26 10:00:00,11,175.177310182638,448.394783321588,105.112304790185,38.2931551053574
2015-11-02 14:00:00,11,137.087400297984,483.489761966728,117.770670328611,44.016698593616
2015-08-02 11:00:00,11,173.381127360171,469.489043520595,87.4602739649255,38.8564533830698
2015-07-10 00:00:00,11,174.480760401808,465.133420104375,103.15857413438,46.8872644558306
2015-07-15 09:00:00,11,168.273909205243,442.84831413707,86.9171935885263,38.4889396074171
2015-09-20 19:00:00,11,179.057129653004,432.554049879191,114.691385727988,47.5053607194541
2015-11-02 12:00:00,11,158.31764346523,525.686350686065,109.451814253499,42.9253096416794
2015-07-14 16:00:00,11,175.100964877415,376.58020428143,111.178559097058,40.2600616621492
2015-07-15 22:00:00,11,183.529175823137,483.585515117318,98.6761020557711,44.9786998545831
2015-03-07 07:00:00,11,173.334441296572,439.694645007888,96.0295794231507,31.1046792271061
2015-12-04 19:00:00,11,162.733960249855,386.26199577652,109.119996100755,53.7350083002694
2015-08-17 14:00:00,11,171.404834022013,507.866942533997,85.480294283724,38.4769119043612
2015-08-20 19:00:00,11,203.589110945778,395.619400093791,102.182840207908,35.5735305552528
2015-11-06 06:00:00,11,181.750622661742,472.393010416593,91.9788389221345,41.2794218129847
2015-12-13 03:00:00,11,155.540850996943,424.809917375221,110.328236746529,52.6315089100308
2015-01-29 17:00:00,11,139.579034377041,351.045765763751,107.61643623892,41.4940449668497
2015-05-04 23:00:00,11,163.100750814165,373.123136105429,110.721109725557,38.6771899674533
2015-11-24 11:00:00,11,160.16790209417,325.95121974149,116.535541670317,30.472944832526
2015-04-03 15:00:00,11,176.972417669247,434.23065484861,107.948709975848,42.2086138413319
2015-08-15 20:00:00,11,146.077053078601,459.288073392791,89.7536063684662,40.2753101057622
2015-04-21 08:00:00,11,161.784502087531,415.94120146962,83.4838830036932,38.7802933217896
2015-06-28 07:00:00,11,164.232461427122,395.100411243804,118.667909930802,42.2805354812211
2015-02-13 08:00:00,11,160.44929879516,414.283073889945,112.666797287716,39.7615863547016
2015-01-22 04:00:00,11,171.490495063544,370.012542215678,118.692991630092,45.843749067812
2015-11-03 08:00:00,11,166.628942186906,334.463168724568,98.82444673328,38.2244777077227
2015-05-03 08:00:00,11,174.566158833491,565.106131785799,95.5113411468155,49.7264827348098
2015-02-25 18:00:00,11,175.804953297908,465.743770019366,84.0946306852655,40.3046524675754
2015-09-20 14:00:00,11,175.098022386075,537.217711438119,117.326863532617,38.2682301054396
2015-11-26 20:00:00,11,191.053754277068,421.055778655832,85.4969457957105,42.8730328252766
2015-03-12 17:00:00,11,152.471642194078,451.512057225721,99.2936890180203,51.6955535789207
2015-02-20 07:00:00,11,175.412994584985,505.273957059084,89.9114343528134,35.8576808796529
2015-12-02 18:00:00,11,172.404426002893,405.016738289106,108.787426874788,34.9142931274995
2015-06-22 11:00:00,11,185.173575777842,375.887535178273,106.391447956618,37.6911395855809
2015-10-25 14:00:00,11,179.483117181179,440.502933753495,101.231740609856,33.7760670873881
2015-12-17 04:00:00,11,180.419613447569,422.255363805792,103.46108215732,30.5996219141286
2015-05-03 17:00:00,11,153.543974801946,360.459277653505,92.265287358649,43.7938271827128
2015-07-15 03:00:00,11,194.265948531969,499.4768621117,93.362767211627,40.6536672911113
2015-12-21 09:00:00,11,177.926626900327,451.65115280467,96.00323705637,43.5015647587639
2015-06-25 20:00:00,11,152.75349438427,412.601632648567,117.109055585897,40.0195292765258
2015-04-20 17:00:00,11,148.707574440879,462.268336178798,90.0946508382521,38.3165192491066
2015-04-03 10:00:00,11,175.47524159097,359.827508998228,102.818628307322,35.8386169161126
2015-10-15 06:00:00,11,163.003017673545,454.715051906181,124.702966467855,39.0232343269737
2015-08-20 14:00:00,11,162.845523381513,410.742520631283,88.5550542028375,29.6908694001517
2015-03-12 22:00:00,11,173.333028706064,375.052478926997,101.735924954809,34.9418749962202
2015-05-22 23:00:00,11,157.214716143993,485.839777280154,114.678779555291,31.161119506368
2015-07-13 02:00:00,11,159.550817424112,434.037319689614,95.4584485554869,42.6621397921306
2015-05-10 04:00:00,11,177.467394264148,426.764872276466,98.1583969982211,44.9088720475487
2015-02-25 19:00:00,11,190.671053158384,397.494769252562,82.9586212465393,38.9659802346409
2015-06-19 14:00:00,11,152.78539098247,424.822225406271,105.896451089186,34.9992768189825
2015-12-16 07:00:00,11,185.266725612457,466.495840723074,109.53125910189,40.4900934927791
2015-08-11 11:00:00,11,161.981244871964,464.046474146312,96.3166574846611,40.2807812978066
2015-06-25 13:00:00,11,172.311466250446,511.144054193457,93.2529713731058,43.8824266256154
2015-04-06 11:00:00,11,150.17012930523,499.408359448572,113.52730380244,30.0809173309914
2015-02-07 09:00:00,11,163.822735369068,310.906596405326,103.44384953796,35.0387679486652
2015-12-21 21:00:00,11,180.265826156024,371.895121339854,101.215872752812,36.4325147888724
2015-12-28 10:00:00,11,149.128089853991,535.592085016062,154.678106245408,46.9983410990128
2015-07-20 01:00:00,11,164.814453484627,437.936310853815,95.7434301019309,39.9896525445268
2015-05-10 21:00:00,11,209.099105673848,435.208933535607,108.403471990691,34.8899118197646
2015-10-02 10:00:00,11,170.136258766984,486.063081233899,104.965942842786,40.291727722452
2015-05-29 11:00:00,11,158.667076053329,485.37384308697,108.074976479642,40.5013943283118
2015-03-08 01:00:00,11,179.899349388219,528.629246578879,107.777151361618,36.691648310965
2015-04-01 16:00:00,11,192.342856063783,430.528526473172,111.991552741677,38.876161795173
2015-09-26 13:00:00,11,161.814761050349,567.829939941693,101.531215966849,37.6112354068009
2015-09-11 14:00:00,11,186.074018868292,409.191940949147,99.2810375330805,32.7488753787102
2015-01-25 10:00:00,11,158.554673783129,529.602766571517,100.393773560568,37.1967385003036
2015-10-29 21:00:00,11,162.716869788623,451.077970108457,87.889990423145,37.0758749388227
2015-10-30 16:00:00,11,165.059851347367,593.864959870326,99.3289019202096,49.8679707899822
2015-11-14 18:00:00,11,177.536045958933,481.244291768531,114.579258521011,38.5794797257224
2015-10-08 09:00:00,11,157.479875846461,466.448357354065,89.423884407577,37.2494163591173
2015-08-05 04:00:00,11,168.514877128766,400.03483878136,84.5949552288205,33.402381352569
2015-02-27 11:00:00,11,175.724557645697,425.353120377861,110.284198518552,36.9736601712707
2015-01-02 05:00:00,11,189.762132240932,494.550639285815,107.366809450407,38.4561586615019
2015-12-19 16:00:00,11,188.818135079564,512.070945235763,107.407961203277,37.5516930791264
2015-12-08 12:00:00,11,178.630382262652,458.080206392072,99.5507689790965,41.0796395523274
2015-12-26 11:00:00,11,169.421077984854,453.924372189414,95.664496104146,44.8450747166598
2015-10-26 09:00:00,11,146.659940280275,479.565885754612,105.977461474536,35.1144935298395
2015-08-02 20:00:00,11,169.831565960277,476.7161717517,90.3944377471373,38.1868836660664
2015-01-22 18:00:00,11,149.601242401651,317.088171451984,99.3504982307161,40.9812503440979
2015-08-19 20:00:00,11,168.555926540476,480.271343831675,100.801234150219,40.7258898780941
2015-12-14 06:00:00,11,189.696509134272,377.831185256171,122.252760661122,45.7157329736295
2015-10-14 09:00:00,11,164.239109429152,453.954582411712,86.3349540576462,46.3638468353815
2015-10-26 23:00:00,11,183.267002407681,478.743074572382,86.9187057633441,36.5493629438978
2015-03-17 19:00:00,11,194.961075380968,498.287730371269,101.703682293431,38.0130440053367
2015-07-19 02:00:00,11,164.243826749762,513.626805333546,114.252964973837,36.9404995710905
2015-02-14 17:00:00,11,158.910573485297,507.677997947933,104.747081630791,35.7235198030175
2015-10-24 09:00:00,11,153.475237463406,520.447097301823,96.7859593158874,37.1372681199593
2015-05-28 14:00:00,11,168.902129360381,417.374084743019,97.1316968730598,35.8282812517671
2015-05-13 15:00:00,11,166.822508120685,457.356053792332,87.0803414176129,39.3354803267852
2015-09-19 05:00:00,11,156.740239193401,363.681471685809,105.826871367428,37.4740207488442
2015-12-16 12:00:00,11,173.787652903675,426.134190809831,99.0402874962668,37.0491535072055
2015-06-05 18:00:00,11,168.737395208839,400.326006070218,118.435368666629,34.7152758396033
2015-10-28 23:00:00,11,174.721735626294,379.24718758022,98.3258488746987,41.8692615054769
2015-06-02 01:00:00,11,135.505889976414,356.187689166146,114.113760465523,35.5917439452002
2015-09-08 17:00:00,11,163.451537402657,481.383957607812,81.8523902034825,40.6577170225359
2015-11-27 14:00:00,11,190.021610703926,313.153984323989,94.8186898997686,38.1006473231464
2015-04-18 06:00:00,11,171.670260560601,371.486630720145,127.728832731805,47.5685226435337
2015-01-08 21:00:00,11,161.29251969315,354.602954981974,95.0107182692212,46.4646482730774
2015-01-18 12:00:00,11,140.705376368938,352.260940808461,106.196263254408,42.1719289814405
2015-08-21 18:00:00,11,185.417294447527,451.214112509237,103.745756981353,47.2564497245442
2015-08-31 08:00:00,11,183.434186815071,385.600778171387,102.373378117883,35.3198364143286
2015-06-17 07:00:00,11,190.735481837877,502.430916404498,97.1340393069516,35.2324056353913
2015-05-09 12:00:00,11,131.414203573463,538.943568123765,88.4719271333093,40.7253011082265
2015-08-12 00:00:00,11,165.356852228925,500.791793000703,87.0460031167017,35.9354460063531
2015-05-29 22:00:00,11,158.993768078423,513.829938557781,107.792138710405,40.9195875374318
2015-01-16 09:00:00,11,172.326824963036,417.802061433486,99.3756627579109,45.3679798644102
2015-01-28 02:00:00,11,146.92038032703,357.346519956335,142.658332754174,40.8936787979792
2015-02-02 00:00:00,11,194.179338597874,381.552855589696,95.4284643936296,33.8713028057378
2015-04-01 12:00:00,11,163.02996646762,486.364121410926,104.713519753962,47.4529035093438
2015-01-11 04:00:00,11,155.457866394818,396.099546742933,98.7036467784106,35.1079094214141
2015-03-25 05:00:00,11,184.982557121625,457.070374440739,103.943252916872,39.8667167766952
2015-02-11 22:00:00,11,160.619652825117,493.588539131026,110.018584413252,36.7282745958189
2015-11-30 01:00:00,11,188.234639225806,451.646370821082,102.184820872778,37.3903707450175
2015-08-17 02:00:00,11,190.978099393883,437.497935724602,109.312670620594,44.9579292818973
2015-09-27 19:00:00,11,161.071672342236,530.982940106795,114.424330564543,37.4539266849978
2015-07-09 13:00:00,11,169.449421769458,488.745495689533,91.1976514562934,47.8255721369777
2015-12-24 21:00:00,11,169.495098076389,453.424957591731,107.834620847697,39.2545083154527
2015-11-14 07:00:00,11,173.967603053403,537.791564498812,90.7831617665587,43.1974480467214
2015-03-16 14:00:00,11,163.658173614121,467.765607043951,108.750742667603,39.0118026027165
2015-12-05 08:00:00,11,153.038236650621,366.406678801845,114.130283575756,43.6092907055847
2015-09-23 22:00:00,11,184.867252964952,495.611417171814,93.3275740852762,32.6844758234907
2015-05-31 14:00:00,11,169.584890041114,518.631176652152,106.479684160909,29.0747865995336
2015-09-16 23:00:00,11,181.240239531727,492.27287187111,111.059825609827,37.2719699040425
2015-07-24 12:00:00,11,191.09789920663,424.286670522037,95.1258777337761,46.7084263842164
2015-07-28 16:00:00,11,169.507582746308,465.883871699617,86.4117000237538,46.9074595150065
2015-11-01 16:00:00,11,186.483972097836,505.003664926088,80.5731439599376,40.0595580595652
2015-02-15 09:00:00,11,200.130395468228,410.157441315481,88.8942553950825,46.0972407758552
2015-02-21 21:00:00,11,155.119876635149,438.949331499082,96.7876933125228,34.5057944188625
2015-04-03 19:00:00,11,184.114024456921,376.192625493817,78.3011209167377,44.9940276440257
2015-01-03 01:00:00,11,152.840578343659,454.96873807291,107.798902732915,44.1428463858985
2015-02-14 12:00:00,11,177.990565001747,376.334930559402,120.850123252592,50.6949179064775
2015-05-31 00:00:00,11,147.022441205997,371.457641397201,96.6245582364554,42.4346494258965
2015-07-16 15:00:00,11,175.864931544075,484.543525296282,112.181962831969,33.881556852628
2015-10-11 20:00:00,11,179.849229279676,467.110278632656,95.960015296467,38.3408936391059
2015-04-18 17:00:00,11,169.704365969042,370.410238410973,123.908099520229,60.8458163093983
2015-08-14 01:00:00,11,181.027758043464,420.456172408036,101.950708335271,39.6960122034954
2015-04-04 11:00:00,11,154.440041725636,484.947046718625,82.378701988645,41.0971991989088
2015-05-09 00:00:00,11,174.745805721495,403.155529856612,104.759536420793,45.7794032439999
2015-06-29 20:00:00,11,158.188172521986,555.319816705648,103.059884273274,34.4649610151245
2015-04-16 06:00:00,11,169.140168205835,501.606630754961,115.374147641652,46.3236835477436
2015-04-02 14:00:00,11,163.827705224395,389.601111510283,100.989441923067,37.370672605333
2015-10-14 12:00:00,11,171.925789064642,464.30851127174,108.851767011113,38.5217933291905
2015-08-03 20:00:00,11,186.341664446294,492.823076758514,104.116035931706,41.0060503370165
2015-10-29 08:00:00,11,186.855782079861,370.707193294424,95.6356793401592,45.5867930963632
2015-07-28 02:00:00,11,170.24595567107,446.873294374241,92.6996096170789,41.7306244582659
2015-12-15 10:00:00,11,151.75802899817,416.167066899385,118.092877503142,35.7546199604867
2015-01-13 02:00:00,11,175.333701589024,452.834484046066,90.8623280639072,40.0286256173298
2015-08-18 02:00:00,11,184.239248472436,439.611430647715,111.736788179001,41.5366468293913
2015-03-10 17:00:00,11,164.926047783228,414.72670189178,87.2732116472554,38.9454350503113
2015-06-01 17:00:00,11,187.294563682195,495.340485687451,109.569193554044,40.3155832820028
2015-12-03 20:00:00,11,178.666892743066,507.16924899811,97.0010227801498,49.7280831010875
2015-02-01 09:00:00,11,191.303352462782,346.436067817462,85.4268058635797,38.4162651413454
2015-09-02 18:00:00,11,169.880831388799,451.541616325677,110.528940951048,39.7915125354677
2015-01-10 23:00:00,11,154.230058644733,472.43882287854,90.9484332753196,39.4120199146325
2015-06-29 04:00:00,11,159.661127222147,368.761772083113,90.3428454731509,40.0801470483491
2015-04-04 16:00:00,11,173.18663091967,506.986202930555,96.031810900903,38.6611713244227
2015-08-02 09:00:00,11,201.45062130236,579.387124397667,93.1322910124678,42.3558598017262
2015-07-12 21:00:00,11,176.156595735634,439.025623674375,123.646554495161,42.7774595148786
2015-10-30 11:00:00,11,167.595457583189,458.156796945945,106.768933300289,41.8770003852908
2015-06-10 13:00:00,11,170.894054384919,538.676304600581,104.904600308578,35.8209671651945
2015-09-20 15:00:00,11,147.445183448169,425.34983762279,89.0360946627489,36.7438151125181
2015-05-29 19:00:00,11,185.885567577019,463.565007644407,92.9548487393727,50.8948463796531
2015-05-10 10:00:00,11,168.157025012449,497.585539661613,98.0734531184785,39.1817848333902
2015-05-24 23:00:00,11,170.701344152119,491.067754711265,110.056551015296,41.3804856461866
2015-08-11 21:00:00,11,196.529491041023,481.397803712722,105.902200796687,43.2672103419323
2015-09-22 18:00:00,11,141.700931807027,437.731021140499,88.8065672355198,36.7485518190445
2015-11-11 18:00:00,11,185.357462130206,487.670974461651,106.178617755928,41.1067972959837
2015-10-29 12:00:00,11,185.486972439804,451.882316592287,85.677177031243,47.3870660202953
2015-03-31 21:00:00,11,203.099201402439,404.792551684948,90.8481963137796,42.9614955023812
2015-08-21 00:00:00,11,184.412661255802,546.005141631655,108.486960843116,44.6968029809584
2015-08-01 21:00:00,11,158.224221582583,487.907477545174,102.54556022509,40.6698394288952
2015-11-11 07:00:00,11,156.80054782182,357.224033077744,107.981465484926,43.6573207190053
2015-05-30 04:00:00,11,178.774638223556,517.100205255544,100.601540054828,38.4756457128577
2015-09-11 20:00:00,11,177.937862490574,424.319383370963,99.3811666538041,32.7381697182965
2015-02-16 10:00:00,11,181.775175751569,453.1460910887,98.5753443584912,40.7290820498407
2015-01-20 05:00:00,11,175.401816825007,392.047628030093,110.141361130489,36.6244129242296
2015-01-27 17:00:00,11,189.764159596925,507.534309008822,127.852335916285,38.1220750889485
2015-03-22 08:00:00,11,184.873064876749,457.241818917685,94.1335361573813,41.2317477934238
2015-09-24 00:00:00,11,167.886411393751,455.957939000566,103.091409701147,45.5120813798959
2015-09-30 20:00:00,11,150.396068821859,459.80316484569,124.566366556459,35.954720610845
2015-02-12 13:00:00,11,195.888194764945,409.972262029182,104.961995914812,40.4527938307394
2015-11-05 03:00:00,11,174.019244619526,446.777947858566,98.9110241675396,36.2735849314116
2015-08-07 18:00:00,11,176.232624857727,465.5000673861,107.485697329193,40.1925676190442
2015-12-26 07:00:00,11,207.48380116618,423.204164316657,88.9444370301191,48.0644389657593
2015-07-06 20:00:00,11,188.300618401679,402.282389865683,99.3360172144849,42.4317071963434
2015-03-01 02:00:00,11,164.198456166998,446.458459265727,100.041474234472,35.4052857012385
2015-10-30 08:00:00,11,150.369168594156,470.795915020296,100.476301270642,52.7378815205256
2015-02-05 15:00:00,11,153.721352602761,532.91154453829,88.4865446261851,39.3364434257863
2015-12-12 17:00:00,11,189.8166836795,421.776962834982,96.5862083415018,32.4841811308751
2015-12-10 21:00:00,11,174.520582782991,503.827790245607,103.091205063002,39.6810200762815
2015-04-16 03:00:00,11,135.551779825768,418.990023817742,101.059076091138,38.888713210411
2015-12-12 23:00:00,11,164.53639042062,354.253763351178,97.8574935928028,44.4149845175866
2015-09-22 23:00:00,11,167.764208151396,404.940496354899,107.282295079641,43.5338293817888
2015-04-10 04:00:00,11,188.309010486809,427.75612644747,100.773399271857,42.5218745186454
2015-10-26 06:00:00,11,177.830432985292,454.112364868982,89.2961201897198,39.8060825311419
2015-06-19 08:00:00,11,156.104574254566,456.860759099405,86.5205897569638,44.2885943885118
2015-03-13 13:00:00,11,147.901042299254,393.74880335641,102.30935831704,33.4658906049822
2015-11-29 15:00:00,11,174.930090869704,505.808648494344,106.55081496579,41.5220486111931
2015-07-20 08:00:00,11,172.30303273557,501.439904835846,99.7837098702577,32.8607259236726
2015-08-19 17:00:00,11,150.75555183634,439.675129106367,109.939611279975,42.743924031101
2015-06-21 22:00:00,11,181.172063208972,481.150481662093,88.7254465246005,28.7828473708484
2015-07-20 09:00:00,11,188.869812168472,458.850869961092,103.60879413411,32.8475889330213
2015-10-07 05:00:00,11,154.971553601721,377.920338169793,90.1385836473481,43.8908993027051
2015-10-03 18:00:00,11,197.207240114344,479.085659872582,104.012344115612,38.5006909662053
2015-01-02 08:00:00,11,185.02050159871,475.8197127667,94.2442872820575,35.6703075046048
2015-11-07 22:00:00,11,173.375782743693,428.157941056531,101.623399035172,38.2260775831179
2015-01-13 06:00:00,11,159.778833835372,431.327967874667,109.678191872127,48.4332406462363
2015-05-22 07:00:00,11,189.981281079279,382.761547944145,92.5228336474897,38.9998364301797
2015-03-26 17:00:00,11,156.085217280672,531.259836236494,101.84282668308,35.4150099240196
2015-11-20 19:00:00,11,160.52814526537,503.294970009014,87.0457675394321,37.6938685260745
2015-11-19 05:00:00,11,170.308550828433,444.665585365566,115.877112857448,41.9165658196325
2015-02-24 22:00:00,11,156.175633114752,506.296059536203,98.139685470837,33.0982528116479
2015-10-29 11:00:00,11,153.472837437552,543.872742787664,104.825570016664,35.6753849180778
2015-03-30 01:00:00,11,182.495637840589,442.537509896175,104.524211536123,39.7278796435566
2015-06-12 11:00:00,11,190.166857274895,381.977555099612,105.300526177513,39.6128531440641
2015-07-01 20:00:00,11,178.33243859449,426.145466620194,102.61620647587,46.9130829045372
2015-08-02 16:00:00,11,147.574239667454,498.218023157429,103.918605692788,34.0734143369382
2015-02-19 02:00:00,11,196.270615982493,448.188972176805,125.360966334278,40.6557068042861
2015-03-13 03:00:00,11,175.869747232685,338.247965333992,108.903707381598,44.6194363256177
2015-03-23 03:00:00,11,193.006923727507,522.960413157986,98.6191721379252,42.6652424490136
2015-01-07 20:00:00,11,163.70523678927,445.710772491098,92.6588179179906,43.7616312075163
2015-01-27 20:00:00,11,166.785371957968,420.708323036016,129.099960435904,33.618062502839
2015-05-12 14:00:00,11,156.60158901901,410.935912020974,97.4851232048128,38.3770123978665
2015-09-16 09:00:00,11,176.282602222604,367.603490386346,101.75038225887,44.5363950939144
2015-08-22 04:00:00,11,187.926318894493,326.395970173984,96.7734352259255,39.2000352800893
2015-12-28 16:00:00,11,149.341231753148,482.800480244596,131.88980834724,36.4402946085684
2015-11-13 23:00:00,11,176.830318376319,389.237953315725,85.6250596996652,35.9986434664794
2015-11-27 22:00:00,11,174.791527446491,419.117454141491,96.7698884113449,41.4291309185876
2015-02-26 04:00:00,11,177.884343566924,307.901994147952,99.657823791932,47.5992759702798
2015-11-18 19:00:00,11,157.729012394565,533.923167784183,116.928634681279,33.8898569124167
2015-03-23 18:00:00,11,161.211110694288,455.20222346969,120.968085970131,37.5106333893354
2015-11-03 03:00:00,11,147.653867977059,480.959972723703,80.2613399102337,40.4944608153893
2015-09-25 13:00:00,11,128.883083233031,467.5962006382,106.600069975754,38.2321865691744
2015-06-30 23:00:00,11,188.386344617196,358.527016339994,117.93107411865,41.6021758661066
2015-09-19 08:00:00,11,155.512424493096,504.883082470622,103.45808405867,45.8425211086909
2015-11-22 01:00:00,11,168.747733532502,409.442745581697,114.112112277007,31.9391963395292
2015-10-18 22:00:00,11,170.438615924334,412.657236444541,115.033580258081,40.7432260241161
2015-12-23 09:00:00,11,173.729812733356,514.478201945938,75.6642572761612,36.5889404566755
2015-02-23 15:00:00,11,212.413538078044,501.207372607105,107.692042474754,37.9721060529102
2015-12-27 05:00:00,11,167.216614596228,422.524400184875,99.7739717737101,40.0853939367873
2015-01-30 19:00:00,11,169.825454300087,350.071167271485,112.247098844803,45.8493766226202
2015-03-16 01:00:00,11,173.641843332588,509.725170553354,97.5480868968578,39.7947405755074
2015-02-19 04:00:00,11,164.41912320518,495.38825927662,130.005456835816,37.69700470925
2015-03-28 00:00:00,11,149.648886966896,492.586354272395,91.2735561392889,41.5462038289788
2015-01-31 17:00:00,11,159.798798922899,456.209863184883,93.7060379211806,35.1846193777153
2015-11-26 22:00:00,11,160.588186528686,489.602373491797,84.6828422866606,36.9856789137405
2015-07-17 07:00:00,11,150.798589913269,462.570092808194,86.4322162364911,40.1401079281456
2015-08-15 05:00:00,11,158.467032486749,540.538961428698,109.993277044471,45.4651668645607
2015-12-27 02:00:00,11,164.534420453244,482.449572775723,74.267803103772,39.9604893186719
2015-09-29 01:00:00,11,178.189699524947,491.773206668195,84.8669073629056,36.6152664508003
2015-03-23 21:00:00,11,182.136386974234,485.180383440851,89.6569231212471,48.542821637238
2015-08-15 15:00:00,11,162.320218865312,461.466647501469,93.810557808595,41.6196729820918
2015-07-29 21:00:00,11,148.026506769042,466.996923264365,109.009947281679,45.8710831811104
2015-05-21 12:00:00,11,166.144576767676,455.937320529211,102.655251538386,48.358869522129
2015-03-24 07:00:00,11,157.979192547143,368.215948712283,93.7096763232447,36.9938522287412
2015-10-14 18:00:00,11,151.942565015964,429.172908309491,128.288474523608,42.2846119645265
2015-11-22 21:00:00,11,174.918366583936,437.72243096831,133.833994565812,41.1069050570352
2015-10-24 22:00:00,11,155.625649433152,438.341030043447,108.375657327496,54.2537386955759
2015-07-19 00:00:00,11,179.648439153788,344.560039391982,105.117530042116,44.8523431538003
2015-02-28 22:00:00,11,172.816469333694,487.672409779456,99.4984700284176,45.8126789003912
2015-01-06 03:00:00,11,166.674803312114,469.816800540513,85.6321420461373,36.8433320629366
2015-12-03 01:00:00,11,168.576003449289,528.290922192285,86.7989254439297,34.9346237238033
2015-01-27 02:00:00,11,167.338834991136,396.468263892797,126.81302590734,38.7207871302989
2015-01-14 01:00:00,11,185.698499540264,410.581995490679,96.0346656613797,32.5814487857206
2015-06-05 17:00:00,11,188.540331507413,418.03261652494,107.100413460579,36.8604798941004
2015-10-06 12:00:00,11,168.176861089161,504.352574752432,93.5014249834739,43.4166322063537
2015-07-06 12:00:00,11,192.239985758681,556.682873422297,85.5424072028181,33.7430719835978
2015-11-06 00:00:00,11,174.118202645296,539.283119816494,95.9316698269548,46.2757363581366
2015-04-10 16:00:00,11,163.766995350282,461.97648051268,100.925083323126,39.3338987541857
2015-02-12 17:00:00,11,200.290100711381,416.221023160121,97.9821191750072,36.3977419273275
2015-02-23 19:00:00,11,189.843256057475,451.660891969463,97.1339703596072,45.0240525866989
2015-06-17 05:00:00,11,172.927053263259,433.54674783304,103.754372148752,43.775316559167
2015-12-31 14:00:00,11,173.203080032495,438.389678544264,107.136261440198,47.6415619322356
2015-07-17 21:00:00,11,167.640604466721,417.526115203325,106.366577908536,45.5100779640532
2015-04-27 04:00:00,11,166.284157480999,486.494717697923,101.044835535675,37.9675172258428
2015-09-03 07:00:00,11,160.725179220081,425.772856802082,104.485244471671,44.6408518044081
2015-01-17 08:00:00,11,150.73901679396,371.713462751288,105.653584946852,34.3683829367461
2015-12-14 15:00:00,11,140.078786812582,551.450806127734,125.927553142231,64.0289596040919
2015-05-28 08:00:00,11,193.80452775066,468.048014414741,103.624970922156,43.4020080942573
2015-08-10 22:00:00,11,181.12839672159,478.947835025765,100.263158554551,37.9223869402347
2015-07-29 14:00:00,11,189.076345267344,516.355776392173,111.453730548867,45.1690745867454
2015-11-15 21:00:00,11,150.302347296489,531.461279328726,99.9852213473226,30.8729367640607
2015-04-29 18:00:00,11,164.480341160238,483.943397836777,106.958096831061,39.670054916317
2015-06-15 17:00:00,11,151.955518668804,426.549949088479,95.6506563396275,41.9642028575187
2015-06-08 16:00:00,11,165.711419562291,442.581277686656,116.94931230619,42.6468323280053
2015-03-06 21:00:00,11,152.413267484467,441.682955421444,101.381675492618,47.7140361707669
2015-09-04 00:00:00,11,178.312696040719,518.313455103005,103.014032362628,32.5791432359354
2015-09-17 21:00:00,11,174.771267171705,418.442091736317,108.808437950336,33.7696795976217
2015-04-07 10:00:00,11,186.41503432497,423.464993742537,105.242041053638,35.5292730376479
2015-02-26 08:00:00,11,173.876334019326,523.88892968741,102.602555870299,37.9393303352086
2015-05-30 00:00:00,11,164.951723400702,451.928506353038,106.16184260556,37.8977215623357
2015-04-17 16:00:00,11,172.890226560895,407.896892912167,95.5468377835823,44.0249112478886
2015-08-06 18:00:00,11,170.611542499093,434.500368905218,100.629337878148,37.2392652441953
2015-02-08 20:00:00,11,179.52658938832,472.346691411524,92.3099792636857,36.9882857831888
2015-11-19 18:00:00,11,158.653057295165,486.837677313722,112.274250074291,37.7078503938805
2015-03-04 13:00:00,11,175.104149447743,470.728567941192,83.1046008772694,46.0412477740332
2015-12-30 04:00:00,11,191.01765363636,434.603150123484,86.9962662567336,40.7290899149324
2015-08-08 10:00:00,11,169.539834591113,393.514488787037,102.170846789997,39.0526386672973
2015-04-27 17:00:00,11,204.465785132527,490.949412170663,104.576023288668,53.3320535364267
2015-02-05 23:00:00,11,154.275560120903,430.547074492807,112.164106540704,49.4263357742186
2015-10-08 06:00:00,11,174.967772650061,403.002103764929,103.870163056097,39.1720505975106
2015-11-03 12:00:00,11,172.606745155173,506.211786940775,97.5215214783908,38.6435792832196
2015-05-30 17:00:00,11,166.220881034895,496.46762929413,100.634012623225,38.6622698769308
2015-02-28 08:00:00,11,154.491252658711,524.49321971607,91.3620841586606,44.5312759244803
2015-07-05 09:00:00,11,177.987823876839,393.086654885561,105.603376000592,36.5258696374946
2015-03-21 04:00:00,11,186.70559143289,460.654462184393,102.757768072287,41.6034102799741
2015-06-26 14:00:00,11,171.764941629049,503.685945896749,120.335225576911,39.4424334389941
2015-12-01 10:00:00,11,189.61964415935,514.943319767886,97.6827211418645,48.2000972104386
2015-08-28 22:00:00,11,167.129345530781,524.237053875008,120.820578132689,41.6370868664958
2015-11-20 23:00:00,11,167.506779583312,342.321165386528,89.3691512532042,41.2546066817662
2015-06-04 14:00:00,11,162.170122495433,464.857113048537,112.289665210338,38.245024953271
2015-12-27 14:00:00,11,175.007526522558,480.038224257838,96.5662525970868,48.0849602831779
2015-12-18 13:00:00,11,184.39115012254,371.789647113527,85.9981133579687,37.8787762892534
2015-08-03 02:00:00,11,160.323784466797,363.52554173443,96.9248459789555,36.2328915191329
2015-03-17 03:00:00,11,159.194371511236,456.547866137286,100.841497462066,48.9492665171496
2015-12-25 15:00:00,11,160.679169612967,437.010364184392,111.624015894661,41.4979477067599
2015-03-09 09:00:00,11,204.972452025189,445.184941916911,101.510578386068,43.0797636019051
2015-12-08 08:00:00,11,182.672031481228,499.842509021691,121.095148238634,41.0525515685302
2015-08-02 07:00:00,11,177.961527360097,398.220224164687,103.947936982933,44.9901957045338
2015-08-10 19:00:00,11,168.856487387541,461.920254431453,96.0394740250455,38.4592732281778
2015-02-16 03:00:00,11,174.020846211738,510.823643351885,100.907341175849,34.6618036549482
2015-02-16 19:00:00,11,168.097027018285,345.33578966866,107.915698695316,52.422758185189
2015-08-01 04:00:00,11,146.891903201469,437.683025804577,99.6663936405203,47.3308199851275
2015-03-01 22:00:00,11,164.529068338337,487.888515579353,109.47017889357,34.9092742651689
2015-02-16 00:00:00,11,197.36237237983,425.997870488984,94.3638962978844,37.6683425034469
2015-02-14 18:00:00,11,180.857473900625,509.229778679962,87.7936821985685,37.5954757444021
2015-10-19 15:00:00,11,148.562498117879,504.213128631957,94.807548254085,37.4539452468859
2015-12-29 00:00:00,11,175.779182919835,421.57647767346,120.272527128541,35.2866902987049
2015-03-06 15:00:00,11,168.06376943552,403.891645847193,100.51759621356,33.8941116060667
2015-11-27 03:00:00,11,165.077030711277,558.226883065071,105.734618976839,41.1773339866019
2015-07-22 11:00:00,11,174.41129168642,387.867864534328,97.981726735261,39.6149320737415
2015-10-27 15:00:00,11,146.449552988463,395.08762948253,103.827544471382,39.6565339372496
2015-06-13 11:00:00,11,176.625311981137,502.265594275824,95.3409803929379,37.4932228321832
2015-09-03 13:00:00,11,161.88099421382,455.883209965194,78.0538132542048,43.1977624617998
2015-11-13 03:00:00,11,165.208677608003,420.873910684686,88.7455552836164,42.5385031689658
2015-09-21 03:00:00,11,187.546820361555,416.538204666768,96.3041774413522,35.8829161859025
2015-05-07 23:00:00,11,186.114971676088,486.348848703918,104.520712326204,42.4419692189999
2015-11-03 22:00:00,11,164.693935880028,402.222371134715,93.5868385997131,41.8822689804331
2015-06-20 21:00:00,11,176.787857594298,368.998613776017,78.8637005069186,41.7633366853142
2015-08-27 14:00:00,11,186.783600452217,492.014624005232,95.4200363713939,42.9303387394358
2015-03-11 00:00:00,11,162.713188434351,597.379306812044,92.3774302186427,31.8172320419896
2015-06-05 03:00:00,11,162.193987075331,355.104487777894,112.456077094906,50.8301356287711
2015-06-17 09:00:00,11,138.173860775299,440.342353591783,98.4144692740483,39.4476794323377
2015-07-21 04:00:00,11,183.034596363144,462.89735950278,86.7476069259122,31.2878738058164
2015-11-11 11:00:00,11,170.896523671886,447.983980794475,97.2693459578125,44.8451591137875
2015-10-21 16:00:00,11,166.847029463636,483.702390260214,84.6014522260544,40.8736808561466
2015-12-16 21:00:00,11,158.619459091204,597.669519056122,99.8178848141105,39.2733205857701
2015-11-03 01:00:00,11,194.612873256676,479.741847859149,86.5979455933458,39.8656792587067
2015-09-05 23:00:00,11,195.134790550607,556.607858476426,132.677002403196,42.508972311478
2015-03-12 20:00:00,11,162.875620229479,462.002648120634,90.2953454425594,42.3293514731227
2015-10-24 21:00:00,11,172.482146928015,414.517412871866,78.4303424958471,48.1922997781485
2015-08-16 08:00:00,11,140.457638419477,457.417454170144,114.880404165308,47.5862567682325
2015-08-27 01:00:00,11,156.26616227686,475.269106399605,93.9248452828248,30.4804994183966
2015-04-24 19:00:00,11,175.274845355601,498.573505040688,90.6399300281604,35.1372778711552
2015-10-04 17:00:00,11,149.61608733369,411.753185010296,88.4246139528201,48.706627349111
2015-10-26 12:00:00,11,148.278358969281,476.805149477144,105.373751507164,41.996005717864
2015-10-13 19:00:00,11,170.64125608643,543.893236435128,103.775317104167,42.5339941289766
2015-11-11 09:00:00,11,171.23651881683,453.704872130545,96.9089231268718,42.7897297037545
2015-08-21 05:00:00,11,207.546227525483,363.997350150479,96.2072446514525,50.7426196816221
2015-10-21 23:00:00,11,161.507523970732,399.159086528372,90.4469820792597,36.0695921193338
2015-04-21 11:00:00,11,149.440972493722,421.768489373011,95.7059765098333,42.8884150732917
2015-10-22 07:00:00,11,175.212120786982,557.901390738636,109.075018974486,41.0127611590751
2015-03-25 14:00:00,11,172.615135598827,435.916713556509,115.892523837597,40.9668329390827
2015-07-27 19:00:00,11,164.73757467625,445.082214156247,98.9682686423574,40.3891999275285
2015-09-13 00:00:00,11,165.160380878446,459.226763749955,108.831900571135,41.7506206751071
2015-02-11 00:00:00,11,191.728493855098,474.718336602152,112.055951688499,43.9441106818284
2015-11-19 04:00:00,11,141.375448757831,471.10182091312,125.743854004337,38.3787318789409
2015-06-29 18:00:00,11,140.911260304718,433.412118948107,98.0587815082303,49.6139398057701
2015-02-07 03:00:00,11,162.795521015757,356.85149436955,92.5203889428912,37.1834419635263
2015-11-27 04:00:00,11,197.134764250403,367.152037797677,100.935299132631,54.112576834088
2015-02-12 08:00:00,11,162.412543780985,456.807693662662,97.137606961226,40.8055286079345
2015-04-11 00:00:00,11,191.321835673041,541.418655813007,84.2841833065703,38.0962175465143
2015-08-31 22:00:00,11,171.423047222003,417.899625055794,88.2448817706549,36.6554111207072
2015-06-19 01:00:00,11,156.11476162281,465.803444935382,110.803369359433,40.2539348998435
2015-06-17 01:00:00,11,177.26842715418,457.356777751124,90.9129612844676,38.9032437787425
2015-03-03 12:00:00,11,149.819573745678,523.104030173504,107.771503724788,38.4704456904359
2015-01-27 23:00:00,11,138.142511130054,414.393456134103,109.203578324479,39.0822086185351
2015-05-28 15:00:00,11,159.558654080526,423.492832443903,97.616176427446,39.3563742830357
2015-05-21 09:00:00,11,141.631667550475,489.084284873108,110.55927419881,37.2749835747159
2015-07-23 22:00:00,11,158.559414111442,449.210150423931,109.001338398703,31.9268803677693
2015-04-19 01:00:00,11,151.115633096656,378.633026045495,132.366776074036,33.2706019384381
2015-08-01 19:00:00,11,147.457133771367,382.377442980031,113.564096071167,37.0948286652471
2015-12-07 06:00:00,11,156.311290762517,415.088478876347,102.619742480144,48.1491895459614
2015-05-10 19:00:00,11,175.399225901815,500.803918713181,99.6586524089081,46.808327372652
2015-03-31 22:00:00,11,206.848580606048,387.748210039183,99.5838450265323,42.2689048619983
2015-09-15 05:00:00,11,175.929241405694,380.839489870845,102.114951772053,48.2582602196955
2015-11-28 12:00:00,11,197.166488310561,454.179545145214,89.3192310485623,39.7808047268151
2015-04-20 08:00:00,11,193.887220312474,460.867558100882,112.006688789684,35.3478617873574
2015-03-13 12:00:00,11,163.172599570517,469.918098457755,88.8209590639623,40.6711938475084
2015-03-28 17:00:00,11,160.573904700814,495.186069776568,101.722912489136,38.1040489129736
2015-01-17 15:00:00,11,181.577959490588,391.187979748851,109.031754451618,39.6226630522885
2015-12-09 13:00:00,11,175.134149531128,405.199422459015,97.95133960929,40.5935876037016
2015-03-19 22:00:00,11,150.605954012109,491.613086338594,90.1413215062143,45.5646635343054
2015-04-15 10:00:00,11,148.020432863845,416.303092197529,91.4896398039749,45.4785604269826
2015-04-19 21:00:00,11,172.812611438335,390.914913823042,114.686144202921,28.2138294055749
2015-04-09 12:00:00,11,168.701822867045,463.557606054988,93.1258835820233,47.1868703060137
2015-01-27 01:00:00,11,182.350748082053,359.855463393522,104.851530612003,44.6083579105948
2015-03-31 14:00:00,11,204.79317814322,452.554700609615,106.743154455846,38.6847803994111
2015-02-20 14:00:00,11,199.658418055952,380.789811286477,87.7463652769539,38.6034829233599
2015-06-02 12:00:00,11,163.11606689964,479.224527194674,113.423718016703,35.464093549574
2015-02-23 03:00:00,11,185.608402454179,406.087830983975,107.906904079867,39.9129385616702
2015-02-04 05:00:00,11,151.781207605882,398.182572084224,108.976407693863,46.3228365219965
2015-10-19 21:00:00,11,174.082140153266,405.525616627428,99.6718917635255,43.514427231316
2015-08-26 07:00:00,11,168.625436326898,547.703128474524,78.4590237790918,45.0038328285365
2015-06-03 12:00:00,11,175.970396717081,540.683444793976,110.718304444539,35.2089851821217
2015-03-12 10:00:00,11,183.661306803778,466.95605389675,96.0423339416131,36.4162125511696
2015-10-31 00:00:00,11,170.424064780297,449.680018785105,94.6544199800095,33.9050616262541
2015-01-25 11:00:00,11,160.796063283604,395.171723727783,93.9594919088134,42.2428280734832
2015-06-04 02:00:00,11,164.268528630217,430.492954431735,110.293587277927,36.6008310542892
2015-03-09 15:00:00,11,193.138696480561,449.165882093914,97.7624956453313,42.3803358930042
2015-10-25 10:00:00,11,164.642192128207,478.263998248275,94.3230237278432,39.368784102331
2015-04-18 13:00:00,11,155.01754259956,357.900551696242,141.308974956045,34.54383786093
2015-01-03 12:00:00,11,138.648129411403,319.248643501651,108.115601189993,31.8432113544693
2015-09-11 16:00:00,11,170.172012019978,431.759956778999,108.529868870095,42.0558741673428
2015-01-28 12:00:00,11,156.673186695072,514.551522093116,118.414950054817,36.7254995608145
2015-05-27 00:00:00,11,166.809172826058,428.124200844855,99.5209833062687,37.2268396815169
2015-02-01 23:00:00,11,191.467662168546,360.744715106734,90.8845160577445,35.1760122856712
2015-10-15 13:00:00,11,152.571733176255,486.827952358053,111.907038876568,40.467017442038
2015-07-04 05:00:00,11,173.551736570045,431.126228596224,119.688670197089,38.7282470684973
2015-09-04 08:00:00,11,179.024399341804,461.447017971023,99.6251135234732,32.9360470899374
2015-10-20 14:00:00,11,178.892074584032,519.626690055769,117.119705585511,38.5629923139376
2015-07-11 15:00:00,11,199.586660536322,475.432347482894,115.524426797225,33.5097927863106
2015-08-29 13:00:00,11,182.725878487961,406.293358644448,110.487132483889,29.5627359809991
2015-05-17 04:00:00,11,185.293349409625,481.323993577747,98.6603570519846,35.5538533150788
2015-01-02 01:00:00,11,150.752449649776,557.242001840709,110.011480556101,35.0029776638821
2015-08-26 09:00:00,11,183.525252122278,477.929682403072,98.9195291089664,38.0426315759253
2015-06-04 06:00:00,11,147.130473988869,386.412836278075,118.635944408314,42.3818299323467
2015-11-07 16:00:00,11,144.256722795922,497.181157845358,92.3724410011018,40.3987601658556
2015-11-06 04:00:00,11,190.53657380708,390.717217003242,108.695839168973,41.0371162002938
2015-10-23 15:00:00,11,186.51764995431,427.434712065365,112.131670574859,42.3808679908357
2015-10-04 05:00:00,11,152.818685916231,428.270016688337,94.4521897289815,40.5527058883533
2015-09-14 22:00:00,11,180.316699693294,478.823484061618,92.9373288677348,36.3773934654151
2015-05-26 16:00:00,11,175.343436781534,461.133527833703,101.361897418783,39.9501446467022
2015-09-18 04:00:00,11,170.290823796995,373.943414527488,102.577968626305,44.0250824903703
2015-12-02 19:00:00,11,171.352615744249,415.651871997822,95.8048818544936,42.7662795590557
2015-09-20 23:00:00,11,185.936923847286,438.35091470324,76.1492682040317,48.2733446864721
2015-11-12 06:00:00,11,141.646325721744,412.920423829742,113.40902249719,33.3420239383814
2015-05-28 07:00:00,11,166.625877549968,496.264931224835,128.430140586479,27.1591336293912
2015-08-21 12:00:00,11,184.671030682985,553.576088640385,94.611247640468,42.0143973611202
2015-06-06 11:00:00,11,154.627661120402,507.320401553375,118.181027029854,49.1090530719612
2015-05-04 13:00:00,11,150.75759379722,399.493795596688,101.906459186623,33.8605259414291
2015-10-15 10:00:00,11,167.917799162164,518.807169098173,102.162634243839,40.5823345823918
2015-01-16 04:00:00,11,178.318491886807,477.675197929775,101.540340545122,42.0967438200348
2015-06-19 21:00:00,11,172.440191829322,518.093735309498,107.731613678821,47.2660802556891
2015-12-05 16:00:00,11,168.186015062812,480.095289584315,90.1617165202176,32.4983097654515
2015-10-14 06:00:00,11,179.817988603614,466.106489379552,97.7520879012237,32.5024973506205
2015-07-29 18:00:00,11,163.928714604802,569.86956628778,87.5498464518675,30.8768256325434
2015-06-20 10:00:00,11,178.972755309427,420.474840702312,98.4061301398748,40.6695704376216
2015-06-07 11:00:00,11,158.781671023364,443.714187825963,99.3702287773829,37.7440690800758
2015-02-13 13:00:00,11,197.868039228662,413.853346702046,103.196446218576,29.9614491863487
2015-07-19 08:00:00,11,192.542543515343,523.787985071635,86.0913069055787,46.9192177382361
2015-06-15 05:00:00,11,186.398879023645,369.668015455275,101.832720479557,46.9543946702522
2015-07-15 20:00:00,11,173.079420395138,437.253215954477,90.2605487951429,33.6506660027674
2015-12-16 01:00:00,11,175.686676327098,397.141139216404,122.645891355686,36.5761842019622
2015-04-20 19:00:00,11,155.015832771549,527.805252238749,103.443974362752,42.3159972054966
2015-06-14 09:00:00,11,168.238106784568,398.635067325882,90.3894496573977,45.8573780171692
2015-05-12 16:00:00,11,156.291076323374,460.896816944138,76.7470924144026,30.7611283007884
2015-12-15 05:00:00,11,178.077479030344,472.406268723798,115.560586318861,42.6850265081006
2015-11-08 13:00:00,11,164.951144874238,417.145388771214,106.131342873491,34.8730743750072
2015-12-05 20:00:00,11,191.477743646949,476.871512285918,101.00515841843,42.6214523740564
2015-11-19 00:00:00,11,183.114976517648,516.599928503271,116.036549347947,45.280711499314
2015-06-13 21:00:00,11,168.665731153788,419.627022377241,88.4490794547812,47.4956203118604
2015-06-19 15:00:00,11,176.306449024182,395.59405517845,92.5327085983862,40.2694052489244
2015-06-19 17:00:00,11,164.382478977448,348.101143049125,85.0455176062524,35.9441315018057
2015-08-31 19:00:00,11,173.053959847743,455.25086817589,97.2333959804903,43.983848099796
2015-08-01 16:00:00,11,167.744040933164,427.268693592752,98.1451051071348,38.8510074156051
2015-08-22 09:00:00,11,139.078929035032,377.982223614699,104.637133186903,37.9671643120498
2015-05-14 06:00:00,11,166.987135159814,459.666066665479,96.1209527453008,46.928335352879
2015-06-03 23:00:00,11,184.699630712395,415.07465802956,90.7711676629022,44.2166758428089
2015-10-17 11:00:00,11,190.684469825778,404.061572262546,88.2978052576246,40.3073599638401
2015-04-20 18:00:00,11,153.807118207934,479.316757353024,101.099700301443,37.5129113822977
2015-07-13 20:00:00,11,177.245296400343,413.564177572953,108.730346855497,49.778195646419
2015-03-18 18:00:00,11,189.66176283723,493.856002020149,113.017803795805,39.621536024636
2015-04-25 14:00:00,11,154.99924209063,476.308718571591,85.1864215177763,46.8517414393386
2015-12-26 13:00:00,11,182.163431698175,519.321865473043,86.1412485373933,45.6294931310106
2015-10-06 00:00:00,11,164.69291135949,461.872155853445,76.7504294749813,41.754352899041
2015-06-14 05:00:00,11,182.306014061882,446.800335668159,87.4185492904565,45.3220473359133
2015-01-26 07:00:00,11,167.496675251323,366.405397800396,110.820329137972,40.9209500895549
2015-05-22 05:00:00,11,195.071829738531,413.995359625903,81.8328520083805,46.1692357306272
2015-05-31 05:00:00,11,167.119526442475,470.96135080079,88.9054958308431,31.9390421991514
2015-08-02 13:00:00,11,151.561484245724,365.609436804379,96.4308919902561,33.6445001943988
2015-12-06 02:00:00,11,199.469680433578,564.818153792263,116.260533972813,43.4656575320529
2015-09-05 21:00:00,11,207.882590727775,436.782871642938,127.526904661264,37.5889627027659
2015-01-04 11:00:00,11,188.195413496604,427.224375973567,91.3581697242367,38.1495533251703
2015-06-14 22:00:00,11,204.940664197439,462.506652458754,99.5710753968811,39.0005877607378
2015-10-30 02:00:00,11,162.497266428147,440.937295716119,112.987794718977,49.5920365188634
2015-08-20 21:00:00,11,121.301043413762,429.963891006946,86.7561786595206,34.6397598333864
2015-09-09 10:00:00,11,177.990675023856,530.374078727757,75.8623786803079,45.1170821610527
2015-06-11 17:00:00,11,182.006238963548,365.572871850736,108.790796510122,40.6370476961593
2015-03-17 12:00:00,11,162.348421610637,483.495860300407,114.017830695319,39.1840289773376
2015-10-02 23:00:00,11,160.316716973147,521.044888481224,113.873454288096,30.5301908261472
2015-08-17 23:00:00,11,152.029942709575,438.518036653149,112.84071465563,40.1221054141757
2015-04-26 07:00:00,11,172.482173074552,454.067017230281,94.7884801808098,38.048268443548
2015-05-28 11:00:00,11,174.021194693327,422.875414259645,100.418535766772,35.3420059231304
2015-02-13 04:00:00,11,177.90357122981,436.845638678352,96.3177223557672,42.4873297130085
2015-06-22 23:00:00,11,157.364296734537,438.810856973271,92.9862286430777,40.8179276508312
2015-06-15 21:00:00,11,151.2566093004,374.624240036671,113.439309540337,44.969999783269
2015-07-13 09:00:00,11,159.944555133971,479.410969051605,115.146347431849,39.907708814693
2015-06-30 05:00:00,11,142.306866889038,454.091338844573,110.31041395401,39.5844160080181
2015-12-22 08:00:00,11,153.329593477244,456.231831282316,101.121317558714,35.6801085045757
2015-05-10 14:00:00,11,165.783167600482,416.282853538068,87.7712354961322,35.3667509189957
2015-02-13 23:00:00,11,159.800355094084,489.596973282425,95.9224196548338,36.4526612219624
2015-06-07 02:00:00,11,151.442347117921,500.173191551933,79.8154351805485,36.136270010564
2015-03-11 02:00:00,11,179.18864843594,470.202341225151,84.1734358898762,56.1088175981278
2015-05-08 10:00:00,11,177.076562427381,423.179292082503,96.162388507547,35.3082749683724
2015-09-28 02:00:00,11,177.738964786207,406.105600209166,100.989676373971,30.0841950937844
2015-11-01 15:00:00,11,186.349661343801,475.802458031764,94.8880420961807,41.1427442238497
2015-09-19 15:00:00,11,173.352700750081,429.61807099454,101.940347618951,30.7379196385754
2015-09-12 22:00:00,11,162.192716336612,517.280925911446,100.600751338841,45.2222232023804
2015-05-26 02:00:00,11,167.441427276919,509.429904525995,89.4077894188556,45.0298723868431
2015-04-26 00:00:00,11,159.568997291708,469.728210470933,82.3901608725372,43.6924412608216
2015-01-28 23:00:00,11,168.184685484796,432.845286868491,133.438236724301,45.9346000864144
2015-06-18 19:00:00,11,169.935787453572,431.599393191604,90.9284588341044,33.7600951944334
2015-06-11 14:00:00,11,157.170008756839,397.778080871505,96.4516626312921,37.0468284013621
2015-03-21 23:00:00,11,154.944316466645,405.682606257681,101.583474807179,34.3805452287484
2015-10-08 18:00:00,11,152.471883073925,494.954294206229,99.5907243570409,44.310551302062
2015-07-26 18:00:00,11,169.472944624357,429.641349874506,82.7263916182969,33.7197146203547
2015-01-14 20:00:00,11,178.517083141962,477.839104758068,103.486699815041,38.7533527720235
2015-06-23 19:00:00,11,172.11594255947,494.738166983824,86.5128798837005,42.8936014743056
2015-04-03 17:00:00,11,168.512629659707,436.52737662638,102.13339820261,45.0220076922078
2015-03-16 07:00:00,11,168.29658784203,433.494996868138,109.329899881327,38.4494276700064
2015-06-27 09:00:00,11,170.983544073431,438.293372100508,94.7842340902344,43.93347821701
2015-09-04 12:00:00,11,178.315812702578,511.159979236547,106.184906765236,35.6378405515225
2015-04-09 04:00:00,11,173.641592938588,372.232731004531,92.5278788948967,44.7001610863151
2015-05-12 04:00:00,11,164.552556162404,497.249778901539,97.1876325935411,42.9160776311275
2015-05-01 11:00:00,11,171.205112764572,491.815932802164,106.831933939143,47.2480140645044
2015-03-19 00:00:00,11,161.980218583323,458.58354712583,113.108624620167,47.9971155659475
2015-12-05 06:00:00,11,178.436187900354,476.274609971962,99.9736635207784,38.3110121699891
2015-12-01 04:00:00,11,167.645769601543,436.868158142463,105.132286460966,50.4075959550277
2015-11-27 09:00:00,11,154.835393826405,458.337079377177,101.054077791393,42.8589335000995
2015-02-26 20:00:00,11,175.166997733057,426.155936823402,101.49121627807,35.1451765914618
2015-12-09 08:00:00,11,151.763586415671,509.638167743558,83.7135860699728,40.4486029912525
2015-05-05 21:00:00,11,144.865503156363,436.545965636694,88.791073719392,43.8735793194329
2015-05-18 08:00:00,11,174.717162560898,475.597872306213,105.455756494826,30.2768164567568
2015-06-27 22:00:00,11,154.794903100664,405.833101796275,106.707836552271,36.3646207711175
2015-08-05 16:00:00,11,177.823692937353,559.139936094786,90.453931620328,29.3244028295591
2015-12-28 00:00:00,11,178.108542500221,507.21048966276,122.879512928731,37.1863598390401
2015-03-13 07:00:00,11,156.750663875717,434.023642342422,102.851202353839,37.6604788881662
2015-02-18 15:00:00,11,157.119327630619,391.388505440563,120.913593153532,33.2541163465485
2015-03-07 05:00:00,11,177.214117702724,469.771394799731,97.2746875108728,38.3416018155592
2015-05-12 15:00:00,11,168.187608772837,470.20140986166,92.4308995807596,32.0025077730932
2015-05-13 21:00:00,11,177.177207487716,381.440621281955,87.5158114617887,45.8439900273976
2015-01-13 09:00:00,11,153.228613234189,380.726616680641,105.993650620026,46.7819959668737
2015-12-07 05:00:00,11,184.474782792047,411.8675556912,87.3238649523732,33.8201809835002
2015-01-12 18:00:00,11,186.709887297931,400.083826313278,82.1113801026967,42.6876176802681
2015-07-02 17:00:00,11,178.278754253834,383.683307964378,100.051677010136,40.9380155037809
2015-09-03 14:00:00,11,196.094022456429,489.840086525329,110.028032305211,42.305547491049
2015-04-14 12:00:00,11,183.801578281543,441.758811008083,104.487647576493,43.3152609995659
2015-07-01 07:00:00,11,163.707583995165,468.596499308664,103.911677006184,43.5819665239555
2015-06-13 23:00:00,11,169.790441485783,454.07738051322,106.206632402717,42.657453755958
2015-02-25 02:00:00,11,154.658807224945,386.437714035937,101.207038884222,39.4096707246394
2015-03-29 00:00:00,11,189.528958239594,590.658754192362,102.420625191325,31.2546616713279
2015-04-24 22:00:00,11,162.731846742299,523.553517366343,110.209612626941,29.7548051765705
2015-06-13 04:00:00,11,139.283835167688,486.785139439196,94.8734387693114,39.7361005936245
2015-10-14 19:00:00,11,167.657852088786,504.780674356886,88.1853016615428,40.7725696337568
2015-04-14 04:00:00,11,164.824597562589,529.595113260936,117.49223843404,37.8727505920861
2015-02-06 06:00:00,11,177.576880208867,403.755155292048,93.7165887710398,40.576917794403
2015-06-24 10:00:00,11,174.770995296948,401.889429638531,100.503628242671,34.4320477889536
2015-09-09 14:00:00,11,168.008784880484,380.051823618405,111.203595808852,43.9220905270452
2015-07-05 01:00:00,11,183.073573944242,499.5575211335,97.2413116141653,32.5819724807029
2015-11-03 06:00:00,11,167.036355572122,555.266144216436,99.4491306479254,41.2417999552015
2015-01-08 16:00:00,11,192.252980585375,439.695095535055,107.101353812874,42.706525181765
2015-08-12 02:00:00,11,183.422896459965,485.863031885697,99.3259819930235,39.4817683877372
2015-05-05 17:00:00,11,177.676337106334,475.580070381636,90.8255373547208,30.2280709854591
2015-10-27 13:00:00,11,163.574752691355,476.057717195703,99.9655424410289,36.2271724238963
2015-05-18 22:00:00,11,153.032271700815,449.142959612222,85.6404129844461,40.0598261273998
2015-10-12 13:00:00,11,165.363080083605,441.498431331584,86.6099614286753,42.6799464491155
2015-05-30 07:00:00,11,191.373386554272,505.111051104388,96.6256146551443,45.4151095404401
2015-07-05 16:00:00,11,179.160221536424,439.534559787007,106.543347850958,31.7937882218849
2015-11-21 01:00:00,11,182.169973367258,472.231743122426,96.6437125075508,42.4283691834343
2015-05-04 14:00:00,11,182.171687176725,299.404760356606,106.228498068688,34.5882521150777
2015-04-27 19:00:00,11,156.475379553231,440.52929747508,91.2152268518744,52.255706072294
2015-02-05 01:00:00,11,182.700189175442,472.778147376789,89.0673795167127,34.7882728922493
2015-11-20 18:00:00,11,144.4179486354,511.017748989871,115.73124377171,36.3765407647997
2015-04-16 18:00:00,11,164.482503404316,452.834094479797,94.0622236496994,49.685704968083
2015-03-13 20:00:00,11,188.34188969933,494.952660909158,116.990170443304,47.553525224146
2015-04-24 05:00:00,11,159.891487339878,465.447277979387,113.191778067529,37.9161469990761
2015-01-07 17:00:00,11,177.130192541187,420.858423246979,111.902603715317,38.0005164321046
2015-08-05 20:00:00,11,172.664553095394,408.198352385377,112.745115482581,30.1239683064086
2015-09-09 22:00:00,11,195.850671735279,544.477673869415,115.003737580101,36.0420976762133
2015-09-14 10:00:00,11,169.371551938381,445.578555812888,91.512533571142,42.3534614629602
2015-03-31 17:00:00,11,201.753745041055,463.52989984454,95.7946711848757,45.0844237114476
2015-02-08 16:00:00,11,183.935113924535,436.641161791973,93.3201427310181,42.5140756904902
2015-03-03 18:00:00,11,184.419614735616,394.792459194546,100.059250190256,38.7664393198355
2015-08-23 21:00:00,11,167.949031593128,416.022588156662,96.293407306299,44.3158343503603
2015-04-05 16:00:00,11,146.242846078714,418.714003699482,109.234678528089,40.1877003357112
2015-07-15 05:00:00,11,144.014941722195,421.62729034229,92.5533291544194,42.3221802430255
2015-08-26 14:00:00,11,185.225011590313,469.326713113718,105.457572930257,35.9548514438825
2015-08-10 21:00:00,11,170.032994638981,460.727931619449,99.8892201789701,46.1158785520168
2015-03-08 12:00:00,11,165.845151588137,536.371140024166,116.379267371806,35.8094412363008
2015-11-14 12:00:00,11,166.840480615763,490.551998524778,114.406064406194,39.1091347534537
2015-12-17 02:00:00,11,170.157136312225,428.093846850197,106.936112401089,29.4466503620071
2015-08-18 16:00:00,11,162.162765056699,518.08898201715,95.9117860599215,42.3532887328383
2015-10-24 20:00:00,11,205.75738673315,512.5428183527,99.6986768482361,43.0399370037265
2015-06-12 17:00:00,11,154.903697435167,478.619460596933,93.7101725579694,40.926351310237
2015-08-03 15:00:00,11,163.487298121013,392.330317964154,92.099289279499,42.2001862744555
2015-08-25 16:00:00,11,177.016300855387,493.437954339839,97.9223319584942,40.4708236292662
2015-08-02 06:00:00,11,173.810585474473,425.10799198877,95.3251858119948,35.675325102586
2015-10-20 06:00:00,11,153.338665765918,498.661306747322,88.1865020926018,47.9545914316101
2015-04-23 06:00:00,11,144.761899411041,362.608671076277,90.5537143865057,41.3904954496354
2015-12-22 03:00:00,11,183.904055643624,444.384194827452,106.334746107542,32.0955593158819
2015-03-16 10:00:00,11,184.026594412067,406.305259712518,96.0825773234025,41.2697926943377
2015-01-07 00:00:00,11,171.250250552209,460.450393499394,109.554208923515,43.3212028586106
2015-11-25 06:00:00,11,184.5460088298,471.531584378707,112.826788613162,42.0767263044959
2015-03-04 01:00:00,11,153.812956365451,444.038591262133,98.3661039512538,35.0889198455954
2015-03-29 04:00:00,11,160.678634165424,535.40473767465,111.209868387695,29.3319342039968
2015-07-03 00:00:00,11,183.238804624162,478.636649467132,101.131842930309,35.0689492391145
2015-03-03 10:00:00,11,131.807348499346,431.70541224313,88.6982164196315,44.7395547479259
2015-08-08 05:00:00,11,172.705146592291,436.227766982928,100.363796688112,34.0416311155508
2015-04-11 23:00:00,11,142.581289541783,405.128632052072,95.5263667749941,45.2630174276853
2015-07-10 12:00:00,11,184.919601686932,494.203567668243,94.9896906456741,48.9114361457644
2015-10-09 21:00:00,11,160.181530199045,460.818800550337,106.370596384018,39.8740301076183
2015-07-13 19:00:00,11,154.42926006951,384.887148552066,121.867261339445,42.4592519798115
2015-10-17 05:00:00,11,176.781009103769,447.668729532104,108.302155120837,41.1171541887413
2015-07-04 20:00:00,11,152.435216624183,431.337272550899,104.537036055879,42.0958521551376
2015-07-18 20:00:00,11,166.221495967932,478.343262464632,99.2843646417689,41.5113512377327
2015-10-15 18:00:00,11,176.632709201811,460.170393335647,88.0642720412802,41.4113697098741
2015-07-26 07:00:00,11,200.179873501615,564.326077079399,86.2350888126039,42.8648774976835
2015-09-01 00:00:00,11,187.130470114303,533.013546212963,107.373141343385,45.070633595787
2015-01-12 13:00:00,11,150.479192721057,513.717812153901,96.1563684180432,36.1580605129138
2015-06-28 16:00:00,11,174.717840118843,565.192411398202,87.732121444528,50.9061263263089
2015-03-29 08:00:00,11,166.105282657021,431.873228548401,104.882312460553,40.7182658263612
2015-02-01 04:00:00,11,149.752268758732,328.955679779779,103.539886309225,40.3808682435232
2015-03-10 08:00:00,11,181.370857410839,468.297290725752,110.184517081464,36.9642158069494
2015-09-29 16:00:00,11,170.30935512296,492.607274975099,92.2828951329573,36.8958360107422
2015-02-25 14:00:00,11,176.482344319515,516.532160120499,89.2287913482692,38.1913024316052
2015-09-14 08:00:00,11,150.079086774621,471.732700902737,107.245799877923,42.7740300629451
2015-07-12 09:00:00,11,154.584424231506,411.64896785416,107.411427891576,37.0904711419206
2015-05-21 19:00:00,11,172.323588471321,412.531208193486,119.561011296673,40.5012586737067
2015-11-02 07:00:00,11,180.817401711308,442.291203705509,118.292880877689,39.5953043861032
2015-06-10 19:00:00,11,184.919511328059,336.786303481004,101.916061866101,28.2802547771069
2015-06-01 04:00:00,11,174.437446190704,443.588779815131,114.433090593696,36.1949831993756
2015-07-19 14:00:00,11,159.767019057442,449.205904142234,111.382964787589,38.6902934712606
2015-07-08 06:00:00,11,177.447277078638,430.06516597977,114.798077589045,49.6057664251666
2015-09-15 19:00:00,11,169.152520250888,476.121892429117,93.7191661604829,45.1920246562465
2015-05-26 01:00:00,11,157.248818642361,430.278500391857,126.404248954802,52.9568009370218
2015-01-15 20:00:00,11,185.7082502902,481.075706383967,109.329148605211,48.5812384230736
2015-11-26 16:00:00,11,171.667729855993,434.760466486791,111.501522872703,26.4020471393047
2015-01-14 21:00:00,11,176.849986687421,454.956476746066,96.6759485787198,47.5608089711024
2015-12-26 06:00:00,11,171.270288786985,363.698767283144,108.717869840451,37.7675094453879
2015-01-08 07:00:00,11,191.339285892926,456.092585233505,96.9302927352998,40.425956008071
2015-10-10 18:00:00,11,174.981326806677,392.971696695443,112.707909723641,45.5094273981144
2015-10-25 08:00:00,11,157.025248567495,475.439986922458,92.7958039336158,31.5955340792421
2015-02-18 08:00:00,11,147.890523824329,541.680356671197,110.616909671492,37.4305113477875
2015-06-02 08:00:00,11,168.926758071141,480.814398841977,96.0593802030072,37.90638644931
2015-02-08 04:00:00,11,172.199958361172,424.993708853391,85.6598693448995,35.865153841419
2015-11-15 17:00:00,11,165.123139572388,539.327634658178,91.7848915483433,44.0807321478757
2015-02-24 12:00:00,11,215.023914343086,420.591258081769,92.1950151770708,47.7105349308207
2015-08-14 08:00:00,11,176.806677188398,465.659440139353,84.9193954935248,41.2836405176866
2015-01-18 01:00:00,11,153.513675050241,479.064404789836,99.8902130175009,31.1825105383241
2015-03-27 03:00:00,11,175.709038134727,339.821670017501,90.8120080413857,42.2082016229278
2015-01-03 17:00:00,11,168.558891366405,458.841073812083,94.804419849037,43.862049139845
2015-02-12 07:00:00,11,179.552407263713,473.794394094783,104.071621788083,34.4263104321843
2015-05-04 22:00:00,11,176.368686789467,321.29064251302,102.113457866369,42.2616685708317
2015-04-11 09:00:00,11,175.966495878783,446.239131728384,104.013911170033,41.3460217239626
2015-07-12 03:00:00,11,181.061080599961,385.278472471252,95.8048688101168,37.4127417612763
2015-11-20 22:00:00,11,203.666257190986,551.017531276391,103.439083371632,35.236362779634
2015-05-26 13:00:00,11,167.914161278389,416.125107581504,110.19216352907,45.1915396996772
2015-06-25 12:00:00,11,152.378374123259,495.641936784042,115.553440616578,47.4312306340371
2015-10-25 03:00:00,11,163.029855404851,531.755946477705,86.9038191804381,39.5617823144389
2015-08-31 16:00:00,11,153.721300902243,353.471681386408,105.202080606319,37.0038472862025
2015-06-20 12:00:00,11,175.573878732455,362.862087647725,106.855063360692,34.6009146037451
2015-09-17 10:00:00,11,184.703429973865,487.29661165346,114.526943695461,40.5745954286209
2015-10-21 21:00:00,11,200.421506082189,473.724867543954,98.9188903580549,35.9266213515559
2016-01-01 05:00:00,11,152.02773187789,444.685416595172,92.9497222047673,40.9669332657139
2015-12-16 23:00:00,11,178.16091348218,552.022372204347,116.490590728179,39.9679618938285
2015-04-12 23:00:00,11,164.852996659802,343.852746390785,98.7718485971003,41.4988130195561
2015-06-18 23:00:00,11,184.140884903277,381.32672753621,120.508840992283,41.3972708527752
2015-04-27 21:00:00,11,149.214716088297,437.440136175745,111.200220378262,57.4051190334579
2015-05-08 19:00:00,11,178.566592069291,428.970122348912,97.2427422259972,45.5239370391919
2015-07-30 13:00:00,11,183.819463359412,476.082730779157,102.325483163535,43.3535596164576
2015-10-12 16:00:00,11,147.929156830642,392.361595978916,97.232172248326,40.2603383670193
2015-05-28 06:00:00,11,178.762297461976,511.905632538539,108.074744585778,31.800390664508
2015-12-29 13:00:00,11,146.446448052079,370.440180343529,126.15063674436,35.7754687647839
2015-01-14 03:00:00,11,157.02371336784,457.933312931637,97.4848955281961,35.462016791781
2015-09-05 12:00:00,11,197.351954316315,468.128040261637,118.986818801003,35.121379727703
2015-11-10 12:00:00,11,167.113292284239,443.003486946258,104.101231523879,44.0592154892484
2015-03-21 18:00:00,11,192.93587895402,417.19219198082,84.3713538256577,41.4656504676644
2015-06-25 22:00:00,11,160.637825452788,499.748966312526,98.9452383110912,41.7233860921198
2015-02-18 10:00:00,11,154.408899052993,534.978078827171,123.530364832163,40.8054081704964
2015-05-17 01:00:00,11,178.706426744842,523.871389957695,109.314449545263,42.5566667664132
2015-05-26 03:00:00,11,173.740687465516,361.269761796532,104.120774791007,40.2598710496589
2015-03-06 03:00:00,11,179.184894564557,424.230471088971,94.7131045822406,33.216336500736
2015-04-11 19:00:00,11,140.014525037148,434.196647795547,101.882801540043,41.7640748083232
2015-03-15 23:00:00,11,167.05076810671,479.823344241312,93.6581232534554,35.7127155595616
2015-05-30 18:00:00,11,165.635744390003,490.438627999765,96.0015187014938,40.7726726343476
2015-04-22 17:00:00,11,162.958703673446,417.425883307622,84.771292896529,37.1248004384512
2015-11-28 11:00:00,11,176.061317375425,405.011060386585,106.408040654149,29.6528207145769
2015-02-07 07:00:00,11,152.380993016776,361.084970716555,113.984302007147,45.1076281226338
2015-09-21 23:00:00,11,126.401651477939,473.612352313318,96.9714405815199,38.9237412900847
2015-06-29 10:00:00,11,156.659915656067,456.087799777483,87.3389833374496,50.2666259579852
2015-12-04 14:00:00,11,162.509932502599,493.667141644756,102.873095401551,36.2742836519166
2015-04-01 15:00:00,11,154.608538786893,470.183174225463,108.144259392282,33.8357810371704
2015-05-17 20:00:00,11,165.421695952537,601.586014312589,101.172453698949,43.5789762159483
2015-09-18 08:00:00,11,170.216957253915,385.259958510921,95.5799991652164,41.2506948874081
2015-02-01 16:00:00,11,175.042380169808,411.19597176422,127.28300237512,47.5627571698004
2015-01-18 18:00:00,11,181.8804325259,271.766276786907,110.771459746717,35.441690143126
2015-04-04 21:00:00,11,177.437608567031,506.512254784716,87.7528660361084,40.9660822695457
2015-08-20 03:00:00,11,190.798062885074,434.887970158174,118.501169356337,38.8960919866514
2015-11-28 06:00:00,11,177.042626232594,459.623092455451,102.482128427673,47.2734566240325
2015-02-12 03:00:00,11,184.341743209597,418.320488416527,119.8143643237,33.7455664289642
2015-07-24 09:00:00,11,195.090049841847,461.721655950807,107.222222169362,41.1224912450306
2015-03-17 07:00:00,11,208.669799206566,499.294843850448,102.529596896838,34.9120088772398
2015-08-19 19:00:00,11,181.951949849499,443.018980146554,115.663471129079,41.2060073363939
2015-06-27 05:00:00,11,169.210247888711,580.559483201362,81.6325642235489,40.3094483243542
2015-05-28 16:00:00,11,139.194792633007,432.312194776846,90.1239610693211,40.4258039774642
2015-11-22 16:00:00,11,172.580974163569,488.000898848539,115.172203473503,44.3458668194973
2015-10-01 22:00:00,11,171.151439281703,528.50936132878,128.270949249604,43.9649099798223
2015-12-20 11:00:00,11,179.853274174187,491.168205430213,96.1882833845576,38.8531562590875
2015-07-23 13:00:00,11,194.972475163707,453.282780956996,88.3717185535335,43.1666168433505
2015-02-26 23:00:00,11,159.129185128073,502.46979768589,99.8768680792913,44.1260456570785
2015-10-29 19:00:00,11,173.261880214753,488.544208465409,105.145757617034,43.364739720149
2015-07-05 15:00:00,11,187.939709784028,476.254639660957,88.1492270528385,33.922620558026
2015-10-28 01:00:00,11,191.70356876081,444.217324786066,104.018988572029,46.9306311454134
2015-12-09 05:00:00,11,181.492306886318,442.524437410469,96.9203228086499,41.8150980021792
2015-11-01 08:00:00,11,165.281654279295,469.084623267905,98.35406795882,40.7917201092958
2015-12-30 07:00:00,11,139.031205927198,505.914427203634,96.8522683069309,39.6046587162679
2015-01-26 21:00:00,11,153.322200385767,434.116369378033,99.7717790249328,43.0516058559624
2015-03-24 20:00:00,11,165.311458737155,437.871057801979,81.0520968360828,41.3541314301516
2015-01-22 00:00:00,11,151.653864462479,447.020020967732,108.978517043485,46.2068295602838
2015-01-04 23:00:00,11,136.264760131506,467.664177439003,94.5259057596922,41.2606807438209
2015-09-13 18:00:00,11,201.08420149491,413.264803688829,118.455472894996,43.4132226276046
2015-07-13 14:00:00,11,173.231233992267,477.124288865618,100.324892260415,37.521338823832
2015-10-20 19:00:00,11,199.301413701018,451.586129410799,82.599473094731,45.7221923008219
2015-08-10 13:00:00,11,179.990763281183,455.801555785359,101.569327569743,41.6446146701771
2015-10-16 09:00:00,11,181.482054413484,435.345599228081,87.1314647884726,50.5826548769052
2015-05-06 19:00:00,11,171.232281287584,415.866020956816,108.022550689156,41.5340546443334
2015-05-17 16:00:00,11,190.461541609666,529.685113016809,95.9574848353967,35.3762438257742
2015-03-08 18:00:00,11,177.53529766553,444.769482624589,92.3625168481638,34.9682044225687
2015-10-26 00:00:00,11,195.928221031304,377.548203138255,101.485732006816,40.3530552625073
2015-01-07 10:00:00,11,141.803405735465,413.388602984887,97.4701404258012,49.9242050807379
2015-03-10 16:00:00,11,148.373916056452,445.136683140062,101.995901371467,45.8085972439633
2015-03-31 13:00:00,11,197.271856494793,474.342370171983,91.0545434711151,29.0429803224421
2015-04-14 00:00:00,11,178.441508169932,349.119378832242,97.5891479839337,40.9479624962584
2015-08-29 20:00:00,11,174.028163044631,467.725428166507,111.119459724191,43.6257155571491
2015-03-01 12:00:00,11,174.931273994407,503.581102615776,101.912925848686,38.8858524547678
2015-01-28 03:00:00,11,165.707683401172,471.10821633937,112.23019609749,51.1117281456388
2015-11-30 04:00:00,11,184.213325771363,514.517444788475,93.5997240179494,49.6902890799294
2015-09-15 11:00:00,11,168.902704915004,447.848907830766,79.2128678209934,43.1650595579853
2015-03-28 08:00:00,11,181.747198591185,435.41639376866,95.6556727018589,35.4747203954788
2015-04-10 09:00:00,11,191.659044985309,450.184578076697,97.383879532862,42.8301934842919
2015-03-27 20:00:00,11,188.607852939572,561.210110052489,109.734108566728,41.7959772451899
2015-11-29 18:00:00,11,168.064315624274,453.792170493141,103.283823273029,37.261199057576
2015-01-07 21:00:00,11,168.010303155344,455.120442070402,92.7829993992311,42.5610517809702
2015-11-15 20:00:00,11,191.829003961519,375.181643751141,65.4371538089316,35.2628041237143
2015-08-20 16:00:00,11,175.998389845942,335.732455368895,99.3868843297866,45.7209858928006
2015-12-29 15:00:00,11,160.830818928058,499.987497614198,112.501816800864,45.0395651540059
2015-08-07 22:00:00,11,143.680858720997,481.03191535149,100.475257697074,46.6470790798965
2015-07-12 04:00:00,11,157.876579818582,388.717887275776,92.7939346008646,41.3352342807469
2015-07-26 11:00:00,11,180.973459634057,435.752007466222,99.0097639786817,38.5691056583983
2015-01-18 04:00:00,11,159.860716719694,375.913451812759,101.217320043881,44.4875416694114
2015-06-06 01:00:00,11,167.209322247051,500.668915763201,109.250680911569,42.3113208908663
2015-05-23 19:00:00,11,185.728763883413,499.798951461822,108.953902346124,43.948286309502
2015-03-18 17:00:00,11,188.394731008317,388.335371120741,115.105855577577,39.9400500807831
2015-08-09 16:00:00,11,150.966812449303,507.377999395412,97.0507644579204,44.083867935944
2015-10-11 16:00:00,11,174.498787756755,440.824868111328,119.986097581694,40.9357800549759
2015-09-16 02:00:00,11,192.189992546539,393.453933403291,93.2315586231031,41.7621907473158
2015-02-26 22:00:00,11,160.967289485966,491.15123135132,104.487901485915,31.6839498331075
2015-11-24 18:00:00,11,163.272640872977,324.806119060948,94.5100775667319,31.9586065483332
2015-02-27 01:00:00,11,141.462575082913,427.872561459302,96.6601350774048,44.5502371929401
2015-07-06 16:00:00,11,171.885164910206,428.014118199721,92.4385650677788,34.8129863561237
2015-03-28 14:00:00,11,141.857409583062,416.958001302209,105.054031174375,41.1928290552698
2015-01-18 19:00:00,11,193.717555447286,313.989426505943,118.018437757519,42.3623254365154
2015-11-21 18:00:00,11,165.030714386862,522.510994430738,132.894362318188,42.5409218917068
2015-07-20 04:00:00,11,178.755051522062,447.827358260244,95.2581906062908,41.2892102173973
2015-02-19 16:00:00,11,185.775647613035,504.298633064659,99.6870790642419,42.3181941976637
2015-01-23 08:00:00,11,191.174937144992,526.238768285315,108.032013174923,41.2724222504389
2015-06-30 06:00:00,11,187.966002729623,450.849388130516,83.1295231113489,39.135445306811
2015-07-20 02:00:00,11,170.674803842909,480.689664704537,103.627221916751,42.5378828268713
2015-11-26 04:00:00,11,182.754667177759,472.224004882775,97.7138361510033,27.1077152291281
2015-04-07 18:00:00,11,177.318830788455,483.644975789651,109.623625049748,31.7720980523638
2015-12-18 09:00:00,11,178.411384344662,464.251962230324,84.6018878598418,33.5670724905208
2015-10-02 00:00:00,11,177.477164149335,359.373362582425,146.783133228485,39.3521608790508
2015-04-21 00:00:00,11,187.141033171969,520.031014364682,104.174594352699,47.0384642248301
2015-05-21 11:00:00,11,162.766398405203,479.930438023958,102.840220740757,43.7399172018878
2015-03-13 05:00:00,11,150.144499647673,376.942029683158,81.9039774892399,30.8300256861475
2015-08-30 10:00:00,11,142.241771502761,426.560468611335,92.0815788827524,43.7966649839801
2015-02-07 05:00:00,11,193.877088203774,454.715995170863,111.368712755999,45.3675674781759
2015-07-11 19:00:00,11,154.439028623624,472.39093319626,99.4626515155074,40.2873629676368
2015-04-09 23:00:00,11,172.117604558246,364.550148712605,94.1151340649242,41.1112633074911
2015-08-14 02:00:00,11,142.841622502577,422.485764017832,92.6515705349587,40.0678378467677
2015-11-03 16:00:00,11,170.391439642939,479.692400002452,92.1395196545169,41.2907184481426
2015-02-13 00:00:00,11,139.316726961598,453.28367739903,94.4148808395354,41.2385948943352
2015-09-18 07:00:00,11,185.846429425869,407.166204494942,107.136170340145,39.2402578839152
2015-06-19 19:00:00,11,164.348501981912,410.76819608539,94.8925954647368,48.6439878964856
2015-11-10 20:00:00,11,168.134354290978,386.30371140693,93.747342799852,31.1597729384228
2015-02-26 13:00:00,11,167.888093100766,433.788303395857,107.877126646715,39.7974289632136
2015-12-09 17:00:00,11,183.309991210255,467.508950487043,83.2607586077435,38.506690953455
2015-02-17 14:00:00,11,159.347650119931,520.490331651269,133.488494781273,50.6483252209521
2015-10-11 15:00:00,11,185.554479262697,397.246886823076,107.645173028194,39.2949819470807
2015-03-07 17:00:00,11,160.843964368683,381.45428191348,120.523593583935,45.6029382902581
2015-05-20 12:00:00,11,155.030883488478,503.778884851794,106.078115458996,40.3008985419756
2015-09-25 02:00:00,11,184.582949081546,398.500388738758,112.933910366889,47.7309894560783
2015-07-20 11:00:00,11,174.582547613661,384.847186425312,97.421694848136,38.627141433597
2015-05-26 21:00:00,11,124.806505704882,441.645886667519,95.3489187412678,38.2310831240206
2015-11-12 15:00:00,11,151.24504388939,399.119272856328,107.668736348761,48.7317027541606
2015-05-17 07:00:00,11,162.961599026653,399.198027411287,86.536552783992,39.8310150535269
2015-05-29 05:00:00,11,141.925309985841,446.303359521516,111.83490424656,29.5278285765455
2015-06-12 06:00:00,11,181.357127537775,449.727686880512,107.510498328003,47.1212817587907
2015-09-14 04:00:00,11,132.322920596964,499.396754856797,120.002516643232,38.6132626814924
2015-08-15 01:00:00,11,150.575145918129,462.678626855973,99.7377158354638,32.1975327704971
2015-08-23 10:00:00,11,168.953148507977,356.807501958962,101.307305338157,40.0527178467714
2015-04-08 08:00:00,11,204.213814277009,456.719562453005,84.0775858657893,43.2851830199854
2015-07-02 18:00:00,11,181.976070740716,402.349114381639,104.745134250777,32.4104693523834
2015-01-04 07:00:00,11,195.562385684694,466.60381875705,84.2699241216619,41.7118500658386
2015-04-21 17:00:00,11,158.32630985606,407.713207568762,113.394942232854,42.4737346519654
2015-04-16 19:00:00,11,162.413775352661,441.477358040038,82.2541479167697,46.9874368761132
2015-03-23 12:00:00,11,153.276711915422,501.403860820683,103.192265316903,41.5556466034156
2015-07-09 02:00:00,11,186.506632569985,515.283820075989,81.4847402952545,43.1955931113198
2015-11-07 01:00:00,11,159.811193568415,566.113541003541,105.927250231338,43.9138347020477
2015-09-05 16:00:00,11,195.013176313487,456.418925918303,89.8417870162236,40.6358431712032
2015-04-26 11:00:00,11,176.989058185913,457.474914461878,97.14556947317,40.911197029664
2015-09-15 06:00:00,11,150.70987718481,396.120874224101,104.358911050839,39.7627244237985
2015-09-12 18:00:00,11,173.682573445826,415.995630967278,92.3668194340073,35.477086119895
2015-12-22 02:00:00,11,154.311784529705,458.776304931895,105.80488247787,40.4494905103261
2015-12-04 20:00:00,11,170.922857565577,519.676604479587,96.5993247148948,32.5033947741913
2015-06-17 11:00:00,11,157.211433711517,414.361993412258,101.74921943445,34.0614626638437
2015-12-03 22:00:00,11,195.747389103313,458.400493359689,80.9202338681448,40.7631408299579
2015-07-01 04:00:00,11,181.968590120982,363.72883885937,92.2494285163176,45.4869557803451
2015-11-11 01:00:00,11,183.210040768799,403.502070976324,130.087964059231,42.2334233575054
2015-05-17 09:00:00,11,151.892134251873,440.615251461906,107.59495796537,39.8671050005027
2015-06-21 11:00:00,11,173.732559843354,541.773779090395,116.725961513975,37.0628657350578
2015-01-24 07:00:00,11,169.037457740047,525.811619070859,94.7826165758254,34.7922207279081
2015-12-20 03:00:00,11,144.226869622033,530.557524485656,99.6349360151536,33.9188189184664
2015-10-13 22:00:00,11,166.962049821654,470.86830434729,96.3822947252153,32.3342341685223
2015-04-23 04:00:00,11,154.555292252401,379.604929043303,109.195708188282,36.1047875340205
2015-02-07 16:00:00,11,207.847476354405,497.398529940728,93.7620670527264,39.2648749201035
2015-12-18 18:00:00,11,217.141341310984,534.230595874449,101.96082591983,34.7740089192538
2015-12-03 14:00:00,11,163.450731002918,537.814500770138,84.1482682505936,39.9576982693174
2015-05-03 16:00:00,11,171.443278540764,355.743525687631,103.478813663679,46.1428751087173
2015-07-14 04:00:00,11,180.884663734454,497.112104813722,100.998326332119,36.3470450050087
2015-03-05 21:00:00,11,196.91901128095,520.207043541445,95.6773672330858,43.2260263863229
2015-08-13 08:00:00,11,180.502892846261,417.061790856645,91.8221245776294,42.0025600474627
2015-07-06 10:00:00,11,201.159882767351,475.898271111263,109.412338519277,33.67452032388
2015-12-25 17:00:00,11,162.143078207352,417.771930402934,100.08116866506,41.0561412778037
2015-01-18 02:00:00,11,166.406397302099,304.451371484007,108.685258087006,38.2699832119753
2015-03-12 05:00:00,11,137.960758346574,388.366778418509,107.572305224779,40.5900172804328
2015-06-23 22:00:00,11,163.223101097456,440.143872763064,87.3318210660287,38.5611989827472
2015-08-29 12:00:00,11,151.356986268625,467.427789195379,100.034896704947,40.8128013244373
2015-04-10 08:00:00,11,171.086770730602,524.024781368896,116.456358306003,44.9273071242214
2015-05-26 00:00:00,11,162.471795068685,442.859421121406,100.431247097695,36.3354251165222
2015-02-12 06:00:00,11,169.955318374593,515.778755932255,90.6667925036139,32.5752735664145
2015-10-19 01:00:00,11,170.986685075358,421.665128123371,109.600554111795,41.3760918006042
2015-08-01 12:00:00,11,128.477130660728,463.665972351688,98.5840158464072,34.340821577756
2015-04-02 22:00:00,11,197.104178618283,473.224663130981,108.794545164233,37.2638348648415
2015-01-05 12:00:00,11,171.308353526883,408.119922342371,105.763442658661,43.1884362935279
2015-02-03 02:00:00,11,223.446537911646,455.827076172265,91.119598502472,46.5267971112018
2015-09-06 21:00:00,11,173.907280999004,572.754691612045,118.907924161176,43.5178653153
2015-02-07 15:00:00,11,179.450612156515,438.449829517135,106.53178241662,41.7447045178865
2015-08-04 14:00:00,11,172.949198281355,473.201330585921,104.982763346996,43.927165341668
2015-05-02 18:00:00,11,175.192209736142,470.392274913107,103.504627363887,40.1438801502933
2015-09-13 19:00:00,11,149.58126824416,488.534015296885,89.2827140699986,40.2472006303719
2015-11-03 20:00:00,11,194.923544608431,400.447177589149,101.047168186789,41.1891990017105
2015-02-06 00:00:00,11,170.182257106742,419.62479190038,112.853282021013,28.68962639675
2015-11-11 08:00:00,11,151.991761163325,437.672799656917,80.869050882784,47.4319206342841
2015-08-14 03:00:00,11,150.725915085684,488.2980754259,99.2899718170593,32.5993357921667
2015-11-22 02:00:00,11,173.804344655169,388.02589652319,110.5067875252,46.2600293693249
2015-03-03 13:00:00,11,163.25519769341,476.280670221424,107.068520657653,43.2096586019705
2015-12-20 15:00:00,11,154.392997116145,468.97573946053,95.4055467675499,38.6043849147516
2015-10-25 20:00:00,11,167.994334862756,443.628056797142,101.003759140984,40.1692469114521
2015-04-17 11:00:00,11,162.574034664337,442.9504835365,108.773699686028,38.6585138672388
2015-10-27 22:00:00,11,172.56101559007,389.237171464552,98.6170232002156,42.5625498100022
2015-05-01 15:00:00,11,161.984100488651,483.095604181266,121.416098373415,36.8125551874854
2015-09-19 18:00:00,11,160.725570453394,492.89419917417,96.7681601590972,35.9708166085692
2015-11-01 09:00:00,11,158.15260533485,454.059963985913,90.6469291108153,39.8316798574094
2015-09-21 10:00:00,11,182.643361876919,514.579612695201,102.116145918673,42.4897604898773
2015-01-30 09:00:00,11,161.613079400716,459.072280805426,119.714538877615,31.1700814453099
2015-06-04 23:00:00,11,145.306373437862,389.791439410706,120.559117268481,42.1182338120718
2015-06-29 16:00:00,11,176.397010990539,499.476954477716,86.0443350586163,39.8124807250967
2015-12-19 19:00:00,11,141.381905894645,501.749057970787,106.688840881094,40.618028463404
2015-01-10 01:00:00,11,155.597127339055,404.856262886154,93.4991481072736,44.2712222167249
2015-04-18 21:00:00,11,191.60250201596,336.709455472359,111.89286089964,40.7955297064413
2015-02-26 10:00:00,11,167.280893878184,457.905431516444,106.821844571505,46.0100597848446
2015-11-28 14:00:00,11,142.942075060695,476.116713581767,105.702214715458,40.3857961987476
2015-10-30 14:00:00,11,146.776350267987,477.952308800738,77.3812697117421,33.9537440995178
2015-07-02 13:00:00,11,160.38744097873,438.252041766164,111.464252094401,45.5918688392933
2015-01-11 00:00:00,11,180.895518840074,460.564460637126,107.431333225544,44.9035511737201
2015-12-13 15:00:00,11,159.141481494393,439.3025547978,87.4125398177843,47.684541652918
2015-02-05 07:00:00,11,166.803894083062,454.490175436048,106.080273769264,41.9897192888552
2015-09-21 08:00:00,11,194.26742926228,430.810616461152,123.203499597723,34.0132728380733
2015-05-27 16:00:00,11,180.770685913647,474.693008570253,82.0577731640039,40.7511124502143
2015-01-31 10:00:00,11,191.353680793433,500.691585488591,92.7421791186276,40.5450027778891
2015-12-31 00:00:00,11,168.380351356125,401.287308940367,98.3076852034497,38.2261683708187
2015-11-25 13:00:00,11,161.002895072905,424.490054166349,100.847486109335,37.24171445575
2015-01-20 16:00:00,11,165.280805459387,425.325026750759,109.626466343495,43.4344003321225
2015-07-29 13:00:00,11,181.818534543046,458.885199511273,116.883726704295,39.8603715313624
2015-02-12 21:00:00,11,165.872993279352,530.449804097089,105.835911311438,48.0480136906244
2015-11-26 05:00:00,11,177.780236275933,458.249637546665,115.444725874997,41.4349101047073
2015-06-26 17:00:00,11,204.593899990752,422.978252209829,98.0724706652408,33.8405686241538
2015-08-01 00:00:00,11,187.676996929683,441.083392440302,91.0863812818705,40.9795197948165
2015-07-18 02:00:00,11,168.741011435165,455.963137244266,89.61926588866,48.4907675779924
2015-01-09 09:00:00,11,156.58409170761,361.219053353305,109.732145545511,41.8420851376113
2015-10-26 16:00:00,11,162.072003459403,476.230628267451,114.232104415756,46.3807635257857
2015-05-15 16:00:00,11,160.401444409104,442.169160666934,102.899289298945,48.503236288399
2015-04-18 12:00:00,11,167.558117107247,358.443723256342,124.154689992636,39.5181920259771
2015-05-27 06:00:00,11,190.098417530942,467.034896636983,99.0304863899935,43.0665610457134
2015-03-26 06:00:00,11,145.487188269425,511.887293720796,98.014760212078,37.6905516119237
2015-02-06 15:00:00,11,198.463376745825,474.433448923709,113.71089903277,38.4919686811544
2015-03-28 01:00:00,11,170.655021078391,462.522259183203,78.5535684766758,46.0644462590409
2015-08-14 16:00:00,11,186.773418718053,468.894925099335,93.0387958533951,38.2834928607955
2015-03-12 00:00:00,11,172.58417270131,453.88600243723,105.919248508916,40.5642996451269
2015-09-26 00:00:00,11,159.335574982983,362.645937712975,109.152413181961,50.6963951427991
2015-12-19 23:00:00,11,189.326226380772,479.96705689202,98.9741727231975,40.2112670899464
2015-06-10 21:00:00,11,189.372615352325,313.404127239968,99.2714114135299,32.6072392346168
2015-12-24 07:00:00,11,195.900168703751,539.070777780825,92.1790767628965,41.9469754396245
2015-04-17 06:00:00,11,181.680663665561,477.384433711805,98.786347587722,33.5523583942745
2015-07-22 01:00:00,11,161.928429179834,373.400582451902,103.793913422655,38.0314558652443
2015-05-05 22:00:00,11,196.304995444838,522.528101230648,103.050857428099,38.0074127016093
2015-06-21 06:00:00,11,142.532106823993,407.33201999471,105.441873924416,39.6474721919389
2015-06-01 06:00:00,11,175.094332613807,474.450258428968,102.050333544551,35.0832800170074
2015-03-18 23:00:00,11,166.716290319055,411.766684298055,90.3412483569863,43.5896563577062
2015-07-27 12:00:00,11,165.289596314993,425.250087741206,112.585979157807,44.6474999613245
2015-03-27 11:00:00,11,185.224197427051,457.65194921153,78.8687574003839,34.4022230751154
2015-03-25 12:00:00,11,164.684812391777,486.745262891796,80.9042300004758,42.8665673395677
2015-07-11 23:00:00,11,177.430373613957,501.397523379683,96.6545378770472,37.543218378151
2015-02-08 17:00:00,11,154.475234645176,540.735038445036,87.3455783473119,38.0518782294732
2015-08-02 22:00:00,11,138.950230025317,427.993253019484,93.6578309931934,38.4699848105126
2015-10-11 19:00:00,11,187.662704928752,453.044057363236,94.6758386926066,47.9623144863709
2015-12-13 00:00:00,11,192.854726658563,423.336787988128,114.888467089334,40.2649818909811
2015-02-15 06:00:00,11,200.825961359512,475.0492902032,94.5631849049922,34.5555951017271
2015-12-18 01:00:00,11,176.97564949447,473.431787205381,80.6412213850199,38.8624008470296
2015-12-12 16:00:00,11,163.354519490072,480.570988602814,93.4349737085167,42.6741785141807
2015-10-19 18:00:00,11,149.202056652657,531.886237422898,86.5471497205891,41.9099892861493
2015-03-04 09:00:00,11,151.050986017451,478.627142395024,97.5081742976837,28.594501211875
2015-01-19 20:00:00,11,154.880333094969,384.766641874955,108.359219388005,39.1668139074328
2015-11-10 05:00:00,11,165.892172159889,409.760107875917,120.749276984753,47.6625276037478
2015-03-19 23:00:00,11,157.638252016527,491.783304039926,112.066263417487,45.8893311141667
2015-07-04 02:00:00,11,162.781471687015,501.070033860287,87.6777498000637,34.601781268901
2015-07-18 09:00:00,11,176.21824992582,416.513098716749,114.581123226146,35.2346108487657
2015-03-25 13:00:00,11,172.510875444758,427.002620605827,91.5047354339986,39.4151953290416
2015-12-31 11:00:00,11,183.059923182809,542.267943991191,119.145645013461,37.306158009032
2015-01-31 07:00:00,11,182.930541435836,359.585105632059,86.3563691617199,30.4470382908811
2015-04-13 17:00:00,11,170.785455999828,556.026404853803,115.226254377673,48.7338462307648
2015-02-04 18:00:00,11,173.244388715935,374.996223090961,93.8853493841224,47.093603691566
2015-06-12 18:00:00,11,173.997663080969,466.391792724307,97.3033060881965,42.757936237568
2015-10-08 05:00:00,11,139.862378592785,361.050394260969,99.2524053803165,33.8372948758255
2015-06-23 20:00:00,11,164.17609342078,381.165421423732,101.432905877962,46.7859209124249
2015-07-03 03:00:00,11,157.471180609228,392.102476269614,91.097051858019,29.0091271573578
2015-08-21 08:00:00,11,176.601630041874,417.503355286261,87.8828099259945,45.2309541170906
2015-02-24 03:00:00,11,200.237980775545,417.081824556128,104.12399343878,43.5926809927625
2015-04-16 16:00:00,11,169.674690503352,503.933856122254,89.7275014974981,32.2424184675213
2015-05-28 18:00:00,11,161.618037130063,435.400050418698,108.247809780927,39.5081332251809
2015-08-29 16:00:00,11,169.528037355434,487.326476130256,98.3900173318061,45.9036256081157
2015-04-08 12:00:00,11,164.641039201723,503.966849990227,113.487212678981,41.4576064944238
2015-09-03 02:00:00,11,162.410944126809,498.923695325586,90.9505803312122,42.3474145320306
2015-07-31 21:00:00,11,140.373811257982,505.106630084631,86.0641432545985,29.9686348402129
2015-05-24 12:00:00,11,178.015087084914,385.234581174477,91.9873293324863,39.6797931557998
2015-08-03 23:00:00,11,180.857013506403,376.597439874887,97.4747009228418,43.243893834034
2015-10-31 06:00:00,11,178.503585448772,497.654856433537,103.034414912518,38.1136166910065
2015-02-15 02:00:00,11,160.555612618431,442.98710277896,107.584160534952,37.1059258470664
2015-08-20 11:00:00,11,176.901395399799,453.424729744535,113.196311175693,44.092642643133
2015-01-09 01:00:00,11,159.607269131885,389.066029582073,122.215465310248,44.6075322376054
2015-12-26 09:00:00,11,163.806606871661,460.189502350224,117.212317730544,43.3674841067629
2015-12-18 02:00:00,11,162.170990610396,540.72486672606,115.6604635666,39.2745585917051
2015-04-30 13:00:00,11,181.755009431795,371.480775155499,96.2854586267589,44.0295931663545
2015-09-22 07:00:00,11,139.528906666546,398.013805970383,116.732380960359,36.7012931941999
2015-06-26 00:00:00,11,151.221327106265,492.341047240196,116.326079080262,38.5427004288126
2015-09-03 12:00:00,11,176.947770907566,520.738158691011,77.7068315327176,44.9310680657226
2015-11-29 22:00:00,11,152.819367514243,485.832327129817,96.6167400920834,35.9396899332438
2015-06-06 09:00:00,11,163.143380887419,478.156596850827,89.3194623452924,34.5354789106715
2015-01-15 21:00:00,11,177.15199155177,426.293332223061,104.783198894974,41.3976836429491
2015-01-18 16:00:00,11,173.316508874323,351.396492603379,105.624053790992,44.7524615144534
2015-12-21 18:00:00,11,187.995817321273,458.467294030441,103.959949064466,47.2168666991988
2015-08-03 04:00:00,11,174.152953921369,495.577001152448,86.8602819066894,40.199388351665
2015-01-26 13:00:00,11,175.740478150455,411.624465948841,104.559463745344,40.8735168440624
2015-07-17 22:00:00,11,160.183017468116,424.35017821576,102.961479978863,43.5644075700469
2015-03-15 06:00:00,11,163.187448572504,391.70175895154,97.7541187233757,41.3689397107053
2015-02-12 23:00:00,11,170.759791492033,412.35801649073,86.5045081680426,37.971908115513
2015-06-04 00:00:00,11,166.148512450683,472.279938413045,98.6013146823846,39.6904796321132
2015-03-05 02:00:00,11,187.844219457862,487.929704515588,110.322309040609,36.1493684702942
2015-05-15 15:00:00,11,179.261409210814,390.444097145874,121.255922302092,47.860447477703
2015-04-20 14:00:00,11,201.529026910596,494.176077439816,109.956432395967,41.6130815150705
2015-01-01 08:00:00,11,146.917118642874,420.626012218763,97.0872053145083,33.4209373958764
2015-08-03 14:00:00,11,145.263631074024,449.698170260967,88.500291102399,42.5566321205398
2015-12-10 13:00:00,11,162.751247495571,453.267636937212,109.20128390344,48.5641489575634
2015-11-18 15:00:00,11,195.644171945099,454.101595111442,107.099793562378,43.634164983783
2015-09-21 17:00:00,11,161.545249829419,444.731236539484,95.6531034114696,46.5144986053481
2015-05-03 09:00:00,11,189.128742886832,449.577624988927,96.2562441971554,46.944690409083
2015-12-19 11:00:00,11,160.290703013325,396.808169939372,91.8466829214075,36.6499322682559
2015-11-05 14:00:00,11,172.795331957842,530.390163221793,107.980299370612,37.8534609916239
2015-05-09 17:00:00,11,166.028135542471,443.427596029706,97.4364353045876,39.1432495719899
2015-04-23 16:00:00,11,167.980000404431,435.239613895429,103.262742755047,36.5671633810555
2015-04-03 05:00:00,11,169.824323600978,495.815767739045,88.0321774179999,33.1122175191587
2015-12-29 21:00:00,11,179.769075445634,533.879641865499,109.196500709726,32.4093251547177
2015-04-13 15:00:00,11,162.20536751165,439.224577271013,81.7731426508616,44.0589098050855
2015-10-20 11:00:00,11,176.679997075118,473.906585690773,103.899849125805,40.8366357008754
2015-12-22 10:00:00,11,156.352464601166,433.374502291724,106.30088966675,46.3074543449103
2015-07-15 08:00:00,11,166.920621878705,435.49822898518,121.772556167214,44.649694446571
2015-09-25 00:00:00,11,181.858964232804,490.145080545739,112.427552255396,32.1007675172942
2015-01-26 22:00:00,11,157.81363305494,527.333289312573,88.877940239718,40.089043175399
2015-07-18 16:00:00,11,154.494181264078,472.899805136808,99.1003441742979,46.2118425883834
2015-04-09 07:00:00,11,195.108772972981,458.740881149196,115.537117820852,37.4414560828152
2015-07-26 13:00:00,11,182.014738384201,407.257134007132,99.0162270051608,31.8238766757669
2015-02-25 04:00:00,11,176.867467324789,499.445758099962,94.2940617645433,41.9598361952063
2015-05-15 02:00:00,11,185.049252245915,454.638299513126,80.4811085507268,36.7853398475033
2015-09-22 17:00:00,11,191.196438167604,496.653216258911,104.996895455458,36.4624083648175
2015-02-24 14:00:00,11,218.306205209126,452.886427335018,110.309706119993,42.6826547885536
2015-06-18 09:00:00,11,196.593045423283,390.795917037797,109.173647877055,42.9630897022382
2015-04-01 09:00:00,11,173.523963010904,458.15257094321,100.659844792952,34.6966651428826
2015-12-25 00:00:00,11,190.588230497806,455.926578759698,109.455502538521,41.4446045627512
2015-06-13 15:00:00,11,155.644646974747,410.199601779503,105.818322543835,44.1203261220095
2015-07-19 05:00:00,11,178.365035808769,438.39682556978,111.468786091152,32.709615320736
2015-03-28 11:00:00,11,151.400166500678,462.605023619102,114.271518498738,34.5574549402526
2015-02-27 05:00:00,11,161.11567488814,399.193713769969,107.529532485139,41.7315522774827
2015-03-04 17:00:00,11,151.225777310342,470.67750011476,88.5764078902666,45.4524376631511
2015-07-31 10:00:00,11,162.822560023853,444.091899986632,119.785274717048,44.539824868618
2015-04-06 13:00:00,11,165.54777233406,452.87974453686,96.7880355115682,39.2727777241082
2015-12-06 06:00:00,11,173.016215382733,482.592635771556,104.779276264893,41.9321982095033
2015-06-27 14:00:00,11,168.645559876795,524.77476157062,116.584385632518,33.1862908379531
2015-08-11 20:00:00,11,168.882017349385,494.524735603272,104.034098350094,30.6096998587584
2015-07-22 10:00:00,11,160.754352947909,439.015744404507,93.9426814030182,33.8179526820838
2015-04-13 19:00:00,11,198.01440805015,503.383913481385,109.922489632165,47.6311900845237
2015-06-24 17:00:00,11,165.972082605987,511.214762422198,101.972323354258,44.1438282309338
2015-02-27 04:00:00,11,178.442569976323,506.208992342093,82.6167989180416,33.2752140651581
2015-09-11 00:00:00,11,168.420406040494,384.487448830044,92.1015070677773,44.7463712095347
2015-02-21 05:00:00,11,190.312698656866,435.356012775941,98.0428037438812,36.0927161122602
2015-04-08 16:00:00,11,158.53193338665,492.691401107611,91.1792577593521,34.7222212053645
2015-10-11 07:00:00,11,155.083281746224,511.451254424963,86.8356092448992,38.0509963786287
2015-11-04 15:00:00,11,174.260762951707,372.820439832098,94.0702097831362,29.82832009846
2015-11-13 22:00:00,11,180.381129270315,434.770370037242,102.724734305874,48.0142912688943
2015-12-12 14:00:00,11,202.984434427502,510.385221504352,106.439304402569,38.7155615334109
2015-09-12 03:00:00,11,164.948005780483,474.708015224927,106.00135753803,38.4582422092067
2015-09-17 16:00:00,11,164.874382216159,469.334208870478,111.490688894896,42.2145326668798
2015-03-17 21:00:00,11,160.722114047281,484.028407753185,76.1862047166204,40.9968571508471
2015-06-27 11:00:00,11,154.806088028386,430.769596445308,103.916300071533,39.5443003897649
2015-05-26 07:00:00,11,159.826957734665,379.791867275378,96.6755163181638,42.6043778145685
2015-08-11 12:00:00,11,167.739820856043,447.613296572527,113.24757627934,32.9828356057478
2015-09-02 06:00:00,11,165.045840013906,463.200178791043,105.52061808259,41.7064935506203
2015-02-21 03:00:00,11,164.670644382858,490.489120150075,108.0057422996,28.4309246968536
2015-10-25 09:00:00,11,195.512304490277,439.236524621093,104.15873704026,36.1789387047462
2015-05-04 19:00:00,11,159.828834213663,345.120956385449,95.464597575069,40.9054291856362
2015-11-08 23:00:00,11,156.086414414608,430.229410931653,89.9213446444145,40.0957849548327
2015-09-13 15:00:00,11,198.572602407882,598.111529404277,102.83597551281,40.1269820692229
2015-04-02 02:00:00,11,156.622762546293,442.44453058009,115.000495741861,39.672002555731
2015-01-09 08:00:00,11,164.268211627924,481.69486121831,99.5775824340345,36.0771755300154
2015-12-30 05:00:00,11,176.230977181505,420.351151105833,92.6639024252951,42.0410493342162
2015-11-06 13:00:00,11,170.29305147303,454.677467131307,99.3702629267321,39.9620543641608
2015-12-16 22:00:00,11,164.27603945165,454.188034812081,93.1548960150937,37.4809933893563
2015-02-17 02:00:00,11,163.521980704709,421.274908031231,103.896955030431,40.5405248623846
2015-01-06 07:00:00,11,177.846162720922,494.050630156855,94.7230470756789,39.1044207111218
2015-05-17 10:00:00,11,201.257844212781,432.530060461971,90.6667738188872,41.2367033543466
2015-05-07 18:00:00,11,153.362842620604,413.515144399191,106.252626505393,39.1443258697294
2015-03-03 09:00:00,11,195.92723151294,428.217574948477,104.234148550696,40.7377387517544
2015-09-26 11:00:00,11,193.54587646858,492.883368287857,100.200563068351,40.5686600996329
2015-09-12 04:00:00,11,164.987325866582,513.727210794409,104.086140049948,43.1757748046088
2015-10-24 17:00:00,11,163.332358890164,542.783726014072,103.988118713116,43.4335737262183
2015-02-16 13:00:00,11,177.00692004214,437.308077596784,88.4668097772161,35.8974693773003
2015-07-01 14:00:00,11,178.434472166957,426.100332814347,107.99269171252,46.8255085045836
2015-03-27 01:00:00,11,167.493088040676,535.629495231716,84.5263988285761,42.1555804936597
2015-01-23 05:00:00,11,204.144830112137,380.38470855789,95.8495664037036,38.0093881694792
2015-12-04 21:00:00,11,179.109929371449,511.802278127447,102.80285744637,34.1339160071651
2015-09-18 13:00:00,11,160.951031187186,510.295288021059,101.246445262088,45.3302330525535
2015-06-17 17:00:00,11,161.543040697628,423.429980084123,118.344162330485,38.9122345325745
2015-07-06 13:00:00,11,165.027893730897,448.349699321901,104.040789840947,41.2528320226206
2015-10-09 14:00:00,11,180.507640768602,475.626137984852,93.6836364485509,39.3216164443129
2015-01-25 09:00:00,11,187.944546518888,448.733171902078,106.889577402148,40.9003633417012
2015-01-27 08:00:00,11,169.158634294993,453.247985716992,138.58286531373,28.0576821392929
2015-08-09 10:00:00,11,175.001940873383,478.906679431962,89.254701776712,35.4490460490941
2015-03-28 07:00:00,11,165.081554686853,430.955547957343,92.5603907155048,37.3527943467858
2015-02-11 11:00:00,11,192.822832603419,424.16763604185,103.508274077956,31.972101975286
2015-07-06 19:00:00,11,158.846788989357,504.193107742474,106.857212269698,40.7795971426009
2015-02-22 18:00:00,11,179.125876130042,467.116715817704,111.591322074272,40.8212957088376
2015-07-06 00:00:00,11,168.467426589572,429.952111124619,105.440225736323,40.6306429241535
2015-11-09 10:00:00,11,177.546015993569,442.275268566895,96.4156078351957,31.3703348618024
2015-10-09 10:00:00,11,182.436209151912,499.648453484702,92.2473308508938,35.7503528447368
2015-04-04 15:00:00,11,165.632914352176,465.756958702053,116.591381986113,42.6883775961569
2015-10-30 05:00:00,11,169.022704966451,508.451311848962,98.1860463535982,34.8329670392402
2015-09-27 03:00:00,11,180.430399265366,462.742221159749,116.78668519168,35.0889477988717
2015-07-21 07:00:00,11,158.737545003217,460.193452077716,75.4338957002893,41.4667968419227
2015-08-16 11:00:00,11,179.901429748666,542.137929538806,113.94515977108,37.8313023372164
2015-10-31 10:00:00,11,182.72298151523,408.951443403342,119.511873426411,40.0315331036788
2015-03-21 05:00:00,11,177.028917038496,509.586607880982,114.156968493512,37.6671989421044
2015-07-17 04:00:00,11,182.672025286474,512.338410595118,85.0613135322146,42.7641156620307
2015-06-09 12:00:00,11,178.621769214698,532.660465901321,98.4215845340734,40.162381853164
2015-10-24 10:00:00,11,175.740971080608,454.506504175952,85.0561646904338,34.2051719716994
2015-06-16 03:00:00,11,171.292565546014,460.478026955965,104.362482236801,38.1355412584122
2015-06-14 13:00:00,11,159.251828624439,501.171012704477,96.0850953238804,42.9085571753812
2015-02-23 18:00:00,11,200.931471610199,447.809034739651,102.428848079532,37.9983757706642
2015-12-12 19:00:00,11,174.840978873157,473.287030730205,100.112545941968,48.6643865314485
2015-07-12 15:00:00,11,166.517725102926,466.67424981336,91.7685130403148,47.9563022742659
2015-08-23 19:00:00,11,157.599075776318,395.748316531827,82.1487103156159,32.6957529392646
2015-03-04 03:00:00,11,174.06528698024,433.657864381446,113.063769292458,33.3893129245602
2015-07-06 22:00:00,11,147.356636719574,429.604823381372,98.0329051400539,49.0081882446037
2015-02-16 04:00:00,11,203.670051226409,461.483864870277,92.9485346805671,35.9163258926405
2015-04-04 22:00:00,11,168.996781355052,480.86340172762,104.474875320422,41.9891429157919
2015-12-08 21:00:00,11,169.89305750659,490.126835774576,88.7645234858352,36.7957521384836
2015-05-17 12:00:00,11,154.978069185761,505.017526631307,92.4159865592802,39.3553191561969
2015-09-09 05:00:00,11,183.290455033589,561.677299670799,114.918910659578,30.9221161458206
2015-02-04 02:00:00,11,146.871826945992,537.437525257458,101.169054833605,35.6350525957839
2015-03-11 21:00:00,11,181.848220076124,492.721767811377,107.353611798013,37.416835680897
2015-02-19 06:00:00,11,167.776085592047,468.390954932253,122.560338472031,45.9419471106885
2015-08-25 17:00:00,11,151.46853456207,404.703841293873,87.3402764086013,40.2543165630411
2015-03-11 20:00:00,11,181.639011155509,479.38649886427,81.5073776845655,35.0059325888591
2015-02-07 01:00:00,11,165.671869818683,386.092475258463,115.391423799804,43.0324702322993
2015-04-09 05:00:00,11,167.394894442385,465.371550921721,103.2257612322,41.8848849145306
2015-03-03 06:00:00,11,188.172041024032,429.519603798114,108.819980892981,43.4324453599408
2015-05-12 08:00:00,11,170.659378048967,398.598515781499,77.1512694398984,46.2259696877898
2015-03-10 21:00:00,11,174.64123789162,459.007234825833,82.1513205849008,43.2278356115177
2015-10-05 22:00:00,11,166.370492701344,484.141925220269,104.526721936433,45.0446707203331
2015-07-09 12:00:00,11,179.07840667545,388.759892755702,106.244149508935,48.4618248876629
2015-06-22 08:00:00,11,155.409764235799,501.612992253943,111.887777436909,41.3526370870576
2015-05-30 15:00:00,11,159.173951365945,502.015879485125,81.2119565101782,31.9738585852405
2015-08-22 17:00:00,11,167.16220839938,488.436928937549,84.6472742234098,39.6085659726522
2015-09-04 16:00:00,11,179.422553903541,411.168677575525,95.5732349201674,35.4000672338103
2015-03-02 21:00:00,11,190.109955401341,448.103996408954,89.2377738549415,41.0139766837594
2015-01-21 14:00:00,11,161.955667399884,294.394651873052,103.752131942654,38.8263625309437
2015-06-20 20:00:00,11,194.261145992062,494.978301596291,96.9329602742014,39.2753176562695
2015-06-08 19:00:00,11,192.949862997532,455.301107487867,84.1306448355704,37.4669166207153
2015-03-28 15:00:00,11,156.713903466218,463.221700429239,112.44759839187,34.771186470276
2015-04-08 04:00:00,11,158.626051853634,512.157586770816,93.4724636504189,34.5215991795612
2015-06-09 16:00:00,11,190.278399583551,495.607351932111,100.99608196779,46.0721526632689
2015-12-23 03:00:00,11,150.685949621374,493.06468129064,102.908863016068,44.6873346652988
2015-09-12 20:00:00,11,171.689893235375,473.758722489778,106.489529164703,45.1188018145402
2015-01-02 03:00:00,11,163.643644988959,409.251448075514,110.529198922868,30.6349153619306
2015-11-15 23:00:00,11,157.850895077901,365.545764651939,92.7014324765422,48.2815554118136
2015-06-02 05:00:00,11,168.338083318877,413.358518565305,107.446342152405,39.2395106752099
2015-01-05 15:00:00,11,176.796606312357,413.151182490719,124.179882411699,35.5311863455342
2015-09-19 21:00:00,11,174.316689462373,396.898540264269,124.150590788546,39.6285576765819
2015-05-07 22:00:00,11,201.576748686904,363.156896062656,104.418047331341,29.2048743387521
2015-09-20 21:00:00,11,162.664407717385,419.645387597933,108.658678998336,43.0189130484635
2015-02-06 16:00:00,11,182.791836881862,506.74409838521,103.171803117628,41.5853628960304
2015-10-13 03:00:00,11,163.238423765308,452.868193868553,118.934761131874,32.4515477712074
2015-09-15 08:00:00,11,187.109521232955,493.215337015008,82.4970996064296,44.7531141007786
2015-02-15 12:00:00,11,174.709589654633,502.243987798444,103.889330254715,32.5351358554703
2015-01-19 09:00:00,11,169.960476603395,302.954823848513,105.090114197835,52.761646282986
2015-02-21 11:00:00,11,161.583455811744,455.440663362465,100.979951690553,40.4796968728714
2015-08-19 02:00:00,11,172.50821468514,408.479017810191,90.3625570882256,39.5576138305833
2015-10-14 15:00:00,11,175.154156654312,401.045774179044,97.947221375612,32.6598020637342
2015-06-21 23:00:00,11,161.545728129821,443.780744797456,109.227025201614,31.7462461476781
2015-12-08 19:00:00,11,179.13486213148,423.696286898659,102.085406960008,31.0863966428732
2015-12-02 10:00:00,11,132.849460529229,345.730261578006,106.287613506117,52.1958767085588
2015-12-29 16:00:00,11,150.84083369714,467.67000204894,123.02886462144,45.4049856829517
2015-04-14 09:00:00,11,144.700296409306,439.223436651726,108.997410596528,42.4490660418329
2015-06-10 01:00:00,11,189.470495681805,477.919900441217,91.8017480527372,30.9340863571782
2015-01-05 22:00:00,11,175.281732090957,498.223404065246,102.946839016134,43.1153426361504
2015-08-29 05:00:00,11,175.809288066425,497.529707269371,97.3807426118967,35.684795035227
2015-09-11 05:00:00,11,162.067831847882,472.708024184005,101.030495298256,38.2057868924727
2015-02-04 22:00:00,11,183.765459700857,476.81379614911,119.411544732818,42.1335882399931
2015-03-13 08:00:00,11,154.996835739368,440.771780782294,97.1319843193787,39.0984322592547
2015-11-23 01:00:00,11,158.73101270276,369.453479254325,131.327068626923,37.5142924995133
2015-12-29 09:00:00,11,168.339082858546,439.308469099454,128.334654641426,41.6914072550648
2015-08-29 01:00:00,11,175.963654221641,530.980364779085,85.7629432051749,36.5607332100224
2015-06-23 07:00:00,11,159.00478903048,398.931549248141,96.8507944700708,39.0442636812931
2015-11-08 22:00:00,11,139.654785890304,393.372093841106,90.7290529658869,47.1037016394449
2015-07-20 10:00:00,11,179.732440141917,456.557006160303,113.539527404587,45.6915556568949
2015-07-30 07:00:00,11,166.791139796215,436.42574015402,97.4425837848353,36.8790339580024
2015-01-16 22:00:00,11,170.567358597451,484.640476343546,112.769342402236,38.6804488788009
2015-10-24 11:00:00,11,204.027881951577,361.411917690164,91.6308717044642,39.6588368205463
2015-01-12 07:00:00,11,148.69058753542,466.74706628711,97.9624918037212,41.6597421579109
2015-10-30 12:00:00,11,154.19741264504,469.881613432614,118.603954529519,43.5864648086497
2015-07-16 18:00:00,11,157.912890347476,461.298969979223,87.7626247703831,42.5273138857755
2015-05-05 04:00:00,11,174.689834768854,429.254006992221,110.783165508028,30.7025792944721
2015-12-15 20:00:00,11,183.942803211443,433.194066248415,118.787393533566,38.765249911363
2015-07-24 06:00:00,11,160.254867976404,541.628634752263,82.9805345959134,39.4490717323317
2015-11-06 19:00:00,11,189.731141000747,506.746819295885,97.8114170578635,47.2912114400988
2015-07-30 10:00:00,11,139.092066094488,422.219616705979,114.278410278209,41.9526877003875
2015-02-21 18:00:00,11,158.545455634408,444.968605655941,114.391953460727,44.1654289034961
2015-02-15 03:00:00,11,171.183179267438,360.203279439129,110.490884991869,42.4075909874689
2015-12-17 05:00:00,11,185.740647145999,411.706972767299,111.894616758484,41.6486927431989
2015-10-20 02:00:00,11,172.474849882221,455.829966509423,94.9574000124308,30.7557724638554
2015-01-27 10:00:00,11,164.052778210872,553.268411433293,110.250634854384,50.3065666728404
2015-07-31 18:00:00,11,194.333725051139,415.33345359419,102.173551551368,44.6759105413484
2015-04-20 21:00:00,11,172.967390993974,459.243840965767,101.900507996189,40.5945685318092
2015-08-03 00:00:00,11,158.815784592548,399.50840317311,86.9270052642821,44.2342610399334
2015-02-18 21:00:00,11,181.169852092105,574.498486058943,135.813556116241,38.2640966081814
2015-01-05 11:00:00,11,186.074344776095,355.135760723356,103.270401042259,42.1863954206669
2015-04-04 07:00:00,11,174.094913647778,506.275870238619,105.361845802908,45.8444675291712
2015-04-13 23:00:00,11,186.3862665491,495.399443808101,118.519842409279,41.2779874582918
2015-01-17 19:00:00,11,182.756406355018,363.444444359526,97.7635792258102,42.7050137169245
2015-12-24 01:00:00,11,165.171084092177,465.30943833724,91.0506137430451,36.9861487372121
2015-02-12 15:00:00,11,161.025817708636,413.019895383965,97.1995268944121,49.6550476655917
2015-10-22 15:00:00,11,168.164119491295,412.705573620803,88.1708994624077,46.5064210783146
2015-10-27 04:00:00,11,157.959007796394,448.692031281047,97.1625760737277,46.0767011900559
2015-08-30 16:00:00,11,149.804486103379,476.127654133036,83.1135402249286,38.0419999334958
2015-03-03 11:00:00,11,182.332476197082,526.636775821166,104.301290017406,44.0019319955273
2015-04-25 20:00:00,11,137.552817093605,417.472152202051,93.9239239825724,39.9784075354432
2015-11-15 02:00:00,11,217.586256977622,419.446764976487,113.025507486749,44.6486384857779
2015-12-25 05:00:00,11,162.546804780316,410.522329846568,110.884606273432,50.3244817363674
2015-09-09 23:00:00,11,169.187657329742,458.696321996978,110.244565491378,43.7719158010705
2015-09-24 21:00:00,11,178.915147382633,336.721276200106,107.823106196804,49.109785349851
2015-03-24 18:00:00,11,190.565398679116,387.923288329229,84.0433859638906,47.1540456669536
2015-04-25 19:00:00,11,178.997385537265,452.375941196821,94.1198514061573,49.3374294561929
2015-02-08 22:00:00,11,164.582802129644,516.423511907498,98.5471757154495,34.7824101664046
2015-05-06 12:00:00,11,195.941974644524,502.915186050925,114.916908383681,37.6060215190413
2015-02-04 17:00:00,11,163.284258293871,487.229845223054,106.964220745074,41.3518139710816
2015-07-08 21:00:00,11,161.133688098942,476.912769923817,98.2046362987401,43.3550559438085
2015-03-15 12:00:00,11,172.118996890342,490.393749887634,109.858611219011,31.7594660925694
2015-02-08 00:00:00,11,158.977770996632,534.650287755254,88.131712125013,41.1800872536636
2015-08-02 01:00:00,11,173.921324841106,506.748805008056,96.3713860579054,38.7012584899324
2015-07-12 00:00:00,11,184.599761363521,436.657241820759,86.1771286205883,45.2739758433245
2015-09-07 04:00:00,11,177.784442065594,474.36792947858,126.814955577155,48.9352595226742
2015-12-04 11:00:00,11,165.814679633901,370.580253408145,104.641166924318,46.5905126326191
2015-01-31 04:00:00,11,202.392945677721,334.662742250596,106.453476910864,39.2677896812616
2015-10-02 19:00:00,11,168.549316792849,469.453261292168,109.07325196814,33.6497509085037
2015-09-24 19:00:00,11,159.250530297336,440.880920357582,99.4093544037719,38.3545739663788
2015-03-06 11:00:00,11,200.496417965707,421.079833290566,110.908141690585,33.7806473267252
2015-11-26 11:00:00,11,173.849838048317,501.120411656822,92.0493214516827,45.8911300017975
2015-07-30 03:00:00,11,149.631723445667,359.596904184463,95.7244119731694,44.3391719283515
2015-12-10 09:00:00,11,179.846575694651,484.486916923212,89.6941409049302,35.9579635059446
2015-04-12 11:00:00,11,195.213756392663,542.538121737754,103.899405678935,37.2259851266971
2015-07-09 08:00:00,11,180.082148108277,365.74947333113,79.2659341539896,50.169603158708
2015-05-19 05:00:00,11,183.528601633467,491.561302529428,99.2290110852588,39.1448195193738
2015-08-30 09:00:00,11,184.764136847827,467.594834076975,109.344147893159,41.3730928159027
2015-09-22 04:00:00,11,146.413175395677,428.785274921878,118.790358910858,38.4863972244141
2015-11-14 10:00:00,11,180.666186403082,361.601116247648,98.3719724273956,42.052922039111
2015-05-07 15:00:00,11,165.245741929953,366.405456221255,106.88754062708,40.6104462670629
2015-01-01 11:00:00,11,135.334851825083,430.893352310054,89.29681229066,34.6824229428446
2015-08-15 11:00:00,11,173.561236797318,457.39254390188,100.64389823523,42.0049648748255
2015-04-07 14:00:00,11,180.339522557969,390.673758700177,91.3283267823975,42.7954852235626
2015-10-10 00:00:00,11,164.016788715925,493.108865639466,111.050605835131,33.3030553894369
2015-06-05 20:00:00,11,148.079756731404,394.238684545994,95.2781140654881,34.849051496987
2015-01-25 06:00:00,11,161.953941293182,489.258871605024,88.2264446023025,42.1924196930182
2015-06-08 01:00:00,11,187.669863571002,403.59808102482,93.0664951288589,34.3440391219843
2015-10-01 18:00:00,11,158.778762902989,433.630382699942,122.80597804207,41.0974679213741
2015-12-06 19:00:00,11,156.508797134579,485.603361308108,109.284945071191,42.028996321561
2015-08-20 05:00:00,11,178.02429549702,560.985644738542,117.913760156696,36.5569109325418
2015-04-28 17:00:00,11,171.977003111139,448.760829589992,107.294460697926,46.5337988919942
2015-08-11 23:00:00,11,160.026925601179,355.289957976097,96.3673857170273,41.5769869222195
2015-12-04 03:00:00,11,177.571120172523,444.071342213212,94.4365799583246,39.004443925205
2015-06-15 23:00:00,11,141.704592048902,452.191382884201,92.0859244229223,40.2753056063523
2015-12-15 02:00:00,11,158.706685301304,406.234597934424,109.267407323068,41.5214680152398
2015-06-18 08:00:00,11,138.238041711608,547.136516007599,88.727412563928,43.4995972721264
2015-07-23 23:00:00,11,187.803888537263,465.597653362374,92.0212417633728,49.0133984744352
2015-03-11 06:00:00,11,187.082160839674,483.54320951804,124.710182551339,46.8181660285524
2015-03-12 23:00:00,11,181.771989394952,472.159253505694,117.55313563682,44.6520899542997
2015-09-13 20:00:00,11,169.163439790602,558.503655700083,101.986393237446,39.4790655659129
2015-01-15 14:00:00,11,169.001264499337,471.872811534475,84.0983889668711,34.2673325794075
2015-07-31 11:00:00,11,167.385917216448,440.656535929867,106.793340718569,42.7188039810064
2015-07-20 13:00:00,11,167.777467373358,474.253882264778,84.2056133013222,43.9439528746454
2015-03-31 11:00:00,11,185.254503866549,395.312947137588,96.3587256249308,43.2897986628255
2015-08-23 08:00:00,11,179.060973388558,303.885384455725,96.3857934421274,38.4245874631106
2015-01-14 09:00:00,11,174.576852024461,446.246563745918,100.132868996781,44.7077179567236
2015-04-07 05:00:00,11,159.889177651113,447.499388101981,106.783730152908,32.3576582725034
2015-06-25 03:00:00,11,190.351165791036,460.055175216676,105.996663355304,35.85942565228
2015-01-31 23:00:00,11,156.767598709959,389.523542661026,113.663289858105,31.2731267639172
2015-10-27 16:00:00,11,195.241121725171,409.786523581366,101.587988684795,38.6651421948967
2015-10-18 07:00:00,11,173.397103811,424.538448205718,97.017792732967,39.6281501312653
2015-07-03 08:00:00,11,184.807773530336,447.672721380242,83.0075877856886,48.7968781406733
2015-04-06 14:00:00,11,185.179996071864,478.282300483159,100.50895080778,39.9250099741261
2015-10-16 14:00:00,11,190.944711680486,351.718264159601,77.7634917757571,32.9862997904327
2015-12-28 21:00:00,11,180.209893001127,501.913252399703,115.097304529139,43.397544408935
2015-10-08 10:00:00,11,201.65378108762,443.684019952128,116.927565020192,36.4162508588119
2015-05-18 20:00:00,11,176.244782199997,454.63138471257,88.7391976304842,42.5199547658118
2015-09-23 17:00:00,11,153.458415266657,421.81506804176,88.7987701760822,34.0431105674452
2015-11-16 23:00:00,11,172.012090519828,512.032923786208,93.731160771313,37.0211643843496
2015-08-21 07:00:00,11,141.685411473603,462.612028327746,98.4459206246717,47.8192079491478
2015-07-22 04:00:00,11,162.678146631779,456.211600583592,89.2847781814682,44.4808111751479
2015-10-02 17:00:00,11,190.24836994112,437.786723098761,98.1586066261183,45.1131896656215
2015-11-13 09:00:00,11,192.218005638036,446.709655601939,100.340297619209,40.8685896394441
2015-05-06 07:00:00,11,169.253707270263,360.970818731404,96.3612667296489,39.072153386109
2015-01-24 03:00:00,11,173.219832474245,538.344523274445,103.26758243413,43.533821080085
2015-07-12 05:00:00,11,181.66660512433,422.973242634498,95.2213541056035,36.9056646217001
2015-10-20 20:00:00,11,182.437164357996,387.072240419161,112.084582686505,32.8165593268664
2015-07-07 21:00:00,11,180.332080603916,423.155022302123,97.7456002178052,38.2173753055033
2015-11-02 00:00:00,11,168.433747406402,477.578475687036,121.305756666904,38.4914623091314
2015-12-28 12:00:00,11,161.97503588543,449.766802590246,127.183225010093,36.4467078749301
2015-01-14 11:00:00,11,149.060005187212,481.781748722511,101.809760914573,43.0354536706632
2015-06-20 16:00:00,11,178.456074745825,420.424269893042,88.3788991955112,38.787442317305
2015-04-10 00:00:00,11,186.668664076445,404.032810270157,90.452772094337,38.0417617490609
2015-12-01 17:00:00,11,154.381551688523,604.566065749359,93.9871681755257,50.0805092584766
2015-04-22 16:00:00,11,130.982729348718,403.76083749333,88.4144331613631,43.4250079221489
2015-12-04 13:00:00,11,156.671402235275,447.606011791776,99.8492500341269,41.3974707977881
2015-09-29 12:00:00,11,159.365460586788,475.296278795685,131.167221844455,32.6224094108928
2015-09-02 12:00:00,11,174.633632846181,377.699045693615,103.200348516745,39.4074082519509
2015-03-18 01:00:00,11,172.906507576666,469.852072429487,108.688228230468,46.454325014527
2015-04-28 06:00:00,11,161.706649545025,480.165098196623,106.294233304461,51.7410046008329
2015-01-16 01:00:00,11,173.223712797239,503.031157484084,114.79581806585,40.1599925693684
2015-08-29 07:00:00,11,170.249432701125,504.615832221223,94.2908479656374,46.6069077592506
2015-08-31 03:00:00,11,179.123972830452,465.636913958425,101.069032438044,36.804442044949
2015-06-23 17:00:00,11,161.91201067513,485.752158215994,79.5603510896244,43.3903121115365
2015-07-09 19:00:00,11,163.217938128483,526.867459015677,99.821528071852,40.1742118145794
2015-11-06 21:00:00,11,165.816434425944,461.555858594099,103.222721784878,47.1724131326732
2015-05-12 07:00:00,11,172.235389703536,427.066075018307,100.714497525102,36.2572560336464
2015-10-05 09:00:00,11,176.073514133578,332.314100576561,89.2713486469487,38.0409606092941
2015-04-15 08:00:00,11,147.538772477339,422.798689196096,91.3880591237465,39.7036500396898
2015-07-02 05:00:00,11,160.456059142996,476.919083253783,93.4527164480452,39.9334238672387
2015-05-24 15:00:00,11,161.674317486997,329.279950120286,100.990937457828,45.9291154775163
2015-01-22 02:00:00,11,181.461889243855,375.24712337902,122.776697137593,44.3275840868946
2015-03-24 12:00:00,11,168.130866664304,388.455818047849,99.2225994345208,52.4343075983101
2015-03-28 10:00:00,11,184.441974943412,419.718114660894,97.1033423494636,34.2793222171323
2015-10-01 19:00:00,11,177.155601958388,394.652590015817,142.278663542884,42.4666579516508
2015-05-23 08:00:00,11,159.56378831275,456.765355303483,109.509817581123,30.8404370059595
2015-05-12 21:00:00,11,174.062264394484,472.610380596419,115.692357717873,38.3707393073105
2015-04-22 20:00:00,11,160.986070616863,524.267941470662,95.676439687479,34.2753947659724
2015-02-24 13:00:00,11,201.991752821105,421.145574174512,100.80529266791,39.2098150133873
2015-06-18 10:00:00,11,135.645776522625,541.903750715342,85.1315565563703,30.9503031463236
2015-12-26 03:00:00,11,189.882791659406,415.28856199014,98.1017494057006,34.9056580876046
2015-09-17 11:00:00,11,199.51703595653,456.833080988618,110.86042191372,43.4436040729433
2015-12-08 13:00:00,11,160.380092780815,464.476557978837,125.402416260339,38.6395990694097
2015-04-17 17:00:00,11,164.69910504409,424.844038412625,97.2395821496131,41.8078789091137
2015-09-05 13:00:00,11,217.793389787531,345.492256881104,97.7847465002157,44.9373079812775
2015-11-05 10:00:00,11,169.190148549678,428.236825876957,93.4087736186591,43.6758511364835
2015-10-15 03:00:00,11,184.937842698154,437.077200317813,108.760932902174,38.0662261254314
2015-08-10 04:00:00,11,154.507859597604,474.005710328651,102.957087693563,44.6199068421525
2015-08-14 19:00:00,11,158.886845460683,455.442632945314,113.587933856114,33.0552907884212
2015-02-18 09:00:00,11,174.29536795213,407.281231074279,109.810945617834,36.8202698542148
2015-06-13 20:00:00,11,161.311474250267,469.44307159908,102.911781642866,39.7841786007701
2015-06-24 16:00:00,11,158.216522158897,424.775369176262,99.1869514328056,43.121426628093
2015-04-27 07:00:00,11,156.143644830022,429.289720512811,102.051652505547,35.0788488079016
2015-10-07 09:00:00,11,132.727994508421,407.35638646525,106.043022834314,37.5022606620196
2015-06-21 15:00:00,11,160.269076113827,502.662078386492,98.9429704735363,41.1281346565521
2015-12-12 01:00:00,11,166.671735660381,404.898001826751,104.658796701565,37.0471481104938
2015-10-05 04:00:00,11,194.721572530792,456.527210836912,93.8785448164211,39.6876991582944
2015-03-31 09:00:00,11,153.811456978962,463.879358530236,94.8876706337278,38.2482997972678
2015-02-28 09:00:00,11,152.705924344422,480.736768344725,97.1515133028116,46.3045940061714
2015-02-08 06:00:00,11,189.207776156607,442.32608055885,101.110664653858,47.3084675936976
2015-08-15 17:00:00,11,156.494252117721,460.244783801991,115.922359968088,32.6135788779352
2015-10-13 11:00:00,11,155.888529085178,534.698679366832,93.9580248221674,38.7147824208609
2015-03-16 00:00:00,11,158.115786465589,430.208822852846,108.508797982107,43.8739510663002
2015-04-08 00:00:00,11,165.217673051257,558.630144358967,89.0792088698241,43.7794748786298
2015-10-01 20:00:00,11,189.348411758173,507.584523690344,120.579834885868,37.7997006464762
2015-06-02 09:00:00,11,172.013523574521,435.547779529521,105.575863857407,38.5405903456868
2015-08-06 09:00:00,11,164.164165000279,402.086556733965,100.24431621432,32.5122713344526
2015-08-25 06:00:00,11,139.045618581572,402.305064792217,117.673625234749,44.3779104930446
2015-05-22 02:00:00,11,172.876110936559,449.64268978016,81.5644554625981,34.5272307709459
2015-04-15 05:00:00,11,156.153174952856,343.890424204765,98.391911180009,42.2567823582057
2015-01-27 05:00:00,11,177.078196651429,417.211484000766,124.501195271715,40.7791145932113
2015-09-02 19:00:00,11,151.526476452674,476.595506986232,110.006178172434,44.5809309189599
2015-02-14 07:00:00,11,189.06221569731,526.264889914075,111.494931693632,30.2581032403919
2015-05-30 14:00:00,11,180.261012905957,435.310084539117,115.429444903094,41.2199830960129
2015-12-02 02:00:00,11,156.820332614397,352.147288938328,104.473376130284,56.1341796839829
2015-01-02 10:00:00,11,173.134543421985,483.270441920228,94.9826808757485,32.5179695278691
2015-08-12 03:00:00,11,165.534003226064,469.089547323568,108.877429349357,39.6401773037352
2015-11-16 08:00:00,11,160.126218503646,384.124788754683,79.0085462324872,42.3649482530736
2015-01-29 12:00:00,11,159.192990485975,340.333347947627,107.920815953264,34.2039302908958
2015-05-16 07:00:00,11,210.019220596183,394.56334017988,107.155853481911,32.0801690663246
2015-05-23 07:00:00,11,192.557090970499,474.736266376432,104.054306610071,48.9007320992277
2015-11-05 13:00:00,11,181.06368423774,477.392470218919,108.598909215333,37.3587754020531
2015-04-29 17:00:00,11,179.760754029429,495.036250894979,92.7332416668664,37.2673309687566
2015-06-18 04:00:00,11,153.97783662209,397.713282880266,82.9041595873653,36.2035111895789
2015-08-26 04:00:00,11,164.388988814399,576.816224981317,84.4668492490451,30.1059475196419
2015-11-16 20:00:00,11,152.784574603655,427.355393389145,94.7625803543911,42.9066792865402
2015-03-18 22:00:00,11,144.234663565562,515.147548248087,96.111402744699,36.4161980370447
2015-01-09 06:00:00,11,187.965123421008,396.60052381944,109.843511485957,41.1902196449266
2015-10-29 17:00:00,11,188.599499701724,428.898324523188,101.825104841779,38.3416491086245
2015-07-23 20:00:00,11,188.692772905659,446.299556511756,84.8364231616195,46.7722558416841
2015-11-11 03:00:00,11,157.863169720718,442.102491528015,93.5348432144061,47.6761040094072
2015-05-31 11:00:00,11,142.662889667703,518.697057019888,107.802317680744,42.0415136543103
2015-10-02 18:00:00,11,179.933038473725,500.508595012046,90.9183445542328,38.7034918038078
2015-07-30 14:00:00,11,193.369688479996,487.276624138208,119.767722934264,40.0097323115803
2015-12-30 19:00:00,11,175.206689768384,359.403185980364,92.3850850279102,29.792005144959
2015-03-18 10:00:00,11,191.889626023733,420.275250125345,111.172183254892,45.8424174661407
2015-03-30 14:00:00,11,185.931342167961,389.086756241051,103.645841981272,35.8604948104232
2015-12-24 17:00:00,11,124.978337565126,516.276897912677,94.3805914638476,33.6568966253177
2015-06-14 15:00:00,11,177.168704784796,312.045729438389,106.928921709129,31.5954032652205
2015-06-18 01:00:00,11,176.710041621743,411.925995710057,116.841943222428,50.7489209785199
2015-04-17 21:00:00,11,165.210632764092,543.774757950932,107.843273837548,43.0172828645745
2015-12-27 09:00:00,11,158.858163558176,465.308562753139,97.1507268495074,38.1936752097489
2015-01-28 05:00:00,11,161.974864327169,503.786110595588,124.485345356395,44.0645450613222
2015-07-09 17:00:00,11,190.5056353095,383.32172391794,102.267177613884,45.91891546469
2015-06-04 16:00:00,11,147.760268430883,415.160774377213,103.224713732026,43.4202359448863
2015-01-19 07:00:00,11,145.587238808056,391.707356197246,112.300950219331,44.592449540066
2015-11-02 10:00:00,11,184.422416591468,502.245962043787,83.8279576848769,49.9321895689825
2015-06-06 13:00:00,11,178.629072303957,398.777842920678,119.340768540349,35.2165413543159
2015-01-21 22:00:00,11,179.634668556354,427.092776630896,97.5545553743635,36.9978929781624
2015-04-28 09:00:00,11,171.333679099734,456.923204336692,91.6632679295892,46.7941167695607
2015-02-07 11:00:00,11,198.069299215835,516.655525938335,94.8071652521242,39.6274632164878
2015-06-24 19:00:00,11,151.786745654706,362.033835056545,106.398716032014,37.2206785415137
2015-01-13 12:00:00,11,179.931222124767,467.358253703183,117.496300376798,34.61725060853
2015-08-07 17:00:00,11,150.756238605217,367.201323305493,99.4769258832658,42.9513601008693
2015-02-03 00:00:00,11,179.285390896423,481.094759934425,115.536066041227,37.1555729031283
2015-10-05 02:00:00,11,173.079966602571,481.875134233526,98.411044527574,41.4125132206228
2015-02-20 05:00:00,11,202.364124864292,453.088261767264,111.698732130328,34.0173017428689
2015-01-14 10:00:00,11,172.529332400986,423.813909890937,108.101384752395,43.6182812917495
2015-03-22 07:00:00,11,156.425483652285,573.559584066129,89.5252728853258,36.4567763977026
2015-02-26 07:00:00,11,172.41139285527,478.469693575674,101.525701886307,26.9670449635496
2015-02-09 07:00:00,11,148.858313242898,439.57178369953,111.67085688109,42.9675503038133
2015-08-23 07:00:00,11,144.889361634347,558.220791209842,123.508287649751,34.8736672816123
2015-09-09 13:00:00,11,175.103602058232,421.672696129495,100.434829210836,37.3931354800852
2015-11-11 10:00:00,11,165.747983551907,497.946831302896,111.140619598213,47.8512320949902
2015-11-14 08:00:00,11,172.55918273403,414.748819609886,93.3235319529273,39.0420656242858
2015-12-27 11:00:00,11,185.469855314219,454.812346123798,121.874123123317,40.3799401058554
2015-06-07 18:00:00,11,124.363328997258,450.844515513349,107.754986010528,38.0053087201295
2015-03-17 05:00:00,11,159.525486297457,479.697777448313,89.1975352302783,38.1478007234959
2015-06-01 15:00:00,11,152.914925826417,544.111743158458,113.227517945097,41.5819623050877
2015-06-27 07:00:00,11,178.06555460123,456.330474904004,90.7000262561848,41.2414467879286
2015-02-03 14:00:00,11,201.566242839301,433.116679498154,91.6381866011144,39.621775721294
2015-01-13 17:00:00,11,152.425232614586,401.729968513745,85.983585310382,48.9719966646825
2015-09-17 08:00:00,11,158.093662066346,407.663857677705,93.7147009931953,37.1770216874579
2015-01-03 03:00:00,11,190.296311094385,463.310642573021,94.7213240718076,38.4826054231912
2015-06-28 10:00:00,11,179.99026916214,406.688610129992,84.6042439506909,42.4601390277235
2015-07-04 22:00:00,11,149.46137706822,376.687288934398,112.375406949621,37.0031565303193
2015-01-06 16:00:00,11,161.024033140562,478.839859448835,109.041586661033,43.243833825808
2015-04-16 02:00:00,11,178.951414691145,492.92590594832,91.6064074923952,35.2693857953922
2015-08-13 01:00:00,11,154.47210802671,470.043490629236,119.138690645146,35.5308115148022
2015-01-29 03:00:00,11,170.610673522996,502.503564470688,101.515969172909,46.2023432410453
2015-05-16 00:00:00,11,156.708126107504,449.980009978759,105.703470469909,36.4423579382397
2015-06-02 02:00:00,11,153.745580313388,487.078392635763,86.1397831234015,39.1117294712828
2015-10-30 13:00:00,11,158.284460197125,387.520151989715,100.697440954098,43.1345159988463
2015-11-06 02:00:00,11,164.182494838053,459.826469958664,80.7748450260382,28.2527930968568
2015-12-24 15:00:00,11,156.944194963131,493.189802592314,90.8008693031118,45.5341599704901
2015-09-25 07:00:00,11,154.172616547319,363.790935067,116.491592023568,30.0697423967144
2015-10-10 08:00:00,11,163.570889994755,430.385116917158,103.560237588648,42.0930058210963
2015-08-17 21:00:00,11,171.28003613836,376.993140586466,93.5271566028541,41.644884472641
2015-05-20 19:00:00,11,187.297322164547,453.703798381338,90.3711117146194,45.121310487061
2015-09-25 17:00:00,11,183.947813461692,446.612249767487,111.070914083923,41.6688589916359
2015-04-28 10:00:00,11,166.259719865607,400.730271939982,79.5332132937185,52.5217268848025
2015-02-20 16:00:00,11,183.003642984103,475.722606292259,93.5012820422815,36.942239976572
2015-02-27 23:00:00,11,176.993937811003,489.957395775385,93.9940272028741,41.7523919578306
2015-12-31 16:00:00,11,152.486582019649,458.926781300507,85.858726922467,44.7581510477294
2015-10-15 04:00:00,11,179.128708333937,421.579047633785,81.7885409060134,38.5090370523559
2015-10-18 21:00:00,11,178.553481856302,458.641555106171,89.2861955894592,43.9881548737837
2015-11-27 06:00:00,11,167.094063781461,441.062795110429,79.5267878300933,42.3355138368057
2015-11-05 15:00:00,11,187.475013823766,553.966205114512,107.486306788116,43.6551296883882
2015-10-15 09:00:00,11,203.826209367822,420.133334027247,110.348235053632,39.456551606451
2015-10-06 15:00:00,11,170.861740310955,495.880173061985,115.48526422725,42.0865968295251
2015-10-20 21:00:00,11,196.196294965163,294.972830678851,108.084537681741,35.7675704286892
2015-04-28 21:00:00,11,165.361263429744,451.531277490808,83.0211696726729,45.7405302040281
2015-09-08 12:00:00,11,179.797370790459,445.205247155612,91.6995441713777,36.496270392446
2015-07-31 01:00:00,11,188.668809886924,432.194175865374,90.215905693755,38.3460149457867
2015-05-05 13:00:00,11,172.912981365748,244.218033025083,102.158549349567,42.9955703050078
2015-04-09 02:00:00,11,175.478448092813,406.685637564466,87.3234666465055,41.312044603521
2015-03-17 04:00:00,11,159.177080410208,511.656187292786,103.59419799633,35.2948827369775
2015-01-31 02:00:00,11,172.73332230708,453.666403033959,98.1446964602119,44.9501753878423
2015-07-18 03:00:00,11,151.887838167982,507.429750198249,104.490923172379,40.0998020706057
2015-03-31 05:00:00,11,209.627677680036,463.489755524944,105.540546851062,36.8517384102939
2015-06-01 05:00:00,11,166.398895385533,526.303785356699,100.557051291936,39.3140463481163
2015-06-28 05:00:00,11,162.967399404037,459.288296310542,109.942463418081,49.5567042897969
2015-12-09 00:00:00,11,178.651013623323,494.559333064844,97.9081147736159,45.2595653882625
2015-12-13 13:00:00,11,165.122521988376,466.09227712151,102.406426425384,51.474523148326
2015-07-31 08:00:00,11,175.410166292875,452.813078663861,86.2658677679167,56.049912065689
2015-09-19 07:00:00,11,141.971008839693,475.321493842126,102.462582287812,41.4867422354282
2015-01-03 15:00:00,11,191.819312140869,503.182410339837,101.40090718516,33.6620934963626
2015-05-19 17:00:00,11,168.687039635514,515.944708038935,100.374769036953,41.714748942518
2015-09-04 04:00:00,11,178.601881800479,426.283386320651,92.4126866848376,25.2279283541924
2015-01-21 07:00:00,11,185.346385115383,309.535641901402,98.1827914266602,38.9049393410628
2015-09-23 18:00:00,11,178.194859184891,520.355252241536,105.701615943874,36.6282410098212
2015-05-19 03:00:00,11,166.11238537404,403.921838044585,92.4069641906409,34.4235039632533
2015-01-29 22:00:00,11,169.964311992847,427.923671004885,102.75508259087,37.9491550984499
2015-06-23 01:00:00,11,173.997545921932,476.131366168138,96.2106596800066,36.2651454933743
2015-12-18 16:00:00,11,154.51828797473,390.277271134919,94.3989899647662,37.606388024774
2015-10-12 18:00:00,11,179.79273486352,492.072077174815,90.9294362507069,42.1051915550594
2015-11-23 05:00:00,11,162.7832199858,385.103151324573,120.330523771914,37.6771116188615
2015-12-23 22:00:00,11,172.903259473852,427.89783661583,108.948442369057,43.8122514407461
2015-10-03 04:00:00,11,176.138705052263,506.759284129953,90.9396962061153,35.5093357288761
2015-09-12 19:00:00,11,184.096937990733,469.434026926972,105.341625133166,47.4220308853809
2015-11-30 13:00:00,11,161.141551768845,371.134120832705,104.991662112467,40.1669579231531
2015-04-18 01:00:00,11,193.678498929002,459.199992511883,103.410099899335,38.8155217937742
2015-02-15 00:00:00,11,181.085650780926,493.854174145701,79.5490051932002,38.475474664564
2015-05-23 13:00:00,11,169.615749274745,443.405071180794,86.3457392523531,38.9692817171187
2015-07-24 16:00:00,11,137.16384344797,428.855648479627,100.958443614344,35.6039202687706
2015-01-08 05:00:00,11,186.212853564476,455.287452954259,92.2590601195824,41.1041928158021
2015-06-03 22:00:00,11,170.231032038148,537.252026604003,121.64162017116,39.3941263856831
2015-03-07 12:00:00,11,159.227575230546,603.752455924452,114.533866088324,39.3936351967843
2015-04-12 01:00:00,11,189.637952323919,476.539742505064,88.8135102864415,45.7091459115164
2015-12-28 02:00:00,11,166.96793233197,408.971152146857,147.285191693543,41.2472840858972
2015-08-04 21:00:00,11,170.814756859501,397.851231676722,98.8648355299111,33.33780569858
2015-07-17 17:00:00,11,171.488433350254,494.682448681473,95.8084515826802,36.0052033436175
2015-06-17 10:00:00,11,149.437617505251,422.540730991802,102.079006499505,40.7130068266888
2015-07-11 12:00:00,11,153.558733586797,454.637979350224,103.413233030853,39.3941837083512
2015-01-08 17:00:00,11,171.494070065871,423.259831173757,87.5971475322546,39.1557336154678
2015-12-30 16:00:00,11,190.401607734773,467.198646987138,90.7613389512914,45.1499048446948
2015-09-18 18:00:00,11,158.752020002088,403.862789142618,111.110934778963,42.1230407410964
2015-08-29 06:00:00,11,171.108114409535,396.41714365117,121.477121852449,34.6269382092455
2015-08-24 18:00:00,11,165.137361861219,498.652001575809,101.656158973252,45.2580176835382
2015-03-26 02:00:00,11,169.893769375721,502.892366937378,100.702044368979,38.722048070427
2015-07-13 15:00:00,11,181.385479626321,337.159381424668,113.806613155575,46.3710061459036
2015-01-04 08:00:00,11,192.248879739854,403.236898628942,105.008804437412,44.2560421918598
2015-06-29 01:00:00,11,185.652638026237,378.037140077109,101.51206795128,33.6914584294918
2015-12-02 23:00:00,11,181.570452421467,665.434290535191,87.822578353988,44.8616487974875
2015-05-29 04:00:00,11,184.474786279029,419.572339127012,80.9495989351549,45.628098087789
2015-06-26 10:00:00,11,180.537721502338,563.98926215082,99.71599551018,40.3065295403631
2015-12-03 15:00:00,11,188.055879516383,494.738287923575,94.6912707196115,43.0631201876532
2015-11-12 21:00:00,11,188.760706846671,396.13096565709,95.6226359057596,42.5082140856158
2015-04-19 20:00:00,11,178.154296717567,386.367362596556,139.650147408304,36.2157798132547
2015-04-30 15:00:00,11,162.216278236836,528.754580283693,102.873420404012,42.2472522227943
2015-10-31 12:00:00,11,152.570720339553,459.93034667106,99.7586945594265,36.053177802363
2015-03-03 23:00:00,11,175.633898618035,437.934662612139,91.366839999876,43.8400791647875
2015-08-07 10:00:00,11,165.474919378416,416.502518888001,106.388487682937,39.8150157819733
2015-06-19 20:00:00,11,167.52286157008,454.381637283969,107.871061420913,45.2349359026178
2015-08-26 01:00:00,11,147.709547386285,498.295474339837,90.5166585767877,34.81139969547
2015-04-26 18:00:00,11,209.218391583066,521.472023076523,102.222115208244,38.0981535759763
2015-01-29 10:00:00,11,171.451334270771,420.647588350672,92.0919656826774,45.9200502914322
2015-06-22 21:00:00,11,165.61266302544,377.358819079975,98.6017303552514,27.4627220327943
2015-11-30 03:00:00,11,151.04578310774,392.215106768757,96.1054715897862,45.343171533604
2015-03-15 13:00:00,11,155.27175959217,465.13648360909,86.7074867243138,42.8409436066691
2015-06-12 10:00:00,11,177.27435125051,520.397812148664,90.3089620103448,39.7606238629076
2015-04-14 13:00:00,11,176.738505770568,424.64502702439,100.094545241955,40.7084493495103
2015-04-30 04:00:00,11,206.178238917761,477.343900291183,85.6442294529396,38.3140271602085
2015-09-28 06:00:00,11,147.428229485849,429.38074036168,114.687689276035,47.1551790182596
2015-01-11 10:00:00,11,152.577559400421,420.372917881364,112.540556442602,49.3446846368071
2015-06-16 12:00:00,11,159.751242183672,460.01321161092,108.373822115872,46.5822575838807
2015-09-09 18:00:00,11,187.694143679685,392.293222613308,102.406545972902,40.3055538530201
2015-12-29 17:00:00,11,186.053958649707,510.112196092732,138.389457725761,40.1961889079948
2015-08-07 09:00:00,11,164.62451168721,437.472084126409,90.5605149358043,44.5579031151202
2015-09-14 19:00:00,11,173.315219633073,493.634845677017,84.4875436806672,42.2880721342268
2015-10-02 14:00:00,11,175.670566392314,495.674543302976,98.8929437898828,35.293229096931
2015-11-25 05:00:00,11,158.476903285347,515.633619371961,108.122577418059,44.7939315588821
2015-11-03 00:00:00,11,158.293109759877,449.485896259881,112.45216689264,36.637299165891
2015-10-11 23:00:00,11,181.678414747433,462.731111033406,96.4811089306408,44.5707705310496
2015-07-26 00:00:00,11,161.671755332705,413.549269933005,81.8357499110368,42.2607294761934
2015-04-07 11:00:00,11,200.842348534802,467.356289543036,117.799286981718,35.2586169360362
2015-01-24 01:00:00,11,130.881796320261,486.346160654248,100.730505348632,33.806755281989
2015-03-31 18:00:00,11,208.144762856512,454.304376126724,100.702552730094,33.3216612209278
2015-02-20 01:00:00,11,155.15752650333,434.679601723736,107.585512780803,50.7638028562259
2015-01-18 10:00:00,11,160.287114221333,314.813867905261,112.459882948918,44.0563054181998
2015-09-26 22:00:00,11,153.054861058495,409.992736725758,81.6132986867198,40.7881913135755
2015-07-08 23:00:00,11,201.399069631567,443.85669360815,98.9946337047671,37.7471296536152
2015-08-04 02:00:00,11,155.679135591828,461.054750189334,110.873805096631,39.3569409560184
2015-01-23 14:00:00,11,137.379308428201,422.120582750509,94.3904967954336,35.0706722243926
2015-07-25 05:00:00,11,173.047751617691,463.048121321426,78.2770277927496,36.5119012737267
2015-09-26 01:00:00,11,169.340706376031,461.799084411756,100.732276230186,42.3096284932963
2015-05-23 16:00:00,11,183.187860520202,550.411893728018,107.719552315113,40.718933894666
2015-06-13 02:00:00,11,170.626438141847,460.218996691331,96.8774683172762,40.6444370282673
2015-04-06 10:00:00,11,167.994130204145,456.614271113633,98.6963397603241,33.0079621756592
2015-01-17 00:00:00,11,174.146584714233,341.158603155451,116.260609773995,41.6199741922307
2015-01-09 22:00:00,11,157.020307107163,444.17649869962,83.0481358278197,37.7948569418767
2015-09-23 10:00:00,11,198.157885819406,502.87503880589,113.469119379319,46.0814600554393
2015-06-11 18:00:00,11,184.751649876076,511.164794286212,88.8806062379052,44.2758104895507
2015-11-13 10:00:00,11,174.621325831282,438.45293383141,93.4462164512856,43.2907478891068
2015-02-02 16:00:00,11,178.223087821506,507.085605695857,112.721063429469,42.7565418741958
2015-10-11 03:00:00,11,155.566440057541,460.111204318303,91.7046328784925,44.6536065940901
2015-07-08 04:00:00,11,143.142699029975,452.815237489319,113.437565613895,46.3871849458832
2015-01-28 11:00:00,11,189.151435706302,454.828631959973,124.610331096155,46.8420132383909
2015-05-25 15:00:00,11,191.254697918352,474.737233072358,110.108422783416,45.3215428199319
2015-04-20 22:00:00,11,176.904002336704,460.088839553953,94.6070563103187,37.6514873676349
2015-02-14 00:00:00,11,194.218579352897,375.774756735291,100.859775449794,45.9574344122612
2015-11-21 20:00:00,11,177.397235178744,523.167619033577,122.50225624489,33.538983229631
2015-03-04 06:00:00,11,176.838684336792,337.224735519762,102.161840353661,38.7507066494884
2015-04-19 17:00:00,11,159.683939312848,310.22631659188,119.678232313069,34.0200048107296
2015-08-28 16:00:00,11,178.124894450041,449.194165722676,101.691033327533,38.8274549070891
2015-03-07 23:00:00,11,188.369482889327,603.203564434245,106.89193180163,41.0224833576287
2015-07-25 00:00:00,11,160.388339280965,465.920892849697,108.291270351904,33.7966997140068
2015-06-09 17:00:00,11,179.831321117131,492.711289267605,116.121045795782,36.1056826831145
2015-03-12 02:00:00,11,160.041224243612,584.01414735916,102.003506179466,35.9583196062276
2015-09-28 17:00:00,11,164.070084540786,512.448719248597,89.0720522902933,35.487980385923
2015-07-11 04:00:00,11,184.153207552841,390.742647277374,105.273153282847,45.4895593188319
2015-04-29 23:00:00,11,164.027495821365,431.05558470832,90.793151072317,43.3787423971179
2015-06-04 11:00:00,11,186.517771567097,471.758126693009,93.0383907440189,41.7037968003382
2015-04-06 15:00:00,11,144.123394785108,525.647297217236,99.5981157464505,35.8683920523623
2015-04-09 10:00:00,11,178.313755770847,461.258596584885,100.536529248261,36.3768832208334
2015-08-11 07:00:00,11,165.281757408229,454.837404886435,91.6261164268568,40.0943782475827
2015-04-14 01:00:00,11,186.570521479167,378.876699727797,93.141250626196,47.5225830135633
2015-10-10 20:00:00,11,166.462724654096,407.520532930256,101.823965527866,46.8638744478594
2015-01-06 04:00:00,11,136.619477824599,421.936930632612,97.8382153703343,40.9265838553164
2015-06-26 04:00:00,11,192.220515964302,419.001100665007,109.172559628272,44.8484285567465
2015-12-27 19:00:00,11,170.365037719345,448.643582216703,91.8747099929779,35.354723019059
2015-09-20 07:00:00,11,156.28721547526,420.549321997621,106.151822216261,41.8909921925284
2015-07-19 04:00:00,11,171.578020549513,411.633137987897,109.714078648663,36.8286073954284
2015-07-01 23:00:00,11,159.09524969628,464.657272046925,103.789515439796,43.1608752114172
2015-09-08 20:00:00,11,160.684298546713,501.310129855699,95.6729725335138,33.0351477805312
2015-09-06 09:00:00,11,204.334747535284,393.810969372685,122.430668825372,30.3693288001167
2015-03-14 22:00:00,11,160.565089801072,444.34605454348,87.1012771579633,44.5366092353854
2015-10-18 12:00:00,11,143.715878643188,539.542108280699,100.247735772511,31.6967167744452
2015-06-09 09:00:00,11,186.633124219154,389.539754031608,110.719731133298,45.690269565738
2015-04-03 21:00:00,11,171.93939051885,479.85068018668,74.8322310489342,45.5353742932648
2015-10-16 20:00:00,11,141.55630312054,509.966333019135,106.387684806359,36.320232832435
2015-10-18 03:00:00,11,177.987063738299,508.111159306823,94.2657408215804,37.7815933321643
2015-02-27 20:00:00,11,164.420211320366,495.094947871385,98.0830875337492,40.4454785974039
2015-06-28 12:00:00,11,184.78268019281,462.030454090067,91.0484866405217,34.5751505802282
2015-05-22 21:00:00,11,177.272477193955,432.545007014809,81.8918901536229,38.5818339816091
2015-10-04 11:00:00,11,144.803387104459,380.211221555508,85.791956332765,40.7186668188734
2015-09-26 19:00:00,11,186.238285280026,446.042186881305,98.4879412667309,37.3325308283104
2015-11-28 16:00:00,11,154.264668426037,450.05571006691,83.5634875062302,37.2309070715218
2015-08-16 03:00:00,11,198.453202142813,463.592511306519,93.7371978063679,44.8798323028128
2015-07-18 08:00:00,11,169.465252705781,563.574726185593,103.769164993471,36.9811835373529
2015-07-07 06:00:00,11,140.05613963454,385.720577643345,87.4027974469474,45.1110266591214
2015-11-25 12:00:00,11,182.331815714826,431.242698605627,103.123967888748,35.5352496515137
2015-05-17 19:00:00,11,134.126293158511,388.923520258875,78.9701265545121,35.9044200762694
2015-07-02 07:00:00,11,156.686897978217,452.005148214436,97.2636946598249,41.8899914238254
2015-01-22 16:00:00,11,176.006723528928,388.789349711345,88.4541310751873,31.8589437677908
2015-05-27 12:00:00,11,172.291314108866,413.066994069706,98.6343784581413,32.5113160009228
2015-10-20 13:00:00,11,164.898681872877,467.983855884102,112.800209619692,35.137425837678
2015-10-16 04:00:00,11,171.485648363154,422.563668091125,93.7760382048898,43.3059244517743
2015-09-15 22:00:00,11,160.263107286832,488.433073321231,93.1519673049943,41.4380386781675
2015-12-30 02:00:00,11,160.696176109194,483.185168083638,109.51502793103,43.9121795449009
2015-07-11 14:00:00,11,172.10467731888,415.504792715742,88.2897497585555,36.9643854060691
2015-01-13 16:00:00,11,171.731306183721,449.915861958889,119.526670316024,34.2409524276367
2015-02-08 18:00:00,11,150.35337835986,401.394676377448,117.218332322121,44.1956661097074
2015-02-03 09:00:00,11,180.56258058987,529.344281405581,107.151249790169,37.509398978713
2015-05-13 09:00:00,11,171.542704215211,390.44981361404,82.9777190342879,47.0682283525543
2015-07-08 16:00:00,11,170.187859186704,480.777364885039,93.2821835835772,46.5741055021882
2015-09-07 11:00:00,11,184.640622198722,448.468654714034,131.209830043927,46.687130691317
2015-02-07 18:00:00,11,156.92470512702,448.699454915249,102.949871437898,36.1720470469391
2015-08-17 10:00:00,11,167.696058221176,342.385908922423,88.8371469557788,50.7499140606919
2015-07-07 18:00:00,11,188.486520364174,409.841356795677,93.0679232087471,51.3167143674296
2015-06-30 00:00:00,11,197.135422964078,522.178852127715,113.561301507286,33.9975266699495
2015-05-03 11:00:00,11,176.166222472925,374.029275372262,110.244697434133,41.0502332393511
2015-11-14 00:00:00,11,170.135552909014,439.963952159523,90.4715412501532,44.9742726607408
2015-12-28 15:00:00,11,178.649089264394,589.013926471484,111.443790172312,39.082571579121
2015-04-26 14:00:00,11,183.234366685054,448.206545924544,99.1810742161459,37.5096838019963
2015-07-06 14:00:00,11,197.366713637844,490.830633441502,91.6971248851774,29.0297428955688
2015-09-06 03:00:00,11,192.50231388099,426.132555878215,122.076788957506,43.3810521935323
2015-06-15 08:00:00,11,170.107390680143,422.14328072359,103.396074623767,45.5135249814883
2015-01-07 22:00:00,11,132.478467416609,497.235340942598,91.9262428794527,37.23158552517
2015-12-14 16:00:00,11,141.517870250408,433.501203963547,113.908333823354,45.3466665347758
2015-08-09 14:00:00,11,170.766944699552,502.622089918237,104.080657899149,36.579674118051
2015-02-12 14:00:00,11,160.849197408173,431.797146638917,121.335410885761,46.0655047967423
2015-09-05 14:00:00,11,212.156326278099,545.438794573908,109.920280410438,41.9742936641348
2015-11-28 21:00:00,11,156.831467261713,568.901358917279,105.772184896535,39.4386504012826
2015-05-14 05:00:00,11,197.404907161045,523.74902247452,91.9472838193949,39.5599329496719
2015-03-15 05:00:00,11,168.031076120871,445.007349926018,85.0894229755288,35.9810107362766
2015-07-28 13:00:00,11,179.107924400105,476.830645025884,100.978532047788,31.7801808706793
2015-04-20 23:00:00,11,178.182747817622,434.787883558701,104.916534515011,41.8632131075056
2015-01-07 07:00:00,11,145.777878996155,508.374739557106,91.9340773461638,46.0778629150475
2015-03-16 16:00:00,11,187.206778946654,385.703779637482,90.5961960738064,35.8632815854521
2015-12-17 07:00:00,11,141.721334377317,503.391084790301,97.9058121619863,40.6612122858558
2015-10-09 20:00:00,11,174.986644827469,458.940239951111,103.725278758257,37.1334412509601
2015-08-14 05:00:00,11,166.442763029774,505.990842604,106.441162776103,46.3611722685292
2015-09-04 21:00:00,11,193.8053952826,455.840194025913,108.481019313129,32.5066756284191
2015-02-21 19:00:00,11,169.153411042362,441.074248245789,92.6722121879233,40.7788370364073
2015-07-30 16:00:00,11,155.167529418459,381.088150662956,85.7973790709623,39.5210794166441
2015-08-04 05:00:00,11,171.7325734308,484.378805271733,104.31870945707,43.4048891547132
2015-08-19 07:00:00,11,159.782833039041,433.373534379398,94.4708346278298,37.8609298230584
2015-10-20 09:00:00,11,160.224260558256,484.050358176112,88.6435837195685,39.7087053133753
2015-04-22 02:00:00,11,163.468726681266,399.476041422898,98.0563333140049,46.8872763683203
2015-05-18 05:00:00,11,175.771182816369,579.877332503068,99.6120684278793,39.2403680021886
2015-04-23 09:00:00,11,170.882966236084,488.983535824461,105.580506378083,43.3085168948022
2015-03-17 14:00:00,11,160.017411938004,408.106550014848,100.979269555624,39.2430204472387
2015-01-02 02:00:00,11,167.084241969422,350.495927424992,100.002893124292,40.8786451009942
2015-09-15 00:00:00,11,167.419734334852,382.637402560191,92.3712928943709,36.6250268194089
2015-09-19 14:00:00,11,157.218726221271,445.723264063696,97.7549586853088,40.3445422762822
2015-02-04 11:00:00,11,173.775470355166,504.236244999799,107.028332884466,46.7554884748014
2015-09-05 22:00:00,11,198.554372108592,375.230913198907,102.322926860103,37.9617567668862
2015-04-14 23:00:00,11,173.293927384633,354.607807653185,91.2733249035848,43.0115903642778
2015-06-09 20:00:00,11,200.192333549907,469.390225993967,111.818188835241,46.7746828151936
2015-05-13 12:00:00,11,181.884612373347,380.875054639736,90.5102762634004,42.1807133299801
2015-05-31 06:00:00,11,176.868732186322,468.677786920947,98.5929083704078,32.9513259344284
2015-01-12 00:00:00,11,186.157084162496,399.14367206951,99.0562990906932,37.545411893992
2015-07-06 07:00:00,11,161.360876919108,462.619163827326,98.3359289197909,35.1255569403175
2015-12-15 15:00:00,11,164.697759881894,460.343705662802,111.40614645707,44.0206433429432
2015-06-10 12:00:00,11,210.36202312598,470.005790896371,124.775079945153,39.9888131931239
2015-05-25 21:00:00,11,157.907327838445,458.268311516274,108.032941400942,39.1456723971183
2015-07-08 00:00:00,11,177.2277401408,404.724580031712,91.6592896626698,43.7284600143433
2015-02-22 08:00:00,11,160.12692715313,385.179243297418,110.730828424725,34.912177270184
2015-08-09 01:00:00,11,175.13357052196,394.536571960741,101.238369972153,35.5319859336538
2015-08-05 19:00:00,11,210.9481668676,431.030265465127,104.94376905106,41.8287825998795
2015-06-28 09:00:00,11,174.938268205924,441.390001297666,110.163333511091,50.4077676234295
2015-11-26 02:00:00,11,157.613479526471,413.44820283175,78.2041572859076,31.6560274831368
2015-04-29 02:00:00,11,199.264692023921,400.323374155162,113.899143424479,50.2842053117385
2015-12-31 12:00:00,11,180.355805421687,382.306261223494,88.3919891749653,35.2512495100875
2015-04-24 10:00:00,11,197.861121024615,555.885363397852,109.198188114567,37.6577102783308
2015-05-24 02:00:00,11,153.2640931425,468.719122130741,102.465842087967,37.444022940895
2015-07-08 14:00:00,11,147.084328984714,442.70339234131,110.407363283803,41.0459689684595
2015-09-10 12:00:00,11,154.668904698597,546.381781452529,109.104060745225,41.6671577811027
2015-09-17 12:00:00,11,161.677156532893,416.486935723054,95.0743727087712,39.6567472995862
2015-08-14 13:00:00,11,148.784752079283,453.127713680296,107.938514945888,42.7799777787665
2015-08-17 12:00:00,11,170.175893482552,428.132347981131,82.4101618881203,29.2908247159906
2015-05-11 18:00:00,11,167.144328273512,435.23958762363,101.133781404426,39.3122585817771
2015-06-16 14:00:00,11,178.718940876863,451.945434466962,111.460295831354,39.1097018671149
2015-02-13 15:00:00,11,149.082739745656,470.875037515149,85.5027435993368,37.6334425773742
2015-11-21 14:00:00,11,191.752996027242,486.997041824986,110.172323063671,39.8798110316632
2015-12-04 04:00:00,11,177.580381303605,403.714301752015,121.79243613606,40.4263803461438
2015-10-09 06:00:00,11,187.295233311199,448.238798367567,100.896228838448,37.8470018890139
2015-01-19 02:00:00,11,152.88208514802,297.115222121589,92.0580236755357,33.6088436834134
2015-01-23 22:00:00,11,181.979660270694,563.734533479155,91.7534862476905,37.8216412083543
2015-06-03 01:00:00,11,154.751348698797,439.359379597296,95.9906448500395,44.1055838332288
2015-11-30 19:00:00,11,135.061981929665,473.857875300182,109.964126379854,52.8438328796033
2015-05-06 20:00:00,11,167.356675777644,434.442243459975,89.1096183154718,48.6397769482664
2015-10-19 06:00:00,11,166.685707103538,447.251969760183,96.837330507197,40.1256281424168
2015-01-11 16:00:00,11,152.735297246658,527.202344948714,81.233014903174,47.0829590809624
2015-01-03 07:00:00,11,181.604357538089,427.185688299898,110.980899890642,43.8999606932641
2015-05-17 13:00:00,11,170.670252590686,494.841699299311,91.7890794632729,38.5404530910093
2015-12-20 08:00:00,11,178.210857594083,465.631012927892,107.201704558593,44.4131909081207
2015-02-28 00:00:00,11,178.962239099681,403.386009472751,104.332553932221,52.3237812058629
2015-04-02 19:00:00,11,170.686413211786,360.166399358835,108.969421201642,43.9675015882897
2015-02-10 19:00:00,11,153.983493838697,497.617118393739,112.561826225923,45.4648427912485
2015-05-05 12:00:00,11,153.365774996336,366.193041849464,94.4862844181447,30.2404108605992
2015-10-11 02:00:00,11,151.609496166211,453.231974151933,89.2018787033809,42.3470393207582
2015-12-07 14:00:00,11,168.440151630163,535.724384097837,100.334696690074,37.2105589766741
2015-09-18 20:00:00,11,194.501175626168,400.475902132106,87.8873913419399,39.3839134679939
2015-02-01 06:00:00,11,172.935095019669,402.709221767084,115.469565830787,38.5996387179306
2015-06-30 11:00:00,11,166.900717899794,347.295930273198,95.0698749126364,39.1341906413568
2015-03-20 13:00:00,11,179.562279719354,416.745689511943,92.2385048910058,35.0572438451203
2015-08-13 19:00:00,11,187.616420484666,394.480330859092,116.814695523579,41.7183180870584
2015-12-16 14:00:00,11,166.745361134938,490.477892502204,99.5889077433451,42.153924709308
2015-08-24 05:00:00,11,156.147654278818,474.498378748884,89.2666404278351,41.0793449766789
2015-02-03 18:00:00,11,161.366740417152,424.362471735611,98.7703309994068,44.9063914545485
2015-06-15 07:00:00,11,176.094247607805,499.641638742566,83.6373410639608,45.9806143242197
2015-08-30 06:00:00,11,207.948528004495,403.452402762804,97.7365153704658,43.3316842341818
2015-11-23 23:00:00,11,176.227511272316,375.74225099869,112.357175068298,35.5512417737335
2015-03-23 17:00:00,11,170.383674664653,494.54659305966,106.187565390753,32.6992790419952
2016-01-01 02:00:00,11,196.938165863135,519.387436227755,105.389834787716,35.6263351181142
2015-08-09 02:00:00,11,146.808581415667,368.747317703262,106.687738346439,28.9055651075694
2015-08-16 07:00:00,11,174.001710598365,452.323151243736,102.974726445522,42.4886386899479
2015-01-06 21:00:00,11,188.28884261419,411.785397686227,102.989337343062,35.4369520202535
2015-03-19 09:00:00,11,177.983253758677,521.376404092617,105.831630888652,31.3852121384804
2015-08-14 17:00:00,11,164.514829879794,505.378719884228,80.5208234426222,40.8872457440517
2015-01-16 06:00:00,11,161.651292736109,537.035619949245,109.190989308859,43.7792750771397
2015-02-19 14:00:00,11,183.820324930398,500.297564436732,93.636066093229,38.0457630338248
2015-05-22 20:00:00,11,145.950493693757,519.249059858114,99.5391339581938,44.3841753382868
2015-08-15 23:00:00,11,182.332813039207,344.442250127513,84.6401006531786,39.5486128704001
2015-11-03 13:00:00,11,172.954333525202,409.858960619798,96.6403822926976,34.6220536524462
2015-05-21 10:00:00,11,151.417465227885,468.433136471188,87.4615057128975,38.216943323647
2015-07-05 11:00:00,11,160.937870743438,475.219561895382,103.920622389989,36.4008708753105
2015-09-06 17:00:00,11,156.901845574982,448.925195629134,123.499491638604,32.5165613306756
2015-11-19 21:00:00,11,187.724364847054,381.894943017205,122.690307542008,37.5908012427693
2015-03-14 12:00:00,11,182.731936082729,447.578491161476,93.8729222322918,44.0044661773665
2015-03-13 11:00:00,11,166.917181729738,445.43886969089,94.9354359136126,32.4212552470802
2015-05-27 14:00:00,11,182.683312778451,459.111530280463,120.457723169375,36.1479272897888
2015-12-19 22:00:00,11,134.130354003212,515.663226273951,88.3645924312358,32.4488304383841
2015-11-21 08:00:00,11,158.919844178944,446.528742055791,106.863749642328,39.64614050309
2015-02-23 00:00:00,11,219.420349193549,424.192628066695,93.3097705253032,45.6601138361029
2015-02-12 04:00:00,11,180.39438606349,512.674299503923,99.8757055250968,35.8542658438895
2015-08-11 03:00:00,11,173.142521983379,494.974709200203,78.7131457648544,31.3265048556527
2015-10-27 07:00:00,11,174.352410362869,513.187215674294,107.984808491063,41.9176724653597
2015-08-20 17:00:00,11,177.877914520727,510.893474175991,103.505649840647,46.7645367227533
2015-08-26 17:00:00,11,181.001200217867,391.581541412372,79.5709490528175,45.9038160273883
2015-04-23 23:00:00,11,159.200841120132,468.899551225423,108.36995874341,33.0438002205168
2015-10-27 18:00:00,11,164.602455878143,465.198065263638,92.3670905401841,46.0776748755725
2015-12-09 03:00:00,11,152.371384051507,534.08160398567,104.16659208386,44.8960890882244
2015-06-26 19:00:00,11,190.9310549622,479.404542621279,106.542167470115,32.5609447642926
2015-06-03 02:00:00,11,159.533096822033,416.874553260865,83.4230712457106,38.6680926178872
2015-12-24 08:00:00,11,192.992114766796,544.366551679052,111.479436911501,35.0786717231538
2015-05-29 01:00:00,11,176.714752773816,414.810253519742,103.222397605242,36.0321273854288
2015-01-17 14:00:00,11,168.307328825803,507.455220468581,101.983282659624,46.4200258591666
2015-05-08 21:00:00,11,155.528642048243,516.190974832558,80.8313495764806,38.1493742494525
2015-07-25 12:00:00,11,185.800261984557,522.02170792414,94.1668073696174,41.2471530397225
2015-02-11 01:00:00,11,173.546043991653,442.006276219244,105.06600390346,37.6264598317464
2015-03-02 14:00:00,11,178.056043425314,389.998180344115,110.277635022606,41.4307920638432
2015-01-29 20:00:00,11,178.538884261377,413.272810889509,96.9877706692685,34.385397947631
2015-12-06 11:00:00,11,166.576778129078,460.433522569505,99.892128323068,41.0225214113713
2015-08-07 11:00:00,11,189.018989082977,371.674097113669,81.2498848628639,44.5334952456211
2015-05-06 05:00:00,11,194.932840347649,497.225156120887,95.5410194416745,27.1834778207228
2015-12-14 03:00:00,11,153.037433338949,389.482354100231,84.9603480159027,44.6484165965782
2015-02-12 09:00:00,11,180.782904362876,506.356195286331,106.702900299426,47.9812184655414
2015-02-01 08:00:00,11,199.345184880951,417.274924372592,90.2489806538307,39.8646422061302
2015-05-14 18:00:00,11,167.946851458597,452.553343937224,95.9658418051971,47.0520856562947
2015-06-12 01:00:00,11,153.643092499271,438.532576547256,94.4077366889044,45.9061827296394
2015-02-25 03:00:00,11,161.209675625783,477.565996248091,91.691612311845,30.6521018646295
2015-11-18 00:00:00,11,169.954724595476,445.341851974992,94.943240049278,33.1905526078679
2015-10-13 07:00:00,11,172.92014004261,365.716217504738,111.89188295665,46.0716134459156
2015-09-23 14:00:00,11,179.937288813168,421.400912183562,100.218857959216,33.9063942680806
2015-01-23 03:00:00,11,150.186405620285,512.906946575624,85.6536170307293,37.0450101506796
2015-03-27 16:00:00,11,174.21291584279,468.323512188841,107.369131229397,40.8161176814858
2015-04-26 06:00:00,11,160.428890449862,447.708154683588,102.280061319442,49.4248506504319
2015-04-27 13:00:00,11,163.76824402987,524.888654526845,99.5565436157371,59.5464535622959
2015-04-23 01:00:00,11,155.508692488949,508.443131745489,105.467191257335,44.8558921687488
2015-01-23 06:00:00,11,158.697741111424,463.071147474155,113.057617968872,41.0856072982431
2015-07-21 09:00:00,11,158.544278644009,435.85745541096,107.608772921974,39.2301947435158
2015-06-25 01:00:00,11,173.898701416816,448.6067190287,102.226569137301,34.1024479912122
2015-05-07 21:00:00,11,173.748311169852,484.548933716103,117.377333906326,37.2219567979566
2015-02-19 01:00:00,11,165.724400143714,439.507461513515,112.380644184645,50.1456486861218
2015-11-24 16:00:00,11,175.627966921931,290.516862785522,91.8352327953653,42.892208393623
2015-06-19 13:00:00,11,177.71096416611,443.762129742284,98.8990799771552,34.1428181577063
2015-06-02 06:00:00,11,146.622417885486,431.70371064892,94.3021246024241,29.7643019017588
2015-04-11 21:00:00,11,174.680170171126,533.780521907282,88.3881083410299,36.5649032948553
2015-01-11 12:00:00,11,166.497779645273,587.655708459714,95.6146288211204,36.6376543683952
2015-07-19 11:00:00,11,196.431110976513,421.328091814622,92.3624264858136,44.9768234556666
2015-05-27 04:00:00,11,211.293392173697,453.114859264972,93.1795401431244,49.0562161478432
2015-11-26 14:00:00,11,170.533583405733,407.768458095657,114.970572041807,40.3592236543556
2015-09-29 11:00:00,11,176.163553536437,503.976571318905,100.767719586318,49.1811366489498
2015-06-17 14:00:00,11,189.744765159367,345.688634606964,105.62918034314,43.7921654339292
2015-01-31 11:00:00,11,157.398178965101,527.80573734655,97.2004563058223,37.754123649651
2015-03-17 11:00:00,11,159.352049248624,477.767105215199,107.301852564421,35.9284452528589
2015-07-05 23:00:00,11,176.7378770435,412.323642337593,105.444369940213,34.4602590713254
2015-11-19 12:00:00,11,181.573144457957,359.55550323639,132.602369274253,43.1455780082651
2015-10-08 17:00:00,11,168.817036967474,531.858082840205,103.169491709127,44.3962179838664
2015-02-27 22:00:00,11,155.699617767156,461.434357773201,102.12327903795,40.3211035073459
2015-05-19 09:00:00,11,169.183534125476,390.381726523224,107.495417599101,39.4993374126522
2015-01-20 07:00:00,11,153.214591341622,550.61078479339,105.958002065338,43.5059998321055
2015-12-27 23:00:00,11,169.258566201883,472.648084719686,129.921796175119,49.3043984427952
2015-11-24 02:00:00,11,185.26779283343,395.481502875441,76.430724883872,44.0439419363453
2015-01-12 09:00:00,11,176.222024497778,483.281117609269,90.7400868042588,40.0758860844235
2015-06-07 07:00:00,11,175.192927821343,420.879509597999,94.6661697553734,35.3188103818398
2015-08-03 07:00:00,11,188.92816589254,402.653134526206,93.2548754056509,42.018919943241
2015-11-14 19:00:00,11,141.590598151315,463.844715821106,82.8178386699019,43.6959831263889
2015-02-10 23:00:00,11,168.608554520652,393.45756483754,114.600699724277,53.5367268678399
2015-10-14 05:00:00,11,147.441157207412,447.850593463309,101.581127438402,36.7777853821468
2015-06-17 15:00:00,11,167.588264681737,411.199484027638,108.103078675556,43.6137695632514
2015-08-15 09:00:00,11,155.400773488491,477.30387558649,104.593539603234,41.134999049316
2015-01-22 19:00:00,11,155.038995441254,420.791341829883,95.7115205449885,39.6473716733795
2015-08-28 18:00:00,11,157.13751310898,354.265915106419,88.4450545340595,25.7638973834467
2015-07-30 05:00:00,11,173.610733303059,510.285710428621,106.893903837676,41.6099675969413
2015-12-16 10:00:00,11,144.812965796966,402.002229272869,95.3375996356385,37.7445970201626
2015-10-24 13:00:00,11,187.736785527956,415.791607013012,86.0087850717226,45.5575029584283
2015-04-10 02:00:00,11,170.89303790484,471.026561326237,97.6714674298547,45.6278039630094
2015-09-06 15:00:00,11,171.368772368304,428.729341525402,126.99119550532,44.52816853893
2015-11-07 09:00:00,11,175.576984163028,429.548158100973,110.546503143099,43.0568992015404
2015-01-16 11:00:00,11,147.953091848948,418.004174035335,118.10416190585,42.7969211402519
2015-05-19 01:00:00,11,171.005832961477,388.781150898338,94.5016601639761,45.1466283537993
2015-08-20 23:00:00,11,199.045831037668,514.951487193262,106.580064760889,43.0370670676417
2015-02-03 22:00:00,11,161.841797813158,424.580193849954,99.8210949562621,40.1971933371763
2015-09-18 12:00:00,11,151.517431234795,467.972829009325,82.565804071625,38.3486548198771
2015-05-31 10:00:00,11,164.604853310836,458.658478736638,90.2948005657436,38.6743733848719
2015-04-27 02:00:00,11,122.518704606979,485.088671673646,97.5947945722295,38.0844486110578
2015-03-31 07:00:00,11,197.774952671211,402.722552253622,91.9694934361926,38.8951715533196
2015-05-06 01:00:00,11,163.056513019288,358.568688810832,93.7372432742554,36.8299551569716
2015-08-11 14:00:00,11,169.367299604675,439.92979991289,108.780875736128,40.6565407871377
2015-03-17 18:00:00,11,168.258929935439,429.29339552894,89.566488581153,41.8886159229341
2015-11-21 00:00:00,11,144.729860946341,371.604404127629,108.267868108548,49.5764486605903
2015-11-05 05:00:00,11,159.73096426106,485.576878811455,95.6106423141395,31.5645926410939
2015-06-01 14:00:00,11,154.140919474271,363.839640981974,85.2663214209186,40.2280406547309
2015-10-07 08:00:00,11,186.664740623719,548.179281830712,78.9171959149964,48.1280676959933
2015-02-18 22:00:00,11,153.007410685561,277.826495486589,119.024090827609,41.9956390029778
2015-01-13 23:00:00,11,150.587474794079,436.412354431623,94.2009319438233,37.4173353570654
2015-05-14 17:00:00,11,175.304828914751,392.58600176249,94.9587709715843,38.5510042809233
2015-07-09 00:00:00,11,155.331384197721,411.341638845243,97.3873370264765,46.4990894577222
2015-03-31 23:00:00,11,197.746667198597,410.726687844559,120.231378111151,36.0169470085874
2015-09-24 03:00:00,11,158.521941288786,480.281898823497,109.1887985344,37.6358878574885
2015-09-08 05:00:00,11,181.663268156833,445.85036581141,120.75504801597,40.8675495288806
2015-04-19 12:00:00,11,144.295104093947,408.391837230886,115.253286791453,48.9093004473108
2015-07-12 16:00:00,11,141.558530218623,434.812243669433,103.095371418274,35.4681134494734
2015-04-16 05:00:00,11,134.772678910654,410.086162342259,97.6354335875429,37.031783203659
2015-10-01 14:00:00,11,163.448797923921,482.284621048589,129.031208382956,44.2786246850795
2015-07-10 08:00:00,11,185.306188317687,542.519645023824,100.056472357457,44.411315725779
2015-11-17 00:00:00,11,166.436976876856,524.051248011476,111.145288876408,38.1857819254249
2015-07-12 23:00:00,11,143.879373920486,380.350902446606,101.59456058121,38.0673042561668
2015-02-08 15:00:00,11,147.894382478356,422.924511184177,106.305075367312,39.7358290680918
2015-05-09 18:00:00,11,173.388512276136,519.795460315334,121.628966000909,39.9788651244986
2015-05-31 01:00:00,11,176.261199029356,356.260582158281,102.290423993224,35.0707368580854
2015-11-27 19:00:00,11,173.490816359889,484.835950517249,96.0694069044311,36.9085575708207
2015-03-19 16:00:00,11,155.668938246823,436.916077575916,117.408302605212,45.3154923793031
2015-06-20 15:00:00,11,181.025149848774,467.567679276618,101.283280455403,38.1619666417748
2015-10-16 18:00:00,11,170.258239706366,547.264308179553,110.726881089696,49.6797241211611
2015-06-25 19:00:00,11,170.582752022254,475.701805920856,107.749615124915,45.5138468186821
2015-07-19 07:00:00,11,171.684584003438,403.015326968711,110.72477226044,42.0757009661903
2015-11-22 22:00:00,11,186.4969505477,509.768034286849,131.687537359713,35.6611788758464
2015-03-14 18:00:00,11,184.961362775485,471.787747171006,108.431636430681,40.5521191525685
2015-04-03 01:00:00,11,143.610187234313,512.230371729543,93.0825703558811,40.5322475066676
2015-07-24 04:00:00,11,184.133966164476,503.871700341905,97.6210128102068,46.57289116032
2015-12-07 03:00:00,11,172.154322025217,468.236995681988,121.078160431809,31.6141667541336
2015-12-27 06:00:00,11,165.564223825899,474.383776366657,94.0940902067273,40.9345175988301
2015-12-02 17:00:00,11,150.115354832882,489.059879226418,84.9573857497632,42.3444113219425
2015-05-13 00:00:00,11,194.331452930833,350.577710465025,96.2837713722478,44.1287481654248
2015-06-27 00:00:00,11,174.024246300649,369.766514705671,106.45389771778,41.7262461757316
2015-09-03 19:00:00,11,168.801011731407,531.731651395429,88.2374900348968,40.881882515844
2015-08-24 14:00:00,11,137.736835876589,419.954091002636,112.056175240848,32.0941744805122
2015-06-17 04:00:00,11,175.888236619849,486.791670349642,101.431535519746,42.7657263303881
2015-10-19 04:00:00,11,175.893793271892,494.347830785796,99.2475568608898,39.3333320411686
2015-03-25 06:00:00,11,182.080879779598,464.018147220019,104.868618009777,40.2379965901548
2015-09-02 13:00:00,11,187.535445449971,514.966180292092,84.7203302586346,46.8536135944362
2015-10-30 21:00:00,11,173.243976119328,370.680763252998,104.453414552618,36.0023798569343
2015-07-06 09:00:00,11,186.603659652216,421.592776331179,90.9093274479088,42.9098674269664
2015-08-04 00:00:00,11,183.941085685527,423.186624968153,98.4922778259542,40.8897573785536
2015-04-27 08:00:00,11,188.304021960696,454.223290184565,80.4980524633329,41.1539433020544
2015-03-09 19:00:00,11,184.022040388803,508.446018182423,112.069886029128,40.400370130799
2015-07-04 09:00:00,11,185.055872593465,452.685855212195,69.4625120388736,48.8036570421433
2015-01-19 08:00:00,11,147.080583705945,323.102027527567,105.060211387523,48.4332231366009
2015-01-20 17:00:00,11,177.026422066876,428.980787979114,108.399722726423,44.690808503153
2015-03-07 21:00:00,11,173.606384154979,449.850150882274,93.3831175159907,36.0604645333501
2015-06-28 04:00:00,11,175.998665549336,454.997834180678,121.772122237575,39.656558004769
2015-12-15 17:00:00,11,151.403880969388,484.556090113372,146.184828895175,41.8819068764089
2015-07-14 05:00:00,11,166.643485577331,483.180730571783,110.753717573634,44.0285028143118
2015-03-16 20:00:00,11,162.053672139629,477.914162423365,91.4782469898089,35.7922755671395
2015-01-25 19:00:00,11,164.216794795733,357.0058288068,94.0492157164275,33.8226411505843
2015-10-20 22:00:00,11,169.616762552669,474.268094445632,99.5997450762627,38.7552034246394
2015-10-30 03:00:00,11,169.651850482605,439.65998605359,86.1043057692804,40.0636093724169
2015-05-31 02:00:00,11,170.481580083648,418.046665693684,99.0561974185548,34.6113062746236
2015-11-22 06:00:00,11,180.705377706848,435.781004056834,116.991805789484,39.1295479598797
2015-10-02 06:00:00,11,161.181081480966,476.706920312659,117.417866523618,26.5620516224215
2015-12-01 15:00:00,11,158.911030332076,455.790636082071,106.963945036438,50.5822138370915
2015-01-05 19:00:00,11,204.869469626359,469.664783630673,106.720158868043,43.1453541615753
2015-03-27 21:00:00,11,131.523743625092,431.469456556615,110.643556690658,33.4354440187674
2015-08-07 01:00:00,11,178.645116335591,456.985557102312,98.8617047234286,45.3726880702694
2015-01-12 17:00:00,11,179.652495308497,446.894722644564,94.0626968785641,43.4781029731504
2015-09-23 13:00:00,11,172.261836965349,332.354456390839,99.7229479670572,35.3585558722812
2015-12-28 18:00:00,11,175.294368641239,487.573484149627,130.126019261675,38.281555338342
2015-03-17 23:00:00,11,149.089672360271,494.468880261389,87.5220411585191,34.6270297094275
2015-06-12 19:00:00,11,164.082468115618,457.205369671072,114.291030967749,39.1878135814813
2015-08-07 05:00:00,11,154.857200882982,504.047738797632,86.46643200777,36.9274543245868
2015-06-19 06:00:00,11,171.885038194022,448.903539522544,69.7594267914883,37.2399453305753
2015-03-05 22:00:00,11,158.361544968,530.633150831702,103.263478993101,40.766263495803
2015-09-13 07:00:00,11,145.160191441173,414.278930483669,115.22868279501,42.7841362293551
2015-01-29 21:00:00,11,202.58079388873,460.220819259608,86.4295095575119,39.2590687263653
2015-04-18 20:00:00,11,173.185279178057,372.68124844774,120.760555389154,38.7918885932552
2015-08-24 11:00:00,11,147.622752375968,399.338539874748,94.7055963643531,42.0227877103395
2015-04-25 07:00:00,11,167.640897114953,407.608563852115,118.735723839142,38.5325204099898
2015-09-20 01:00:00,11,174.819376763156,453.887918646984,81.0053897103167,50.132630975163
2015-08-24 19:00:00,11,165.325471831928,382.675046515553,76.5900150432606,39.6226295749779
2015-07-17 13:00:00,11,205.01007985632,469.432309315966,116.214075607298,42.0664351516257
2015-07-11 16:00:00,11,153.24587830844,525.173048089088,82.2910881485608,38.560707328264
2015-04-04 06:00:00,11,149.460571118606,388.272283999214,94.1141039392044,36.6571071266348
2015-11-09 01:00:00,11,173.433805817542,494.077266502491,87.6739003599552,34.8687983538196
2015-04-19 23:00:00,11,167.590703354453,416.055661498625,105.649929332989,30.4965748769312
2015-04-26 10:00:00,11,154.323832130963,497.132704713729,106.888473603345,37.7275459851174
2015-08-09 03:00:00,11,159.98885814835,476.822149372534,98.2399944587098,43.11369074432
2015-05-05 18:00:00,11,182.124216037819,425.995591897823,90.6063158816521,38.5024221001062
2015-06-18 03:00:00,11,163.621488124626,427.111956714841,95.2565611288718,40.5569465324919
2015-02-23 17:00:00,11,163.214772428378,472.892863326679,120.486898075671,44.2486824074212
2015-08-07 07:00:00,11,143.109691851196,428.036576647476,91.766000674819,44.3293237852464
2015-02-15 19:00:00,11,170.834471334103,469.398631398846,109.868300399989,42.9263183170447
2015-07-09 18:00:00,11,184.055386731415,413.57035744362,99.0438363567836,49.1978245869023
2015-02-09 11:00:00,11,169.877406529052,394.686733351386,90.7425557421527,45.6103571164263
2015-01-24 02:00:00,11,161.16507189136,583.722131332286,92.9896283616541,44.8573680820305
2015-09-30 06:00:00,11,178.55049728312,489.37151569087,113.24408363724,43.3984563097463
2015-01-25 05:00:00,11,141.192054230308,460.3008121275,99.0820956338087,46.0680556893356
2015-05-08 18:00:00,11,186.57430437136,425.80608870174,110.998160452136,50.3217290381219
2015-11-03 14:00:00,11,169.710930219762,484.600242927076,98.8101252813941,44.6709508186122
2015-06-25 00:00:00,11,161.357510244276,482.335000223209,100.859917047977,34.8531601714866
2015-08-28 14:00:00,11,163.374863487265,408.384130080592,106.359015986236,39.2672838651746
2015-10-25 04:00:00,11,170.880752001889,491.741201306598,103.151506928024,34.5575219581763
2015-07-03 23:00:00,11,176.050307075457,430.615057021327,99.1506137293882,37.4488703006211
2015-10-16 03:00:00,11,188.171737275038,457.422209113229,91.3971141096829,41.7418966345248
2015-08-02 19:00:00,11,177.474077797911,457.184319937571,103.370834097404,33.9597909591849
2015-06-18 17:00:00,11,166.002194371932,449.083743351806,72.6101927481208,37.5831641545582
2015-11-25 23:00:00,11,179.783132991952,356.928507162586,93.2472565838516,39.927920257517
2015-08-17 22:00:00,11,173.230347682263,427.669207611594,94.9207035308016,41.7311823071736
2015-01-03 21:00:00,11,158.43148062695,518.212154846373,82.0163636007826,51.5634037749811
2015-09-09 16:00:00,11,177.098201121583,391.375672430848,94.1592470842746,31.7255311782751
2015-11-22 17:00:00,11,153.951272646662,433.566722933224,129.538127771559,37.860467062937
2015-03-11 03:00:00,11,164.944353909581,434.339880326299,108.582419468217,29.8930377942312
2015-02-18 12:00:00,11,175.389128940194,589.594059042246,115.272716229712,37.9455606049757
2015-12-21 05:00:00,11,159.705444978778,387.995542496351,83.3015061564206,40.3158639689492
2015-05-02 16:00:00,11,174.798770298707,438.270597230949,102.44563292804,35.1780217294172
2015-06-02 22:00:00,11,203.357622439827,349.954627173787,102.991498253133,47.6993491191352
2015-11-26 23:00:00,11,171.08581897444,437.238585460162,85.5415699163968,42.9101293770266
2015-04-12 17:00:00,11,152.687116361975,504.090993469442,101.28197082747,39.6095037072276
2015-11-16 21:00:00,11,154.348441397978,513.669246350153,94.2897858641846,31.9765475121598
2015-05-18 01:00:00,11,183.5361810354,456.649097533301,101.475106627046,42.5069399911667
2015-10-10 14:00:00,11,186.598102462559,508.220161453223,82.3125018500487,38.7675265783253
2015-06-08 20:00:00,11,203.359074644619,381.242701327495,98.4352991469508,36.7380565370888
2015-05-29 02:00:00,11,161.067782142491,425.552435052464,86.4849995516019,39.8671632060008
2015-07-01 12:00:00,11,169.008894307594,537.064541761945,103.10739633756,46.6903143743247
2015-05-02 01:00:00,11,201.484377502529,514.235854879956,111.41281013981,43.3732701136611
2015-08-25 10:00:00,11,183.555925165915,462.101958266925,112.22328595579,42.2392818784972
2015-07-25 01:00:00,11,152.369263920497,435.768423066755,77.550083345945,40.5452783422281
2015-09-14 12:00:00,11,178.095414024305,462.305894494509,106.499285830476,43.4931813894119
2015-06-08 15:00:00,11,148.494560446487,469.280182287543,82.1632107440816,38.1714742677918
2015-11-13 12:00:00,11,151.377393878395,472.091438182243,90.5856042833101,34.8391913170883
2015-05-04 12:00:00,11,196.113938351096,364.952278591111,106.807246408484,45.0966336525217
2015-07-01 21:00:00,11,148.469178010086,464.638335359906,88.6483069149704,44.8198134058495
2015-11-12 03:00:00,11,190.749769326197,444.719422175095,99.4612549363641,39.6231785128448
2015-09-28 15:00:00,11,168.955488251222,509.684271074324,103.755357072016,47.4173220870303
2015-08-23 11:00:00,11,160.317751709708,387.676663029376,101.693914419858,37.6890828729441
2015-10-15 01:00:00,11,175.82167488611,384.397639374458,116.989056836767,36.9719096700514
2015-12-01 20:00:00,11,170.477295567346,488.869780962928,85.4927290874949,43.6286815569228
2015-07-24 21:00:00,11,152.409138373038,464.875992419228,98.043038638082,46.468667163326
2015-11-17 16:00:00,11,172.178261034671,467.52935506922,89.5596437766424,35.1872397195792
2015-11-18 02:00:00,11,159.622816981711,376.061224655317,93.8216535368392,41.6339830146575
2015-07-02 14:00:00,11,166.318496340813,472.663254288901,97.6381271016777,43.0511111164079
2015-06-19 18:00:00,11,182.578570821475,477.514322447782,100.915137455807,48.453947771831
2015-04-09 00:00:00,11,171.566016229902,467.658428287997,107.55048167659,38.6620878045688
2015-07-28 19:00:00,11,185.211124291257,418.764752597227,92.4181833978376,44.7703504433952
2015-08-29 02:00:00,11,179.978347215921,485.402486825171,100.129089829146,37.1837898709001
2015-08-05 17:00:00,11,171.265449647181,482.674424767251,88.4374852043974,45.3878742321284
2015-06-10 16:00:00,11,193.524888074229,455.893649019261,118.804591261054,40.2938160833356
2015-01-19 04:00:00,11,165.797327241901,238.36413083009,103.208025201486,44.7304688411553
2015-07-05 10:00:00,11,164.101473704721,393.358660074604,116.13692425212,43.9827708536338
2015-05-19 20:00:00,11,185.70220136189,471.339461503987,108.159391802956,46.4671234390529
2015-04-10 22:00:00,11,153.988097061281,450.373486094516,109.239797796772,35.8468417852305
2015-07-28 15:00:00,11,169.226770034157,430.24768341856,119.468261652848,34.6998268042905
2015-03-24 17:00:00,11,150.051437502085,436.250349676149,99.8218605857523,40.5762863910162
2015-11-15 12:00:00,11,189.052675512709,454.779837897605,96.962591518243,37.1340135685347
2015-10-13 02:00:00,11,184.807441641034,401.588436997204,101.746349581906,38.1597553171039
2015-10-26 14:00:00,11,179.335928712742,506.132303962912,93.9111695420432,43.5914147584001
2015-07-03 09:00:00,11,154.514871478707,443.352685834332,97.9808170603907,27.3755192519355
2015-04-09 15:00:00,11,175.148971513547,450.785076968292,109.738207039021,33.4287779776967
2015-10-21 22:00:00,11,190.894809642225,413.586919984315,115.271991223736,47.6719572027807
2015-04-25 09:00:00,11,140.969663879511,449.302708639009,96.6664801142046,29.9676034512013
2015-07-03 16:00:00,11,168.89820568823,486.27632002174,107.510453162631,35.9278904400094
2015-04-04 01:00:00,11,156.850402398664,446.130184870832,112.784694509595,37.4091953750611
2015-04-06 09:00:00,11,181.929206401456,504.542859212647,112.488700093956,42.0010945700041
2015-02-27 08:00:00,11,159.961838456127,484.599986459867,92.5564839418509,39.5597172621258
2015-04-20 06:00:00,11,147.434836312954,416.325283188703,127.446343701105,33.5395702522225
2015-10-10 11:00:00,11,160.758940270337,452.095026712769,105.264894863809,34.3506300387448
2015-12-01 21:00:00,11,161.013635769976,442.69504831519,80.9371920065453,54.1105940001482
2015-09-28 01:00:00,11,172.70372477105,442.98036681726,97.0738987903657,33.314873101909
2015-12-26 20:00:00,11,197.592457216709,539.085563453507,119.301121936435,49.4268263386387
2015-08-17 06:00:00,11,162.350667011102,521.009015299433,104.961360677453,33.7195565122127
2015-03-06 20:00:00,11,171.129761520277,502.316981408538,127.831231514786,49.1436787574533
2015-10-07 12:00:00,11,161.350907251563,409.011809206467,105.23201546762,51.8358793838079
2015-12-06 04:00:00,11,178.199119964777,449.546726305179,86.4932062615327,36.8470962140027
2015-09-30 07:00:00,11,193.785712623851,455.565182520899,130.98494409145,35.2656260293017
2015-09-22 05:00:00,11,185.461863339844,419.798119307065,107.472116732748,40.922708350848
2015-08-21 04:00:00,11,169.315718995558,451.753133235614,100.103325865178,46.1908675704925
2015-04-03 08:00:00,11,190.826982753755,550.417930851309,102.05976657007,35.9021398152833
2015-03-10 10:00:00,11,166.198011977322,473.301570947049,93.9998895542497,37.9933945359643
2015-07-23 06:00:00,11,163.659061686343,393.069064448549,98.5244081535029,37.4146057528116
2015-01-24 00:00:00,11,182.645558991041,506.198606656628,109.436684665568,31.8509307114028
2015-04-24 03:00:00,11,194.019675675954,411.683234970975,108.051347670682,27.3208522649919
2015-09-07 15:00:00,11,184.914002201864,443.148432350823,128.980322959154,37.0018069686997
2015-03-22 17:00:00,11,201.113734828437,368.559716832117,84.9516747542584,46.3738338923632
2015-06-21 13:00:00,11,165.726911044746,492.675242734843,101.632421894966,32.8671573074388
2015-03-26 14:00:00,11,167.882924744833,372.758493620635,95.3092542172778,35.3175045222409
2015-12-30 12:00:00,11,177.095885147579,484.738776046881,98.9078644570869,39.1221278895222
2015-03-15 18:00:00,11,185.360882741815,397.396825439151,96.4498084483046,35.5638223313864
2015-05-04 11:00:00,11,192.773122346743,367.411493996728,112.616330340475,39.346117555131
2015-05-18 11:00:00,11,161.50386399078,444.919275949242,89.5471103502624,44.357394226952
2015-01-15 00:00:00,11,153.00453532351,492.733672690044,96.3603795653225,43.640021308283
2015-12-20 04:00:00,11,170.677313984522,555.749231118863,101.229247633544,40.1995695542065
2015-01-14 13:00:00,11,148.294810974934,503.546292956717,79.9934554838526,50.3065873550456
2015-06-21 21:00:00,11,171.396765744667,445.056225950944,96.4386826674852,47.3747449668824
2015-08-06 16:00:00,11,169.497208131591,510.177858643932,101.830006465899,41.1301501451641
2015-11-22 04:00:00,11,189.081894295163,385.68013652997,112.131342225983,30.2130579206364
2015-05-06 16:00:00,11,166.310273303131,447.255409675782,86.1905842982861,35.7718173981956
2015-08-21 11:00:00,11,186.726958613597,418.235141516368,101.712606248789,27.9790856586162
2015-08-04 15:00:00,11,180.340990635655,467.866435280299,111.094636316369,48.319326613652
2015-11-04 03:00:00,11,198.968938358279,443.700659903033,94.1905560194825,41.9737401177111
2015-08-07 12:00:00,11,184.167115503586,443.425599640309,96.4227758421739,31.9250484517242
2015-12-17 00:00:00,11,120.93589871894,452.489438485834,91.6438073459945,43.5614133111422
2015-04-04 14:00:00,11,157.202802248882,480.05358681794,109.001669765226,35.6160086476374
2015-10-19 08:00:00,11,151.976497336728,458.766192679658,95.5151982277338,44.1979022405276
2015-01-15 12:00:00,11,179.008987947419,442.937838242137,121.098284355722,48.6256387373839
2015-05-20 02:00:00,11,174.645563703299,418.203496867354,92.3364391028247,41.7674344364892
2015-08-03 09:00:00,11,168.50155794306,433.889273307358,112.746979812832,43.9526453127731
2015-10-13 01:00:00,11,169.348367164121,501.102948074863,105.29738573389,34.8280418723315
2015-03-08 14:00:00,11,148.985972887394,406.897496487948,106.305080483192,37.0283390280779
2015-01-22 07:00:00,11,152.534828500063,450.651722423006,88.8143597997542,35.1133588824031
2015-08-01 11:00:00,11,178.780621621168,525.814510901046,99.9074388602026,40.6439966702522
2015-07-17 11:00:00,11,181.396288658683,474.472426834029,89.0954701413686,52.8695409709859
2015-01-28 22:00:00,11,174.864207928984,396.052929263905,128.603321278038,36.6148649636033
2015-12-23 04:00:00,11,167.509223805654,429.352846645541,108.929649193564,36.9949113601801
2015-09-26 15:00:00,11,177.350577849034,436.016307564296,104.752893585721,44.6420874577891
2015-02-27 10:00:00,11,189.153354639701,455.239582155227,100.941387233424,47.4170317112351
2015-11-06 07:00:00,11,171.832733173379,393.516428486675,100.036431322407,47.7227484474515
2015-03-02 11:00:00,11,174.133408257534,373.949731330096,85.6768348097434,45.308404537115
2015-02-18 20:00:00,11,180.575608182821,544.06206438076,120.001637365893,37.0580303847467
2015-05-28 21:00:00,11,164.474874712097,457.169343127585,109.8150961834,40.6467769749505
2015-11-23 04:00:00,11,165.875679541816,398.971001924582,124.705298128188,42.6429003305871
2015-08-16 12:00:00,11,172.388508523394,519.443127557021,95.9033175638502,43.8099562987718
2015-10-09 18:00:00,11,169.018703701103,440.190028015645,94.4076564190927,33.2962070536492
2015-01-05 14:00:00,11,161.978024557785,491.578392873915,115.763674361911,45.1810112434165
2015-11-14 15:00:00,11,165.03258140428,400.021932809785,106.714460414077,36.098786223437
2015-09-15 15:00:00,11,152.38929354929,440.138371140295,99.9610776435321,44.7980161186663
2015-07-11 09:00:00,11,160.056047142639,460.894408023785,108.506906088546,40.3914340821354
2015-05-26 15:00:00,11,171.532324810807,382.90543047278,98.7869898839308,49.1370514469418
2015-05-18 18:00:00,11,204.132014875611,412.251667219988,102.959469834899,37.2449839285998
2015-11-05 01:00:00,11,190.689796447872,428.392880069956,109.463893208954,37.3385151430025
2015-07-09 15:00:00,11,195.828459655711,545.965661703134,106.294079992619,49.9058036091539
2015-06-27 04:00:00,11,161.194011231005,439.061863147149,79.3612575796357,31.8397756280579
2015-06-22 17:00:00,11,158.379948371862,379.474717750422,94.3344451718395,39.230432097513
2015-10-06 07:00:00,11,173.609786474017,387.219774154587,108.782707381465,38.9421184165768
2015-05-14 00:00:00,11,200.738279127142,438.013073640261,95.283233471451,42.0343243994368
2015-12-21 11:00:00,11,210.433271731764,456.07964762889,109.779554391597,44.1246523916115
2015-11-27 17:00:00,11,166.257707748798,452.804345692457,88.5055208992509,31.9956543848759
2015-08-31 09:00:00,11,178.325954948787,448.860067620323,104.255039930935,42.4913255283883
2015-11-08 08:00:00,11,164.771439962326,557.772719145258,92.0214506352572,42.7765932892929
2015-09-22 19:00:00,11,161.787019363068,431.159537693588,94.4951595932703,42.9464374425893
2015-03-23 11:00:00,11,145.836685662563,403.916417360497,93.7664485264048,41.9199672689462
2015-10-31 18:00:00,11,163.628686336467,459.196522223127,116.665713373646,41.8321698677358
2015-09-04 23:00:00,11,200.495418134251,456.071726416467,103.41460616809,29.8236812991219
2015-05-10 08:00:00,11,195.091590127008,447.767694292168,107.802822499185,38.0644981482323
2015-12-03 06:00:00,11,143.036605571961,463.741670112135,89.3602350539689,39.0183756938317
2015-05-18 13:00:00,11,187.34089918397,487.244983395421,80.7057143090179,39.5378102775529
2015-10-13 06:00:00,11,161.68106021117,528.727608196062,105.444820885995,45.2888746994506
2015-01-21 19:00:00,11,181.347991952857,376.03243272063,100.618189388625,53.7053222621247
2015-07-21 11:00:00,11,195.342566808159,377.501812472159,86.1848167976031,33.026335001222
2015-10-12 19:00:00,11,186.390769250161,470.195105662847,101.21572138912,36.6257885308193
2015-03-06 08:00:00,11,206.88122328431,543.701035069125,121.876412632735,48.8222205349267
2015-08-20 04:00:00,11,181.232457318177,503.632641588156,105.538812421776,34.0320333741063
2015-06-14 21:00:00,11,162.211224885397,455.65593583507,92.9242381593417,46.5641897999969
2015-11-02 05:00:00,11,203.285849366368,495.939151306989,90.7095455357031,29.1021636273984
2015-09-30 10:00:00,11,161.936186706131,445.311644088543,136.005523105659,47.6569243339848
2015-03-10 23:00:00,11,166.118270840086,470.728357638425,119.865975326311,28.3746702135745
2015-06-05 07:00:00,11,190.185187472178,339.243228158319,95.9367891223779,26.0630005740363
2015-03-20 18:00:00,11,134.937166763594,486.209599558675,90.1967937891395,31.910316624756
2015-03-26 10:00:00,11,181.591521534329,476.575089462862,91.1356796733417,29.594151460195
2015-05-24 13:00:00,11,169.241984409661,501.347219765642,97.8298665879908,36.6283459915839
2015-06-23 23:00:00,11,172.118849970393,416.088101154362,93.8890801960772,33.8062347028125
2015-04-22 12:00:00,11,155.448297235721,542.982758978629,117.719186128833,49.6461644411504
2015-08-02 03:00:00,11,164.990057235912,456.306229741119,97.7838886420785,45.5188259210155
2015-01-26 03:00:00,11,183.180282476838,440.56275234617,93.6935342034615,37.0863736148064
2015-09-10 23:00:00,11,165.447683092336,467.232396290018,105.324653612952,44.0169070613893
2015-01-22 11:00:00,11,157.725674612736,356.347490937715,98.3155257256719,36.1229131771776
2015-11-17 01:00:00,11,169.892686369251,408.496291944257,116.131205293688,40.0728143578105
2015-08-25 11:00:00,11,172.864826845175,384.874985422968,108.40808219507,51.9346424696785
2015-11-18 08:00:00,11,177.634875910115,454.409178771216,101.010556853395,38.767564600105
2015-10-01 00:00:00,11,158.154407636875,457.216870843905,130.910828658359,45.102196765817
2015-09-28 14:00:00,11,171.921354343378,411.034616268389,109.457116194376,45.1258233727587
2015-03-13 17:00:00,11,169.945963497056,453.609343149381,91.4778346639865,44.0530987816679
2015-06-03 00:00:00,11,168.209723905138,499.671836655032,107.011004768037,34.8969322629266
2015-05-11 04:00:00,11,171.141503486319,462.001137000311,101.427543682566,43.4817142876473
2015-09-30 03:00:00,11,173.664887589563,457.253931294858,97.2118515494854,34.3236529090006
2015-08-09 22:00:00,11,206.468182115592,459.830038072283,84.9838255413719,45.2211515610676
2015-05-17 22:00:00,11,144.569426773603,442.970464754903,92.8556037653665,36.138111293712
2015-09-27 21:00:00,11,167.480103708869,491.529936475381,97.4252813471159,37.9846175658832
2015-09-01 03:00:00,11,157.759972716877,450.365504406552,114.209657972206,33.1955913470897
2015-07-04 16:00:00,11,144.827155445974,473.413536472683,82.3520468646266,30.9333870279031
2015-07-24 20:00:00,11,171.094032981588,485.949448751622,117.692671159599,36.3586254325713
2015-10-21 12:00:00,11,178.938397051645,481.13503541789,104.224018926629,39.2234110228706
2015-10-01 05:00:00,11,202.764921870205,439.953120007679,113.783590515436,39.1283652761746
2015-08-25 22:00:00,11,159.431576548131,441.669278985205,101.476075074537,45.6886514115839
2015-06-22 19:00:00,11,172.383229715154,447.327193310337,96.6600339869164,40.6765870669524
2015-04-23 17:00:00,11,176.648787506289,456.185712724835,95.9590531938115,33.9922154122764
2015-02-19 21:00:00,11,193.597613711954,494.868416662257,110.58059457651,35.649733877424
2015-07-18 21:00:00,11,163.716892361113,549.318426672226,85.919018132613,51.7654727404432
2015-08-03 12:00:00,11,162.585032589125,452.328084355659,94.1021247712486,48.3666148919541
2015-11-01 19:00:00,11,175.760041770488,510.920395359525,93.649287403318,41.5065679327288
2015-04-19 06:00:00,11,168.952547745337,360.659501356767,111.760118950483,33.91000495398
2015-05-19 22:00:00,11,150.774802985821,440.219811641549,93.2270271047058,43.4326651503297
2015-07-03 14:00:00,11,189.000870119701,375.845487006985,103.793931477861,32.3063227722948
2015-01-29 15:00:00,11,141.479025616869,466.541688781365,119.018718040305,32.5202558003412
2015-12-21 10:00:00,11,161.711517808801,467.436629169564,103.339977667628,38.6352077758911
2015-09-18 19:00:00,11,165.338188698664,423.619020268449,91.7591667911723,44.4345811590924
2015-09-20 22:00:00,11,164.814629596674,529.131227570189,88.4204926003186,32.1300579152423
2015-02-21 04:00:00,11,186.063577730844,454.587471898231,84.9776001113804,28.2397758549274
2015-09-15 14:00:00,11,180.090486933963,546.897836384604,102.726172930441,43.4577687840623
2015-09-02 00:00:00,11,211.030421506661,333.437242454506,101.340439936,38.7673099578115
2015-02-09 12:00:00,11,180.435723714085,433.914767247294,77.576375057706,41.8065510769991
2015-10-11 09:00:00,11,158.838468438964,384.578567268198,111.156344667723,35.5316091183585
2015-11-17 12:00:00,11,166.868571405625,529.343051937383,107.673314212838,31.3536804080573
2015-08-10 07:00:00,11,171.274383665084,469.28865425415,108.764015801483,38.8431223243864
2015-03-02 07:00:00,11,170.506298707141,491.461792631335,111.314089033014,44.9955688482251
2015-08-16 17:00:00,11,159.41859776119,472.99212547887,93.4833281791165,39.039644723387
2015-04-03 18:00:00,11,151.693367558035,465.33788761343,96.3136661434086,39.6780266632329
2015-09-13 22:00:00,11,155.131245580527,400.130074115292,107.07279662351,38.3776140560057
2015-12-24 02:00:00,11,158.890916320463,433.361345319332,92.4754753478533,42.0943064428492
2015-12-18 14:00:00,11,182.28321685408,456.13283406634,104.237761729434,43.2066887693183
2015-05-11 17:00:00,11,192.756511754444,487.561832694809,106.657585225869,43.8952999261802
2015-05-01 23:00:00,11,181.193516995298,438.594867684686,111.648956253405,38.6562849552686
2015-09-13 12:00:00,11,168.208734252766,367.286490170249,106.726769307452,44.32005851672
2015-11-15 14:00:00,11,189.969386063547,427.666169215434,98.6941687332756,44.095893873047
2015-11-07 02:00:00,11,172.364685322439,392.349767539258,106.649646398337,46.8606670935317
2015-11-04 02:00:00,11,199.520886894671,375.863676842404,104.091213669311,31.0258618972986
2015-05-09 19:00:00,11,201.334965569641,469.468467098207,81.0216745118765,43.0193416348253
2015-11-09 00:00:00,11,171.666558728731,462.182366049085,94.4519186351718,33.8243874930806
2015-07-24 14:00:00,11,189.276471469183,499.129736745741,102.398087606961,38.2184012490899
2015-02-02 14:00:00,11,181.846364261123,513.44545828177,88.3316996147221,35.5277852638849
2015-06-04 04:00:00,11,183.695863593611,419.716629633322,106.815206423759,31.1680882471053
2015-04-12 03:00:00,11,139.427910613795,390.465803003366,92.9168154018755,33.1038432706945
2015-04-09 09:00:00,11,180.974003135489,479.863960601797,101.211750640756,42.2945140140668
2015-02-02 09:00:00,11,174.159630490182,355.532138915898,93.720116391282,37.6554284652456
2015-11-25 16:00:00,11,165.51025094166,404.651512386008,107.44819219347,46.9403860590538
2015-07-02 03:00:00,11,182.337930268955,493.271086698567,98.7635365023957,49.0376096518835
2015-01-06 02:00:00,11,158.428227550986,443.545009171922,115.890360694563,33.3308203153444
2015-12-03 02:00:00,11,192.467331468153,423.226477441038,100.23206756837,44.5323397611121
2015-09-11 22:00:00,11,149.10753206532,462.311978848312,89.2285961183449,43.4791645267332
2015-11-27 10:00:00,11,158.691229839096,446.942924351461,94.8730790164442,36.7601933478528
2015-08-04 18:00:00,11,175.020171944252,446.689619619024,97.353200806536,36.1164574713071
2015-11-08 17:00:00,11,145.075195471719,533.703518720996,87.9645427411572,46.0759563183341
2015-11-16 09:00:00,11,180.521230162133,390.219416946286,98.2490019757284,37.5232580404647
2015-06-30 20:00:00,11,140.511578633796,544.584184780952,119.980197562733,42.5781827396993
2015-06-03 11:00:00,11,173.560684887026,436.008251113175,94.1561265601173,38.7881078710502
2015-01-25 08:00:00,11,173.548313222572,395.543654221988,94.5494892407797,38.0214413778378
2015-07-23 07:00:00,11,157.119647680746,385.61229335247,110.943483171989,42.290536798031
2015-10-05 21:00:00,11,189.357197934062,463.839004321307,109.618378625387,25.9384022856956
2015-10-26 08:00:00,11,171.224956177257,454.774393489689,75.6493677491003,38.9160797903848
2015-11-30 20:00:00,11,213.550878018724,418.199600407119,95.8878609519221,48.2386023406659
2015-05-22 22:00:00,11,141.273224237503,444.750674014629,109.464159846441,37.7682424917134
2015-04-26 08:00:00,11,184.530816037104,534.218051885396,92.4736888081121,43.8504665400852
2015-10-27 01:00:00,11,145.528379043786,426.134540944769,110.618979884907,42.570116783854
2015-08-05 10:00:00,11,187.553788133174,389.96282498206,95.8450484810866,38.7992755870732
2015-03-05 19:00:00,11,169.772109848442,459.222602339541,98.2159360884419,35.4989501507149
2015-11-01 10:00:00,11,168.908009694276,455.052847670063,106.525541248877,38.7818958585321
2015-12-29 20:00:00,11,159.544062272384,418.734605425197,134.476977559783,41.2599899522006
2015-04-18 00:00:00,11,183.563067255976,432.228811485214,99.251050290495,38.8806008852012
2015-06-29 11:00:00,11,157.886956402331,494.06600978224,94.4409407496588,41.8638777121988
2015-04-17 07:00:00,11,188.644415004194,478.449872709062,109.853587712958,44.7055713291663
2015-06-28 22:00:00,11,160.859574117387,487.605995681576,113.333675136647,38.7231530637745
2015-12-08 05:00:00,11,189.588179611333,421.658718352639,97.1817850099506,42.0767606061789
2015-01-04 14:00:00,11,201.539178770623,420.248719866527,109.311079293544,41.7991419149177
2015-04-11 03:00:00,11,149.149135621429,424.034920011658,94.1615653063484,39.7639869847409
2015-08-26 00:00:00,11,157.625169787692,485.366062073617,90.1978209293651,35.6196460573042
2015-04-27 06:00:00,11,168.239668556626,461.830341027028,94.3510047179829,39.632910681056
2015-01-24 06:00:00,11,157.803089788461,489.576369812743,94.7572158789659,38.8357849400726
2015-12-16 09:00:00,11,184.738046993717,492.120477722592,125.28071353703,42.4601921165963
2015-08-16 06:00:00,11,165.423531115496,477.152744472197,109.434037360618,39.5673166155364
2015-07-03 01:00:00,11,190.016472520487,494.604104351115,118.558564132981,38.6411533203635
2015-03-05 01:00:00,11,165.674261139381,500.756601803378,115.801120703913,36.0580077281624
2015-11-14 21:00:00,11,196.320197836858,464.347256886207,98.9589928040123,46.6153572538725
2015-02-03 01:00:00,11,193.972847480891,480.484020550174,109.122087150366,37.0710199236133
2015-01-20 03:00:00,11,205.121266112993,461.209504868252,88.4545576316177,28.2697656855324
2015-08-18 19:00:00,11,180.277541647564,430.78455598344,92.6429049892821,41.2753173661019
2015-09-19 04:00:00,11,164.670107304743,478.4020628534,113.814019368771,40.7751964853022
2015-09-30 08:00:00,11,142.319659126491,459.802636088567,119.133891548575,42.5690037286887
2015-11-12 20:00:00,11,140.385466931625,422.972122255296,92.6222451475367,40.0708183117195
2015-08-22 13:00:00,11,161.546125733373,394.349473624281,82.4200966701841,37.0237515620021
2015-05-29 07:00:00,11,153.50895580644,490.385785685876,95.0693318835389,35.1211403710907
2015-10-13 00:00:00,11,161.095056439093,440.871683581419,90.1747018336988,43.1352192656881
2015-02-20 09:00:00,11,188.224789669861,402.220869264289,111.494787252533,47.669198511082
2015-07-25 02:00:00,11,182.51049912094,410.324725277357,99.3354115626807,39.9198854289907
2015-01-29 14:00:00,11,177.247241894595,372.478583156751,86.0722119491474,40.2027179990679
2015-03-12 01:00:00,11,173.272936423484,419.4944892153,93.4754987730899,39.0194419688055
2015-11-11 00:00:00,11,192.701627969151,417.018144793803,88.7082692130749,36.2216372939692
2015-12-11 23:00:00,11,152.566134646738,432.597338784982,95.7328459873948,34.8445628544954
2015-02-21 16:00:00,11,188.919494448224,434.88562295924,103.604626123592,37.6548895886353
2015-05-07 12:00:00,11,179.676408688314,454.978737334245,98.257745883221,33.659700114301
2015-08-31 13:00:00,11,166.030445324321,420.222387503045,88.2721121701588,42.742342214726
2015-11-28 00:00:00,11,184.525219031759,344.109015306651,100.18788117313,38.3858773665154
2015-05-09 07:00:00,11,168.618583239804,404.756014654007,111.577728868156,39.6420135750477
2015-05-20 21:00:00,11,154.801241030579,502.019725393228,91.4658413332332,34.3183212829113
2015-02-16 22:00:00,11,182.91750787218,437.519229455677,83.6672793958647,35.8128829840611
2015-11-22 13:00:00,11,151.949262713407,394.555217692216,130.737365788305,36.931933527745
2015-06-14 20:00:00,11,179.132225878514,362.791240868773,98.6592870547303,38.0177906299508
2015-04-17 12:00:00,11,181.059024960119,471.039501667447,113.000612442542,44.7685032592828
2015-04-17 10:00:00,11,144.295903338009,413.784395997159,89.4695069132358,36.136244921275
2015-02-24 08:00:00,11,186.51691532713,388.156422851174,111.712896614046,40.9301788999947
2015-12-23 08:00:00,11,137.365777711359,418.531733480569,102.685931672179,40.8296019574783
2015-03-29 07:00:00,11,179.715102940625,443.193009904759,107.502318307984,39.9441726846411
2015-08-27 15:00:00,11,158.118439391306,470.30696702132,105.048622309836,39.2842841608308
2015-09-09 15:00:00,11,167.508475258191,403.638092092342,90.7578039104901,40.538588409536
2015-09-04 17:00:00,11,178.437173023181,448.850047645462,92.971686399384,39.0391145989674
2015-09-18 02:00:00,11,178.354678533111,402.711581017757,82.3597753989592,34.4827326585847
2015-09-24 23:00:00,11,160.20622021152,403.26137655855,92.7532025880228,47.3800473620666
2015-01-08 00:00:00,11,180.702023525527,367.949225372326,99.6172763051323,44.3984679333416
2015-01-17 07:00:00,11,176.165368202388,424.056963543534,101.354432854372,37.8597533466557
2015-07-17 09:00:00,11,170.177748264524,394.626207879408,86.4212653597809,43.3798437857577
2015-08-03 13:00:00,11,192.7370725851,507.464297606422,115.331309282748,40.1427075955202
2015-11-29 16:00:00,11,183.784119959728,460.82682135189,96.610923006101,45.7001236431441
2015-02-12 10:00:00,11,157.967475272433,442.615879891901,91.4672053503822,40.1376342365557
2015-01-23 12:00:00,11,171.523230727085,344.759776816996,102.521736287566,38.0906310898716
2015-08-27 07:00:00,11,182.615670086689,415.742298800526,85.8360753535369,41.8711774364161
2015-08-22 06:00:00,11,177.638785290756,534.297849328264,98.1617804369417,43.8617088141111
2015-09-19 00:00:00,11,164.992206543687,448.492037852205,107.158834384888,49.130713703497
2015-04-19 19:00:00,11,168.744969924873,318.542992734687,116.412442163159,49.4996407878691
2015-05-07 00:00:00,11,167.916110037462,421.151684172956,85.4129305655728,37.8129242652549
2015-03-14 19:00:00,11,183.366385383211,444.564674753903,96.9787376156031,42.6336410131185
2015-02-14 11:00:00,11,164.653995713952,452.876445500092,111.255217968106,42.0970085423963
2015-05-29 10:00:00,11,199.40802824225,461.209024580829,95.0798016054602,44.5100481655095
2015-03-11 22:00:00,11,185.646949624799,430.258834686559,97.4128991221111,38.3626142418947
2015-04-25 06:00:00,11,182.845556014155,370.239455279235,89.7792216887586,36.3630211467977
2015-10-05 08:00:00,11,169.257568663714,396.065400591356,101.992507035726,33.1151046984696
2015-11-13 06:00:00,11,173.893135233927,394.647219372231,106.005205723169,36.9177361616259
2015-11-07 00:00:00,11,144.400674972847,388.121220976857,92.7941348811283,46.8395908434247
2015-10-25 11:00:00,11,176.279265050381,478.211153950062,97.3174053152783,41.6321199384938
2015-02-10 01:00:00,11,158.753010569907,452.659774115089,89.115025010087,43.66439621428
2015-06-29 23:00:00,11,166.394022470592,468.074073919086,97.6010021001933,38.3546898037192
2015-01-03 11:00:00,11,177.257365583684,497.741648577818,98.7972014855704,37.363636227609
2015-01-25 14:00:00,11,152.626128712131,472.174888350921,99.0886476275946,41.5777230459894
2015-03-05 23:00:00,11,176.577519239111,457.429415004342,97.6113944460132,41.7980547902812
2015-05-24 07:00:00,11,145.19093877718,489.068133189739,98.5938588322011,40.5540104620085
2015-01-10 15:00:00,11,181.433618026234,445.709078491747,123.099811628722,38.5094906411129
2015-11-23 09:00:00,11,167.184830025271,404.607210051001,116.802931691863,42.2673209524373
2015-03-11 01:00:00,11,158.491902401312,431.455674254437,90.8017022958127,43.5908198194044
2015-04-28 11:00:00,11,167.815863540822,460.31767135319,101.211664210276,54.7147433562118
2015-10-25 15:00:00,11,148.835802870266,392.155592546477,92.9316273085421,42.2406910737829
2015-07-27 10:00:00,11,178.134515807792,546.611836633813,99.5335393969057,42.6514053437261
2015-01-14 18:00:00,11,195.280244798967,431.71253605324,100.124767798043,46.4800872256349
2015-09-12 13:00:00,11,173.038824263867,534.001765828306,111.389168411331,47.7909928984726
2015-04-21 04:00:00,11,176.743185948786,492.323336481024,114.269392283673,41.6536606439642
2015-08-27 17:00:00,11,171.626337775073,362.558059827467,91.953331857289,33.8834427104738
2015-07-24 17:00:00,11,190.265292537176,379.732859606389,102.207487855612,35.905673346718
2015-09-03 08:00:00,11,173.462059339912,589.993018563812,112.452014702719,39.1611068419194
2015-02-22 02:00:00,11,161.696597061106,438.402912388798,87.6842845091112,36.7093396830914
2015-09-02 15:00:00,11,162.95203297651,473.054956507175,114.21647031688,47.5731429639591
2015-12-25 03:00:00,11,170.033968534104,431.017375667623,110.983845161269,40.2596912077951
2015-08-22 23:00:00,11,164.688327147328,570.615424335343,92.3366494403618,41.3115140566705
2015-01-10 16:00:00,11,160.65454542005,429.111773293905,115.640734319777,37.0851323596597
2015-04-26 16:00:00,11,172.161134795802,387.23191299911,99.9546668156947,42.5456439030664
2015-05-10 01:00:00,11,145.183272445088,463.210502601319,90.2976256569508,36.6881274478589
2015-07-20 23:00:00,11,183.962673999722,492.6637973954,107.10198665545,37.4675575777645
2015-05-14 08:00:00,11,174.27321346724,415.884056318162,107.703010717207,41.1019033967374
2015-01-20 02:00:00,11,161.217705081484,451.389420606613,114.212405090552,39.2896309589592
2015-03-16 03:00:00,11,184.292128494869,530.46318877163,80.0830256046354,41.9845934205189
2015-03-17 13:00:00,11,216.259801593523,548.778895317593,93.1185541717293,36.1544915288926
2015-09-05 08:00:00,11,203.546610518519,406.595922261715,96.6031299928243,42.4688765536747
2015-06-20 04:00:00,11,160.678420421161,374.89494165905,82.214924282756,40.0930056141851
2015-11-02 04:00:00,11,180.263836581991,462.849920509111,103.548346034333,29.5870145966327
2015-09-26 21:00:00,11,168.112001341891,487.540926964317,99.4170416510308,35.899623558763
2015-02-21 10:00:00,11,162.012424293593,438.183111479554,81.099020397661,42.960457891167
2015-08-16 16:00:00,11,143.720295220006,447.277373805761,105.439677963888,32.3882453161004
2015-01-23 02:00:00,11,199.15152603197,450.649328848146,88.9434065969996,41.8582865359127
2015-04-18 23:00:00,11,176.631945724866,337.925952029134,119.431465366303,39.8837754731546
2015-04-20 00:00:00,11,152.285343449188,378.673484734355,106.683968647019,40.1840081869874
2015-09-04 05:00:00,11,159.352635779561,465.015666749287,94.4135308980945,37.1948940623113
2015-04-11 08:00:00,11,178.532164602682,438.746724499945,104.362834465011,36.2014891763882
2015-10-03 09:00:00,11,181.67874981744,442.441469733975,97.0961295424635,28.8211891950204
2015-03-16 06:00:00,11,176.162548856241,501.609389370914,103.202066429096,34.6301370453416
2015-04-07 20:00:00,11,158.942599937219,400.454832507209,85.5024341985313,30.2890066296749
2015-02-06 02:00:00,11,173.075130430631,440.14824117569,77.5720361691023,42.2868844616955
2015-08-08 00:00:00,11,169.784284135319,503.978869733905,100.834203140048,43.7418684727146
2015-08-05 03:00:00,11,169.128821787689,401.554952683063,110.12258634357,40.7257464701941
2015-10-30 19:00:00,11,144.597785062873,474.241036645386,106.662481281992,36.8424619722067
2015-11-01 00:00:00,11,173.718870621448,430.418048904286,99.284236134318,31.150638685071
2015-07-25 21:00:00,11,146.044185571507,471.843781581164,95.6896047184051,39.6831090539629
2015-10-18 11:00:00,11,162.03475641096,433.614682981715,89.6498185042419,39.5657563942952
2015-02-04 20:00:00,11,178.921392713046,449.716887360933,99.7926905594679,27.1191376281293
2015-11-06 10:00:00,11,187.681934115142,430.699626454877,101.994811274923,31.5479941502855
2015-01-21 20:00:00,11,169.048604909209,390.718225236552,105.428499518409,38.1709992257351
2015-04-08 20:00:00,11,163.734691099962,463.650823522401,103.830805943034,37.6022233333992
2015-12-23 13:00:00,11,158.049250173331,471.009401740821,98.3357756907745,40.4998459555012
2015-06-07 15:00:00,11,167.658229081222,379.767549518469,97.6349276887711,28.645052224063
2015-11-20 20:00:00,11,170.847503974058,394.350684836027,130.178872923726,37.1097376020379
2015-07-26 16:00:00,11,182.206809776873,581.360985387521,104.762827955414,34.6336918983942
2015-10-17 18:00:00,11,158.403473874059,463.647285787454,119.738644674582,45.239920132641
2015-07-12 22:00:00,11,164.590159236381,498.681462104129,94.6505214783081,46.745267280185
2015-04-02 15:00:00,11,155.741363913259,433.251620727951,96.4791060996396,45.0212006310282
2015-11-03 11:00:00,11,162.638126145629,463.891644142207,100.911518419711,43.0512422930655
2015-06-08 03:00:00,11,170.04390838666,500.412696149299,86.7127738312273,42.6423523742143
2015-10-07 02:00:00,11,153.652328634464,449.003441628269,99.0951276332618,40.9725805945096
2015-11-17 13:00:00,11,178.774456663853,436.388274898234,97.4454459437295,30.9334550159468
2015-11-01 21:00:00,11,186.438439401081,516.023624201086,113.158314916842,34.7403800629153
2015-07-14 02:00:00,11,176.573249879629,467.837795414382,106.943189289039,31.2697419288792
2015-04-07 04:00:00,11,163.790604060972,494.061487407062,97.1353430418204,34.140466934446
2015-01-12 06:00:00,11,166.673543708622,421.514826209004,102.854100461579,43.5950204385427
2015-06-25 11:00:00,11,198.722225010095,392.275588624403,109.250494345124,40.1754423251574
2015-02-24 10:00:00,11,201.71701364768,450.517902008916,88.7934386446145,30.0000770560449
2015-04-15 13:00:00,11,136.555436012441,455.712539591159,102.399880373909,31.050452808553
2015-03-24 05:00:00,11,159.150116652934,449.679006292578,90.6478853145239,38.1317016435485
2015-02-04 16:00:00,11,179.713315321987,477.484850041822,80.4598692158605,41.7688111378256
2015-05-15 17:00:00,11,159.749445202171,434.607550269081,102.849789111879,36.24344951305
2015-03-13 02:00:00,11,138.083875603242,433.802173423879,103.791574870476,35.3440851358933
2015-09-21 01:00:00,11,193.769324475482,510.148203048234,87.5885916753925,47.1575163843205
2015-08-05 09:00:00,11,161.177189932978,460.332061634168,92.6861236695641,42.949851592949
2015-11-09 11:00:00,11,168.555521761429,551.92703201183,107.854678330365,52.4389318974849
2015-01-30 20:00:00,11,160.227618574802,480.972395611257,103.433163260736,40.9219528080655
2015-04-03 23:00:00,11,180.728837846015,418.707106185508,102.416040024041,40.5574910022122
2015-06-15 19:00:00,11,174.439833401864,443.933184548878,102.89244799038,46.7882715235926
2015-09-13 02:00:00,11,152.98853528945,474.821898772765,101.114879869663,48.5052005979009
2015-05-19 15:00:00,11,178.940388929489,451.003569646204,98.6186165355971,41.6969185820011
2015-08-14 00:00:00,11,168.735911291775,418.437909453289,102.197676418924,43.7964651701976
2015-10-31 11:00:00,11,178.872331688565,431.670810908757,102.346788829688,43.7952414689634
2015-12-08 06:00:00,11,145.596661192284,404.401868354355,98.1555117462668,44.5944213164552
2015-11-30 11:00:00,11,166.989827000726,457.47597047915,102.530961475234,47.5708357694889
2015-01-15 10:00:00,11,175.979897396332,447.80833826052,82.1826947290602,40.5320535084196
2015-04-15 12:00:00,11,177.784099186645,369.298219592999,84.6941073956925,43.4366001365019
2015-07-09 06:00:00,11,175.47873281003,379.265590019064,85.6447083066993,55.4163459072411
2015-05-20 18:00:00,11,177.329586919151,461.766079996247,103.522393842453,35.1128119181971
2015-05-13 06:00:00,11,166.042280352681,491.857920526607,104.682433834918,49.3965846954553
2015-02-10 04:00:00,11,175.857411707531,512.689550056204,97.0544773829549,34.4726351683922
2015-04-29 07:00:00,11,181.702388423756,579.120403713045,106.891422183382,50.3734357118425
2015-11-05 20:00:00,11,165.78720582965,366.747081544051,109.332239642684,42.4607205405281
2015-11-25 15:00:00,11,173.216219167073,385.446471487883,94.1675220371052,33.4690217431186
2015-03-13 21:00:00,11,169.545039435134,415.623007824054,102.743909294203,41.2265913869783
2015-06-01 03:00:00,11,144.490015283856,474.52048671443,100.510196441738,34.8180271762291
2015-10-08 22:00:00,11,168.32908822824,481.003276131872,92.9716499733243,39.8537663854204
2015-12-18 12:00:00,11,170.554039198438,446.234189993192,97.8984998251994,40.0194796884805
2015-02-02 22:00:00,11,205.402112402178,501.212996043957,95.3977885947044,45.3292179815188
2015-06-13 09:00:00,11,173.342260280564,421.243401034386,107.401444371223,39.7388820965539
2015-01-02 13:00:00,11,184.034608080419,494.029772223095,102.991289526433,43.7574827330428
2015-09-17 03:00:00,11,185.531660698218,511.801045117146,87.8616928918528,37.6565729570722
2015-03-04 23:00:00,11,154.773579911067,527.61463059444,104.247895416718,42.1104462111787
2015-09-19 01:00:00,11,165.78750615259,474.264312036445,89.8173308088236,47.0037419468052
2015-11-13 04:00:00,11,131.700036052651,440.235747920632,90.0308861668035,38.700230558373
2015-07-09 11:00:00,11,184.022900135417,473.643834561295,94.8570754885631,53.2436628928149
2015-12-10 10:00:00,11,195.778082538721,489.886701220118,95.2216726949836,42.1178270351197
2015-08-14 06:00:00,11,161.472928052174,400.686646517551,105.128707937068,45.1999347139726
2015-11-01 12:00:00,11,155.586333432204,350.504991822832,100.549648866002,38.9027802621189
2015-01-06 08:00:00,11,175.823253528506,522.959075047931,125.312925530289,46.9680427880261
2015-04-30 17:00:00,11,193.146511605412,475.974315844371,101.575602856213,45.7796905216765
2015-07-29 07:00:00,11,185.337164497355,448.158815985723,98.6246483623695,49.6842841067275
2015-11-10 17:00:00,11,178.018186712074,440.651394452834,78.630186688544,33.1551868510881
2015-04-17 22:00:00,11,162.740724051143,469.751086112529,102.844650474678,31.4203101124776
2015-08-02 15:00:00,11,172.973099760246,542.325267980068,96.9223043504094,47.3085345404158
2015-12-20 13:00:00,11,168.237542565335,401.596646467146,83.9505332328275,42.9257344999946
2015-07-10 22:00:00,11,178.341826369275,459.857958335068,96.8976662442463,42.3103465525017
2015-06-29 07:00:00,11,192.276232855576,468.732562086029,97.8516950418067,43.5714052917121
2015-04-02 03:00:00,11,185.011365363633,437.513613037229,75.6257840622462,44.6994111573527
2015-05-05 15:00:00,11,174.161681219798,542.207756473369,94.3880599359321,37.561059460695
2015-08-12 11:00:00,11,192.983420863546,459.675934256881,101.093272414375,47.6382719500418
2015-11-07 23:00:00,11,166.299571585676,449.012098486522,89.8638031736103,52.2882163280846
2015-03-19 08:00:00,11,178.799847797647,439.526593168824,92.3638259613885,40.3355384380435
2015-02-24 01:00:00,11,216.227367996956,410.049389138398,110.954842738375,40.3487539437212
2015-05-25 11:00:00,11,177.767479886203,414.609051982152,103.519569706776,39.0496079582231
2015-03-08 21:00:00,11,197.108151874659,454.769198514228,87.2961588939289,43.9691441694678
2015-11-29 09:00:00,11,162.576767300022,478.985290057568,103.800333566143,38.1547825950029
2015-09-17 23:00:00,11,166.408639791453,505.09849059389,107.292145849256,35.1274188375759
2015-06-01 01:00:00,11,189.952592822881,406.439904219381,101.180714707241,44.2189026134437
2015-02-26 02:00:00,11,152.183029875103,397.780500970843,81.4062783280269,38.6541295150903
2015-03-06 09:00:00,11,171.924246783759,471.115574421392,114.512887444179,45.5560026938443
2015-03-28 22:00:00,11,158.488373306259,434.057572843286,93.4782519814572,36.9334083306295
2015-01-07 04:00:00,11,191.877610547165,425.069356843755,106.996787058,37.3892295041648
2015-06-03 03:00:00,11,154.22790424691,457.636835117621,89.4272092308865,39.988010325479
2015-12-22 09:00:00,11,171.353757806476,406.674236247939,98.9782566183381,45.3035210158567
2015-05-23 02:00:00,11,151.03855193199,302.22124733033,96.2654443192321,45.3700251647946
2015-09-01 14:00:00,11,186.038085788902,429.466828735575,95.7708138077299,43.1228795812032
2015-09-20 20:00:00,11,165.371073393678,495.316318987077,109.09213704407,44.0797611641557
2015-08-16 19:00:00,11,168.644660422491,483.890142859417,88.2098093482746,39.4360004167226
2015-06-08 09:00:00,11,181.141847081407,547.712219447746,95.0443211882569,41.2494783114693
2015-03-08 19:00:00,11,166.834205250495,497.558085959534,92.8344151352557,40.4790160337995
2015-11-21 11:00:00,11,168.438718907824,424.064791513893,127.435667248583,49.7791830324261
2015-07-12 20:00:00,11,130.557112836172,416.863739920115,92.7856596311029,43.7647069744449
2015-07-29 23:00:00,11,133.30499114299,437.834919844659,95.0190945953949,44.5739741752268
2015-08-30 07:00:00,11,189.810918573278,428.871483243783,94.8767274960073,35.2136175228683
2015-06-16 20:00:00,11,183.965415760286,414.215463956582,95.247907422006,37.758175383125
2015-06-21 17:00:00,11,180.245595948643,372.502316386624,101.027736809966,35.8129497979144
2015-07-25 15:00:00,11,150.167218281018,389.872428458096,95.6152675538206,44.8757979804944
2015-03-12 12:00:00,11,159.043432166445,434.058700401626,96.2352736408774,40.5619026179287
2015-03-21 17:00:00,11,177.76602935168,412.351682836801,100.247663956228,44.6725094355184
2015-03-07 11:00:00,11,158.729180321292,437.606988097828,88.4454526783665,41.887587865672
2015-01-11 01:00:00,11,192.547138804415,434.465224992405,102.959164258814,40.9830747362422
2015-01-19 12:00:00,11,199.404791059231,380.544594051861,109.706522185288,36.7630567638485
2015-04-28 02:00:00,11,152.646699332914,470.233033529436,84.8819652013448,51.1356150030213
2015-04-17 02:00:00,11,167.973759984243,501.746975970265,109.351628666176,39.8032017518605
2015-06-14 06:00:00,11,152.259763630458,483.91822365431,107.883217328505,44.8861887203934
2015-02-26 11:00:00,11,174.472099980191,474.234776629781,94.8616280279788,41.817550831748
2015-01-05 06:00:00,11,188.576335115423,480.527401142019,102.325381172816,38.5288036062268
2015-12-12 11:00:00,11,192.32793189663,360.648776793229,95.9301831923157,33.897607406224
2015-07-24 22:00:00,11,153.490803852874,367.266759424358,96.0330824363454,39.9466124728926
2015-03-02 20:00:00,11,165.076403284016,371.909037081905,90.6965502116695,45.3072389964748
2015-03-06 00:00:00,11,166.921545207685,426.466522650748,100.851431281804,39.4013047300235
2015-08-24 02:00:00,11,182.168458227341,377.72989034802,111.450316061165,45.651980431752
2015-04-09 13:00:00,11,169.843706124346,400.869741207666,77.6547141776426,44.624057349939
2015-02-04 15:00:00,11,190.355202262587,484.684142655906,99.3040400655839,34.063468010707
2015-04-18 08:00:00,11,150.606637692668,396.563775398526,132.61973012556,38.8689139517931
2015-03-08 11:00:00,11,166.440922166365,503.878564164303,104.442938154535,42.1603054874963
2015-03-21 07:00:00,11,140.201396799741,469.049995337673,106.831968061192,40.3713918427536
2015-06-21 09:00:00,11,169.920623802127,453.911902158469,114.927588708727,36.7355795271219
2015-08-28 13:00:00,11,172.566445238804,450.183406127445,114.977420227846,38.8965953020195
2015-06-03 21:00:00,11,174.636115208849,416.26503503376,89.6103825095306,36.9858941080765
2015-01-29 05:00:00,11,178.329882206192,485.237667848243,97.574128120117,41.2915365044579
2015-01-27 16:00:00,11,138.037136274925,455.742245629936,123.396917353159,45.4538428533478
2015-01-24 12:00:00,11,172.329069595397,528.662487945136,100.574620469138,42.4144615058496
2015-07-04 17:00:00,11,153.537026143423,421.115498677876,117.913214921643,35.8318559102644
2015-12-26 12:00:00,11,174.345612443681,472.488736609746,117.262096089351,34.3025418622401
2015-06-17 06:00:00,11,161.63977601985,515.934688278478,103.004197855032,33.5598655177187
2015-08-25 04:00:00,11,169.073700393774,485.087134262517,96.9259639002956,49.5644847432364
2015-07-29 22:00:00,11,186.870412750901,455.04417846955,116.53380476292,44.8610837313072
2015-10-04 07:00:00,11,179.347778715548,430.458135443064,73.5488095187274,40.1716777277025
2015-11-29 08:00:00,11,193.557274639727,508.802275592172,97.2826960631014,33.541487416023
2015-08-26 22:00:00,11,174.686342406697,420.328038151395,78.1186058595844,40.6051751189236
2015-06-20 19:00:00,11,159.270135834687,452.306567592744,85.3116513590363,38.9372925570835
2015-12-03 11:00:00,11,159.121152873807,454.79372623684,88.7771246189324,36.5763628249299
2015-04-15 18:00:00,11,184.855181820226,470.607265398461,98.0235055754835,37.3832428281412
2015-01-11 09:00:00,11,185.03937395951,397.383800585369,96.0901073364751,38.8790829949298
2015-08-27 22:00:00,11,150.001925716801,378.772963844089,105.396055526249,49.7781802749177
2015-12-26 10:00:00,11,144.128635043023,383.821035888719,104.777313410114,46.207668341247
2015-04-03 07:00:00,11,170.703691019629,499.361055508117,102.712336118568,38.5246579976002
2015-01-30 06:00:00,11,176.756505538115,392.710530379952,86.0767905376184,43.5709765983094
2015-04-07 08:00:00,11,188.233559315089,437.564288885583,112.951681799182,53.9447499731432
2015-12-04 23:00:00,11,177.346280193126,390.975617343023,102.921208350077,43.6388674674617
2015-04-24 18:00:00,11,159.098260823363,449.139003531803,84.5405275092913,43.9324222754797
2015-04-28 23:00:00,11,175.474056655368,383.061484229279,80.189992957207,47.3901787901111
2015-01-08 15:00:00,11,171.314842830984,427.966908521075,93.6688614371682,39.9924965119598
2015-03-11 15:00:00,11,162.145901489758,488.258794321407,102.139706753686,47.4113998203461
2015-11-24 01:00:00,11,183.488070426174,309.142630519765,92.0533351875186,37.192994375897
2015-07-09 05:00:00,11,162.150657817946,614.323359576535,113.24439371975,49.9618091127844
2015-10-04 20:00:00,11,168.211001280156,488.511443954103,102.072574364594,42.6534054481216
2015-02-26 12:00:00,11,169.288480647411,439.834086062896,105.460329749082,35.9301897576644
2015-09-03 17:00:00,11,161.657879850248,425.601218593754,96.8055521373892,33.6363486262072
2015-09-29 17:00:00,11,165.454511369196,414.314487235463,113.805176192897,50.1903645808393
2015-10-12 14:00:00,11,192.22308835541,429.050490941598,123.742759265,40.6617125201504
2015-12-08 15:00:00,11,186.895136176773,481.158762415704,103.26257815327,36.6557164739213
2015-06-20 06:00:00,11,154.083556262937,414.929935369392,96.4311497718345,38.5684991251683
2015-04-05 08:00:00,11,163.694481728518,421.913115313251,103.325581908342,30.8562501086544
2015-05-15 19:00:00,11,162.346015842876,398.486003273373,94.0443058036296,37.801767697031
2015-12-14 01:00:00,11,186.663739702994,566.896812716571,96.5114612435712,44.6559975073463
2015-10-17 06:00:00,11,184.018042425877,502.881658727647,91.8931304696865,40.9061005532388
2015-08-20 13:00:00,11,127.961425584086,458.981871439844,94.3883918218993,43.4646302865396
2015-07-23 16:00:00,11,142.778636421238,423.215934650284,109.490803945201,38.4477992506485
2015-06-04 08:00:00,11,171.724475684409,428.473784966469,92.6604758140978,42.376859856389
2015-10-04 23:00:00,11,180.932206519852,516.6549258472,95.8824763857528,37.3766552689029
2015-01-13 20:00:00,11,177.458943283893,482.396399841697,110.278357023747,41.7532189374196
2015-04-15 22:00:00,11,183.042389642201,402.342597856933,115.976207511873,38.6128994578614
2015-03-19 17:00:00,11,180.867575558104,448.058538193708,108.991049016907,33.7965924985578
2015-04-09 17:00:00,11,163.242080219258,493.597663924403,102.692493889904,46.0094190514212
2015-08-08 21:00:00,11,190.115331462185,411.106275103192,96.0752163070435,40.5969132937556
2015-09-28 11:00:00,11,161.114284359337,438.295414122639,92.9255931563854,36.3452590308831
2015-01-14 22:00:00,11,149.837359334119,458.997209660606,102.960688696802,44.5028492204717
2015-01-21 11:00:00,11,183.136473568862,415.076321611201,100.339315132939,36.3456678329836
2015-12-24 23:00:00,11,190.883178889478,503.050109460868,87.6555485857772,32.8428212239433
2015-05-30 19:00:00,11,182.480855638775,373.044899304455,96.0218882941195,44.2582530943081
2015-07-06 08:00:00,11,191.398664313148,558.722459235601,85.4619872129406,35.0301505400502
2015-04-06 06:00:00,11,162.689817438763,506.269747953641,99.3301190331534,42.0713887232943
2015-05-11 12:00:00,11,162.594746375267,517.028626021568,115.048800066507,40.6986953842721
2015-09-13 06:00:00,11,179.038281759641,487.330518955842,97.6001691777804,31.7237831537063
2015-02-20 08:00:00,11,188.794726082854,497.930450337074,109.000254238149,30.150956466158
2015-04-08 15:00:00,11,189.673312476162,444.269727281181,99.802285909922,47.2588816713976
2015-01-14 16:00:00,11,202.608889548001,396.423633705154,99.8232210880513,47.7319810522535
2015-06-05 13:00:00,11,176.082387584023,492.810915623366,90.7982214186817,37.1732731066479
2015-04-15 01:00:00,11,198.886834930108,485.021852783364,92.66597924106,41.4762843106622
2015-07-31 00:00:00,11,190.904558908298,414.254114416406,102.577986390053,44.1525933536989
2015-08-03 03:00:00,11,167.644496733076,479.059827530415,110.15464825235,46.1095691419338
2015-04-02 05:00:00,11,177.907909200723,467.887024442791,103.423658571039,41.7933930252121
2015-06-22 01:00:00,11,175.463961802846,403.511965921965,94.7667889438191,45.0556944553604
2015-03-23 08:00:00,11,154.816112770618,463.092483091621,79.5606888227825,45.4875916852443
2015-09-08 16:00:00,11,157.108663190478,427.308954513836,104.077473183001,35.4405623847172
2015-03-12 16:00:00,11,165.973036475415,441.048817563822,95.8615034662959,38.3701792582065
2015-01-07 12:00:00,11,176.534250189546,438.527693069618,114.496406987805,35.4174836707782
2015-01-24 18:00:00,11,156.991346417781,508.301182325786,120.989390874688,40.4102833435529
2015-07-03 13:00:00,11,155.119563480193,472.908646498321,111.360321508564,42.0456649720285
2015-01-19 19:00:00,11,181.902871252214,331.348987485061,94.6387909679802,38.1558781936867
2015-12-09 18:00:00,11,150.315307361729,392.672497059447,105.515951135629,36.6654430524436
2015-07-28 04:00:00,11,182.447754473597,477.734174257591,99.9446740932023,49.4490429476511
2015-06-05 08:00:00,11,171.972671446145,398.459987962861,100.013135932157,35.1915683444557
2015-12-17 12:00:00,11,165.176598617383,526.369370289342,130.337823615723,41.939080439111
2015-02-24 19:00:00,11,179.412705756597,522.201314693541,98.5613112968027,32.4447590041324
2015-04-28 08:00:00,11,150.497158655863,470.640354172712,77.6520097200277,44.0653501958167
2015-09-15 01:00:00,11,222.796074965942,514.74098845183,100.050285308088,50.8688540330445
2015-12-16 20:00:00,11,169.266802444036,479.692467097667,83.2401513517271,39.4009715288543
2015-04-04 02:00:00,11,152.250748989495,405.60927656226,100.223886680494,41.3398608094332
2015-12-02 21:00:00,11,183.852309630404,513.832283151732,98.9022617040246,39.6129547684329
2015-12-14 11:00:00,11,160.334263172083,490.420232725117,122.297999055935,50.8382590738469
2015-09-16 21:00:00,11,181.08599494601,493.731349718661,96.0728196505579,33.2006195026236
2015-06-21 20:00:00,11,149.042724709883,533.513283149564,78.3230671628968,32.9289565371167
2015-08-02 04:00:00,11,163.952244083214,485.034373166507,71.6663122811614,31.9399250004894
2015-01-11 11:00:00,11,187.882489196525,479.978874936559,104.740336148641,32.7249886582869
2015-08-17 00:00:00,11,155.588798272698,495.402077476455,92.4780042371534,32.6189619179176
2015-07-23 09:00:00,11,176.125955901723,450.635218859887,101.292139623859,42.1658548492064
2015-04-01 01:00:00,11,175.067097423771,425.684837895354,103.58459933192,37.3857319382288
2015-06-20 18:00:00,11,153.190711227303,424.789616688644,95.2234556554127,46.4258926067053
2015-12-29 06:00:00,11,166.227525198388,430.057345809335,124.887880646464,37.9484308359205
2015-02-06 07:00:00,11,146.416295332253,432.512128882554,107.293200597743,43.6003047519078
2015-02-10 13:00:00,11,153.067800528043,461.404610596307,105.809399930523,38.420904945548
2015-09-15 23:00:00,11,154.3202449257,473.961740092376,101.150700521071,37.7365444189297
2015-02-04 10:00:00,11,194.375774542721,372.92363169153,82.6149849740194,45.4513983223207
2015-12-22 19:00:00,11,170.471193836604,446.82929513247,111.21184261939,41.7294318419181
2015-09-05 10:00:00,11,173.210522379278,488.723163219148,98.6330869571717,42.1029958349149
2015-07-21 10:00:00,11,183.836387453322,338.486218725454,105.753192358025,42.013590437251
2015-09-14 09:00:00,11,157.262180731972,506.25485448656,87.6064254298989,49.5299336259008
2015-03-16 05:00:00,11,165.045747498415,514.217420032182,113.918279448563,42.7758664916493
2015-10-20 03:00:00,11,157.706024315388,496.713924421713,97.1053734549196,31.3301738146024
2015-07-05 08:00:00,11,176.372028804355,405.740354130793,84.9846887749195,35.2033288475483
2015-03-18 13:00:00,11,179.385558194347,428.878141126992,113.212433090017,39.8615202327032
2015-02-26 16:00:00,11,174.267978920391,464.584901705586,93.1600943545128,35.3417745095549
2015-01-12 14:00:00,11,139.443945828475,515.419462106766,110.006679439979,35.4542920913799
2015-12-22 01:00:00,11,120.952400879636,423.477225616435,116.768326100947,47.6741620627432
2015-11-13 02:00:00,11,187.21643194962,427.250812285172,117.940883591436,38.2148089559317
2015-07-27 09:00:00,11,185.559076295886,439.997047808447,104.955987566815,44.2206377598064
2015-04-27 14:00:00,11,182.084343605175,358.301489098689,107.134933673872,37.5937511973907
2015-11-07 15:00:00,11,144.256173136758,486.546688815133,97.0759114655868,35.3206509670515
2015-09-22 22:00:00,11,131.098204821296,375.150618084742,97.9787652956545,38.4813926901207
2015-12-22 04:00:00,11,177.833374924416,422.126121291736,109.262328930215,34.8646379753503
2015-11-18 23:00:00,11,165.015575723966,425.90177851955,122.736370993277,32.5193499669156
2015-01-05 16:00:00,11,135.420585848363,442.60987481082,98.9239623472565,36.5841422137653
2015-02-20 23:00:00,11,145.557751814225,509.265951021758,106.062310357785,34.1486521711265
2015-11-26 12:00:00,11,173.787265168217,497.094762984826,110.403302864293,40.5254391984072
2015-11-15 10:00:00,11,172.026171206027,466.650902417691,103.390353542806,51.9239227463221
2015-11-26 03:00:00,11,188.616868919786,460.607798779486,108.220702206731,35.4781418018618
2015-04-25 10:00:00,11,142.904206305954,531.344239382119,113.90887502072,46.7151792580406
2015-03-24 22:00:00,11,176.584522400967,554.517419566547,115.61423326058,46.549292220904
2015-03-12 15:00:00,11,174.45660411348,439.44307241468,100.873137145891,36.4413073817507
2015-02-28 02:00:00,11,141.714522546973,433.040582346457,99.5405539182705,33.0470582404025
2015-08-11 10:00:00,11,164.344857581438,480.177303191248,101.185121928089,39.3163127113338
2015-08-30 11:00:00,11,157.778462204858,482.33046815106,70.3187983384207,40.6735373683042
2015-08-29 11:00:00,11,159.018214507098,387.630466055097,89.9579891765581,37.6062376882348
2015-12-03 07:00:00,11,171.698922064194,510.949335818734,106.601925309392,35.9949792309922
2015-01-26 04:00:00,11,175.216827264247,335.071637177978,94.0541403154661,39.0620221798121
2015-09-03 03:00:00,11,192.005052319368,526.847099403554,92.9529458356957,34.4132002737489
2015-04-07 21:00:00,11,166.765592294827,502.477450326992,109.649717001195,40.6082264560579
2015-10-07 06:00:00,11,177.280203424259,537.93568900637,76.8981594061535,39.604433784659
2015-01-18 06:00:00,11,165.737028305936,283.186937221607,89.8333646755084,42.0434518862409
2015-10-17 08:00:00,11,153.080402796361,495.263837328433,101.977026281618,40.2942244541049
2015-09-08 19:00:00,11,168.383036291,471.442665348281,110.943980462933,39.0842297761128
2015-02-06 03:00:00,11,174.349346263184,345.561472214803,109.502723883464,40.8430776580877
2015-11-30 02:00:00,11,141.887877659866,423.012426422504,91.7867483419217,34.876116681535
2015-01-08 18:00:00,11,131.417015498808,543.42123836725,110.298769502524,38.3621169108145
2015-03-26 13:00:00,11,168.548805952106,427.153274032078,111.969168543811,33.7376290282929
2015-12-15 09:00:00,11,187.059721256232,461.656398027763,117.606120311433,38.0522626530159
2015-04-29 11:00:00,11,199.99914380456,508.741597563703,82.9889692334457,48.0355272472813
2015-09-10 18:00:00,11,202.736700769511,406.407586964589,82.2077320815729,39.3464668711174
2015-06-13 05:00:00,11,173.685697316934,464.936019986542,114.231496428393,35.3239207086748
2015-02-07 08:00:00,11,159.173270632208,422.345972285328,119.694772646912,37.9649996109572
2015-12-25 13:00:00,11,162.243977087884,425.777398895111,85.0947729453792,46.8987582698444
2015-12-29 23:00:00,11,175.851301836237,466.378153829536,108.109362083213,33.519519466335
2015-08-28 23:00:00,11,162.597503382405,437.113244961094,104.509022838885,41.3519094782076
2015-03-17 06:00:00,11,174.720590852112,369.481226652516,86.7982239669616,41.4811339927522
2015-01-28 14:00:00,11,189.322502533126,480.340363665213,124.313295671264,39.4587489741352
2015-09-02 14:00:00,11,172.073171396952,414.137003916833,109.356235686718,35.5195474914893
2015-12-12 06:00:00,11,178.92064669884,408.965914274526,97.754032549368,39.032266506757
2015-05-05 02:00:00,11,148.74795231817,439.480109916806,105.483882266175,34.4548664679713
2015-02-01 01:00:00,11,182.073533796801,320.730568467397,92.049302186194,34.5877924125497
2015-06-01 10:00:00,11,166.775724217183,421.007471246273,102.948277644332,30.0755971855599
2015-04-22 04:00:00,11,161.559514706263,446.17882368677,101.514862715178,37.903148133595
2015-05-12 01:00:00,11,200.071353604493,412.983343185116,98.5615747057457,38.8344321042223
2015-03-15 21:00:00,11,175.259479641117,460.809992377666,94.6372955716459,28.5676763077108
2015-05-15 23:00:00,11,160.974116485809,434.579720480315,110.743184276878,34.5035912660897
2015-10-09 12:00:00,11,167.662571007552,519.431682010601,95.4869723693365,43.4126285455201
2015-03-23 04:00:00,11,167.555722622047,448.379531456858,106.548618070959,36.9429190806562
2015-12-05 01:00:00,11,189.516382470274,418.395060597988,76.9413729515458,39.4498282667855
2015-12-08 00:00:00,11,196.930148008328,355.727119697255,108.411088388321,45.2622325756506
2015-03-02 10:00:00,11,195.074718144798,369.665305117893,97.4290671901357,35.4755179072854
2015-02-16 01:00:00,11,165.690737927339,423.341324994363,92.7430478090994,36.3319414482876
2015-12-06 17:00:00,11,146.603125836634,501.875400525957,111.168126659748,38.8138009606496
2015-10-15 11:00:00,11,174.392939785653,455.875448826585,108.655526659108,43.8648035025102
2015-02-21 12:00:00,11,191.918729927081,434.651821838284,107.085357298863,43.76085245938
2015-09-10 09:00:00,11,151.617186319708,456.659641981114,99.9503769899064,39.2920309294544
2015-08-18 00:00:00,11,173.901189920633,489.477273879213,93.8166366819974,42.1399066570742
2015-12-29 12:00:00,11,150.562124809232,450.647832560198,124.756255062543,45.0585262786301
2015-06-28 06:00:00,11,179.293343162695,437.60187730074,101.063523903291,32.5480695055196
2015-07-14 11:00:00,11,162.318033701171,470.710767038574,85.6813648878442,31.3389230628978
2015-09-29 07:00:00,11,170.0671174631,499.014838115477,87.1656371269676,33.8075755480345
2015-08-05 15:00:00,11,178.350799174887,485.340552866416,112.367653384852,35.3654396132048
2015-02-24 15:00:00,11,152.976580107981,421.141171918115,106.07551338574,40.9958164629843
2015-09-10 14:00:00,11,188.977978069446,494.211354587668,109.452610157802,41.9400332097733
2015-03-17 02:00:00,11,155.501874123578,431.982316514128,96.9376903181102,40.5157234378076
2015-05-09 06:00:00,11,153.989909387943,426.388082961213,109.646254539388,49.0095935667695
2015-03-05 17:00:00,11,159.092652522716,517.309647938027,94.6181586354664,37.7028281044976
2015-06-07 00:00:00,11,173.717993240527,433.591958319542,96.4500696125776,39.9118249417591
2015-05-23 10:00:00,11,156.109368065336,441.380983590381,81.0164408984593,38.4034416245433
2015-04-21 15:00:00,11,166.255824495602,440.99144516687,84.4118201606919,37.7118375467815
2015-05-18 03:00:00,11,182.32844499013,523.515462926737,91.784727425941,49.0839238883463
2015-09-19 19:00:00,11,183.688233421663,514.818831421887,100.397046404978,42.2959073816352
2015-07-30 23:00:00,11,171.724603251868,442.548452758131,112.546627932656,37.7599180302971
2015-06-27 23:00:00,11,161.125547220925,410.960459749058,105.655902353263,35.2250922975103
2015-03-13 00:00:00,11,193.179104077216,407.590981281732,103.888006141165,36.6323930362215
2015-04-22 11:00:00,11,181.895699840147,356.163905380718,96.7709490888618,45.5422619027631
2015-09-25 22:00:00,11,118.719292861597,488.22865139981,101.098792142098,45.4508621770045
2015-10-13 23:00:00,11,183.80736495851,465.450062925485,107.724443198944,46.5908093534979
2015-03-30 17:00:00,11,197.394324807354,507.658563470597,95.076601533368,39.0980432386877
2015-12-04 09:00:00,11,159.614009687324,404.499042991896,81.9143267170695,44.4366311142774
2015-08-24 06:00:00,11,166.944473522653,450.354910664297,118.201511153928,33.9356193854771
2015-10-20 16:00:00,11,206.727495643054,456.775163337457,92.2044437856712,37.0770789602118
2015-11-09 05:00:00,11,185.587613111411,505.497239257733,85.7732581949819,42.8713372053226
2015-03-16 04:00:00,11,198.673250682455,511.887734073085,113.652540489477,41.9837549326447
2015-02-18 05:00:00,11,164.524022260695,376.941736579917,122.287125168806,43.1590701258841
2015-06-09 14:00:00,11,174.799805453718,507.224758219482,108.977835996856,41.2840934857959
2015-04-14 18:00:00,11,161.071193685043,457.408904205859,90.8195494674998,42.8270515382298
2015-01-10 13:00:00,11,151.672757388194,432.05766744636,108.37234767374,37.364037250362
2015-02-16 09:00:00,11,166.233013306065,472.066963937571,102.708066663021,37.7432028019332
2015-08-25 02:00:00,11,182.440657875518,436.154198249992,117.848416692678,39.469037518067
2015-02-13 06:00:00,11,182.117303966618,409.592504078825,102.378182346282,41.6072429126543
2015-10-27 05:00:00,11,148.264509587952,447.952246206619,93.759025542529,42.6080569988655
2015-02-04 13:00:00,11,163.638001531626,481.126352217972,82.6351693317081,48.7185431635013
2015-07-22 18:00:00,11,183.544957199785,449.977473204384,119.872087974846,44.5696672536855
2015-05-20 05:00:00,11,174.912126219922,478.823928804371,102.826217433837,40.2633995416761
2015-05-09 16:00:00,11,166.814140519464,414.983123084567,96.9107005045294,40.0904300010485
2015-03-19 07:00:00,11,181.528944548845,386.565501792478,104.230276801573,42.7671768287815
2015-12-02 01:00:00,11,155.222820625412,564.896157711724,89.2478910655813,50.1303984864938
2015-05-14 20:00:00,11,152.136780098594,474.263102989259,92.4478152619891,36.4650299359597
2015-09-11 07:00:00,11,206.742500719452,419.03692442001,99.1578952970758,39.9575830552853
2015-12-18 11:00:00,11,160.963485614451,381.275879082507,87.9954753917683,33.8256690034416
2015-04-08 05:00:00,11,149.873048782195,381.449337280203,110.053912969455,34.7642452024543
2015-01-16 00:00:00,11,173.503203904136,474.983128708159,111.989004291264,37.2453693391148
2015-04-20 03:00:00,11,156.910148881194,401.74868360889,124.982065397001,42.1703055749648
2015-11-29 19:00:00,11,172.758316738294,518.166818873672,112.838942611069,35.3185457553215
2015-11-24 00:00:00,11,168.90683397975,446.199641185321,103.939656510188,39.7688999693866
2015-12-22 11:00:00,11,179.290721617857,479.353098642631,101.108430960451,48.804325523181
2015-04-13 05:00:00,11,166.163526299571,409.92308899818,88.4304437884036,49.5594763956403
2015-05-31 17:00:00,11,190.103795322576,466.872385954365,95.6972282935087,33.944550127876
2015-04-03 06:00:00,11,185.551937713245,513.833605532605,97.1526505729564,52.8420462507225
2015-09-13 08:00:00,11,164.924657775997,458.00908941562,101.188841686168,42.2355934251419
2015-03-13 15:00:00,11,143.21770785966,450.002644919149,109.090480833083,42.3813818291415
2015-06-30 19:00:00,11,172.996702024509,564.333490488472,105.313298670369,36.9873244248495
2015-11-16 01:00:00,11,160.660282873618,411.260112584269,94.091075917936,45.9658613443464
2015-04-19 18:00:00,11,155.78599446662,456.608606653266,138.922061715044,37.8289880773752
2015-06-28 00:00:00,11,183.763591054977,366.721261816639,102.179884088846,39.6877415628162
2015-11-24 06:00:00,11,163.407127836757,392.878290604359,99.9394669918683,47.6293164582964
2015-11-07 11:00:00,11,158.776019730487,412.425972401132,113.204754454588,31.3186560637464
2015-01-11 07:00:00,11,170.310607176378,401.389134789658,94.92716287355,40.7457470548965
2015-10-07 21:00:00,11,166.987537376832,495.39907318795,92.8303354242581,29.9840819823727
2015-10-24 19:00:00,11,183.077846593902,545.68110149136,92.9038595185845,39.3975013112003
2015-12-22 12:00:00,11,151.691787050159,416.297271735071,106.431194915785,39.697307250136
2015-09-22 10:00:00,11,155.890176469113,434.947589310186,101.135013059158,41.0088585111357
2015-03-22 12:00:00,11,189.188431153866,447.312960052998,87.1777677291068,40.3455650208169
2015-09-25 20:00:00,11,150.670760704091,443.500036876545,98.7409250132852,43.3874702174144
2015-02-17 18:00:00,11,170.460657874341,492.645774188844,105.555664957077,42.2209592091886
2015-05-02 02:00:00,11,155.619592582534,474.100505346547,94.6755960406385,41.9574470529513
2015-05-08 03:00:00,11,151.426568063935,473.201751060499,94.9418194409444,36.6866843491278
2015-12-10 01:00:00,11,179.469990895312,463.257272376895,91.4725137549333,34.7309566992789
2015-07-09 01:00:00,11,177.255456411223,476.906111303388,95.873776690534,53.8875007010952
2015-01-20 21:00:00,11,170.82810155456,397.659558513277,95.2830007783481,40.9450162754048
2015-12-24 14:00:00,11,166.557103196979,387.369193525592,105.685811774373,39.3406793223236
2015-03-14 01:00:00,11,152.321588606526,460.90890610665,89.4789778342523,29.5522860427259
2015-10-28 03:00:00,11,150.108120753648,519.720672774041,83.4367060964199,33.7082611141766
2015-06-22 18:00:00,11,178.872205910281,445.176704504143,82.3298374237568,46.5952360400006
2015-06-29 12:00:00,11,147.249407284194,391.191133740886,104.748740281868,37.2971513044808
2015-05-28 17:00:00,11,161.3365496428,506.239201336075,91.7463552587541,33.6460478838945
2015-07-31 09:00:00,11,183.66840134532,482.249820579546,99.6295481494774,43.9838457230017
2015-05-07 05:00:00,11,149.067408124634,438.644687763708,96.9952721632597,41.3691214634137
2015-04-04 18:00:00,11,180.131053778099,301.09082101034,117.769643395306,47.8520414716305
2015-03-25 20:00:00,11,139.362151463737,460.151067996662,79.5541210628044,37.0950536339894
2015-06-10 17:00:00,11,183.498075396731,550.248589278972,98.9448423183434,37.4285841084051
2015-01-19 14:00:00,11,162.540443850727,288.809138875667,115.607848220246,37.9298046842382
2015-12-11 06:00:00,11,165.360290810103,551.931942782682,103.98884028237,39.0982879482196
2015-05-31 04:00:00,11,154.073882727085,557.748378881524,119.161912346853,39.0269209595893
2015-08-20 20:00:00,11,171.224622009299,499.843707718134,105.882880717392,32.6433422123387
2015-11-09 23:00:00,11,189.282498077026,523.543467752165,103.587564805616,32.1069712341134
2015-05-13 18:00:00,11,187.747691822218,520.747621677126,91.3979382874186,47.8314978383534
2015-04-08 07:00:00,11,162.452344893964,386.110213159724,85.0574609540443,40.7804519315835
2015-09-08 09:00:00,11,141.721191483897,435.328383180572,108.37208843199,37.3860776878493
2015-06-13 13:00:00,11,164.600574849073,496.671492311963,84.9712005311282,43.812354203743
2015-02-28 23:00:00,11,178.288976585552,514.81786889441,116.986617701671,38.8567187769186
2015-11-19 01:00:00,11,160.765989760001,353.797464635832,132.971227130595,50.7623962778606
2015-12-27 12:00:00,11,168.936714217393,402.840487002319,111.144532849299,39.3836803407244
2015-04-07 06:00:00,11,183.692482582454,512.387886371204,120.562351529761,38.788355745794
2015-05-04 03:00:00,11,210.980104988436,360.146339442977,111.587212983659,48.7640149564803
2015-09-12 15:00:00,11,188.713223749436,458.844598195297,104.269692930786,29.411575839505
2015-01-26 17:00:00,11,174.174071031344,427.178765701493,86.4124793485349,51.951169528806
2015-08-21 13:00:00,11,183.509646957334,563.785475787805,117.629817865155,43.2339163275309
2015-07-10 18:00:00,11,178.877288547017,401.605853860307,105.694184022774,59.5713779179192
2015-10-22 13:00:00,11,189.155197265854,516.158109907373,92.4913911069711,42.9908368483054
2015-04-13 02:00:00,11,162.602483014427,513.622496558646,112.142075065025,38.8677466077983
2015-02-13 17:00:00,11,161.431361446703,484.572287179172,94.9034037038406,38.0115216694182
2015-05-31 13:00:00,11,158.037386904485,393.163753912544,87.596805274204,45.4863104983287
2015-04-20 09:00:00,11,159.893155134233,475.776652903241,104.032607929703,46.6193967523145
2015-01-01 17:00:00,11,207.183140195441,487.091476715161,97.9449915620362,38.4855966299264
2015-10-09 11:00:00,11,170.282565511556,424.846474840792,90.9877684501981,39.4712481804146
2015-04-26 05:00:00,11,158.21861328628,429.516406434241,82.8195327306229,34.8808740208594
2015-12-25 08:00:00,11,167.814969465407,369.440191037622,86.1500204917374,41.0848252421572
2015-09-28 08:00:00,11,166.702724626946,401.225012244165,109.240676375475,45.2033962265278
2015-08-03 06:00:00,11,166.028547466651,451.03785407077,96.8040347845244,37.8415211621854
2015-10-27 20:00:00,11,176.958063649532,431.515308302924,126.147416691285,40.9958304611021
2015-07-19 13:00:00,11,186.584396425356,456.692532310595,100.715163162327,40.7851028444088
2015-11-15 11:00:00,11,182.552603174737,420.266428848497,105.941798456866,42.3739301208893
2015-08-05 23:00:00,11,171.869677384034,475.792168898545,110.199440824233,43.4099040087228
2015-10-20 08:00:00,11,195.341573072756,394.048095649921,97.4723315216343,43.8980237685683
2015-12-11 04:00:00,11,163.317483811686,460.278655456104,101.561582629955,36.0051637809014
2015-05-21 20:00:00,11,168.405581087721,377.916927270095,85.7300703691279,34.422421623209
2015-06-26 09:00:00,11,160.516525453902,450.367330441892,98.1115810905885,40.3808254180097
2015-07-07 14:00:00,11,175.266183068708,335.6798717022,126.71809163313,50.9655072917464
2015-08-03 01:00:00,11,169.648223772999,349.861968380542,91.47701528389,27.9243117941475
2015-03-07 18:00:00,11,144.356662221161,443.455567389977,103.278959489809,42.0357412867764
2015-06-14 00:00:00,11,187.223278658377,407.956931283774,92.1360017399345,36.4616237737069
2015-04-07 02:00:00,11,139.937290612416,356.449241850986,94.6352200899387,36.6101109560599
2015-12-25 16:00:00,11,195.11700633227,480.838889215383,111.888710390602,42.3925368225175
2015-01-31 19:00:00,11,166.663109955355,357.952627850419,104.47576715078,41.7782351843275
2015-12-30 23:00:00,11,175.528553856023,351.321418489226,117.946504388559,37.3079164372229
2015-03-15 17:00:00,11,187.173999415818,401.165106686085,122.362333934545,48.9258242803901
2015-12-28 07:00:00,11,166.357018587643,387.173868963478,146.758801050977,38.4686842589792
2015-01-14 19:00:00,11,164.963669038798,414.33876433337,110.027467876792,32.6452048488261
2015-06-02 21:00:00,11,172.596124565549,483.792998290123,99.9399031283165,47.6512941227611
2015-05-25 08:00:00,11,179.808466146957,446.255457532368,90.200400788588,30.6265415650418
2015-02-23 10:00:00,11,198.764278339225,454.503925640307,104.624343290307,45.0165399772746
2015-04-28 12:00:00,11,151.792111541629,458.60487654677,104.90839776899,49.7180718613935
2015-09-26 16:00:00,11,163.05195395784,552.840061367365,89.2688261863291,36.0769937969494
2015-08-16 15:00:00,11,196.249290719966,350.632641778627,114.031192437295,33.536451057626
2015-07-01 10:00:00,11,205.581958473052,425.302218398376,95.1206359890331,39.0548004351004
2015-12-04 10:00:00,11,166.372514068883,432.445838846769,89.9685579282832,48.6519257524652
2015-10-31 07:00:00,11,160.893568966865,479.960073539352,98.2549650821172,37.2618115693271
2015-08-15 16:00:00,11,149.328979372431,361.320891677123,111.172747288708,36.4995035026846
2015-09-05 19:00:00,11,189.289669986548,417.347211197944,139.125142094867,40.6811673619003
2015-12-31 20:00:00,11,158.082979622255,443.24645895033,99.6812571993135,37.2296982649994
2015-03-16 08:00:00,11,164.200720648587,429.398602694046,94.1130052306996,49.9635030726581
2015-05-22 19:00:00,11,196.215886251442,458.935164192216,103.446273191555,32.6334302228152
2015-10-18 16:00:00,11,156.975285977347,535.050518098897,105.129090990632,34.7212586779408
2015-07-22 03:00:00,11,162.487623197288,534.010345761482,100.751295029531,41.1890117006404
2015-04-10 19:00:00,11,169.990908298012,486.312304336541,104.69865975734,44.8123598558842
2015-10-03 10:00:00,11,153.171938534179,484.678537653124,112.207044714194,41.4918224092785
2015-05-24 03:00:00,11,190.071589010638,418.913634004442,107.865410749416,46.6851582706016
2015-04-03 11:00:00,11,154.74985547964,496.383588874416,96.9770474440908,38.4889685007901
2015-03-31 15:00:00,11,185.876613624051,372.239406274638,102.620746449843,37.5323750086757
2015-08-28 15:00:00,11,168.259544015052,514.869467595163,89.0920226982566,37.0367576818843
2015-01-05 03:00:00,11,183.408797394247,481.872079117159,97.063772728962,40.2468247801498
2015-07-17 06:00:00,11,166.294770268829,531.66361018438,86.8703864703497,38.1925180976511
2015-12-15 12:00:00,11,182.211752185116,462.983629474402,103.821780323458,40.1119653509547
2015-05-07 04:00:00,11,178.41798441204,471.698417093687,101.175932289991,48.8786609785597
2015-01-21 13:00:00,11,155.181602799608,404.706742303802,103.263693241947,36.9067404726007
2015-06-22 00:00:00,11,184.876729753628,420.627686917494,121.491005418045,39.1375280446376
2015-05-26 11:00:00,11,180.39506571907,419.337904388251,105.001416375708,43.2669460452975
2015-12-07 21:00:00,11,134.881035712493,410.395462794961,110.939888015953,40.1196842416725
2015-02-03 21:00:00,11,181.57343522101,460.381563542548,108.720209645069,44.1759695256869
2015-05-24 22:00:00,11,166.523412919824,448.988556720252,99.1277460505744,40.2922360810456
2015-06-15 10:00:00,11,182.040028274244,488.024409084843,111.268624409737,37.0900031643978
2015-05-04 02:00:00,11,159.912697845434,297.254846769292,113.655493092874,39.050935135059
2015-08-30 17:00:00,11,158.639874135592,443.401603722138,100.676403021725,37.7621867298237
2015-09-03 15:00:00,11,167.573325724416,503.008765161875,100.188376385407,43.836343744226
2015-08-26 15:00:00,11,174.647648725479,368.174556913737,91.0354981114859,36.1289625806161
2015-09-30 04:00:00,11,180.268359951011,454.89098795954,116.815109761551,31.2887998222654
2015-06-24 14:00:00,11,152.592922693754,439.870792585488,101.439483127294,37.5402645251241
2015-03-21 11:00:00,11,195.136831205846,509.3477567369,103.999244991595,44.630792280903
2015-12-04 18:00:00,11,163.476008912117,484.452963018297,97.8217600408355,38.2465360593772
2015-03-30 07:00:00,11,175.990079691812,555.998434494534,105.723804371881,36.1784799808846
2015-04-30 10:00:00,11,163.754755099922,426.113846506677,102.990406763262,36.2112379414325
2015-08-31 20:00:00,11,162.750991815754,415.387649436463,98.5823518916857,41.9765881574218
2015-09-27 23:00:00,11,127.938787353369,444.325087757196,114.964911065122,37.0462416137059
2015-08-15 06:00:00,11,170.503961717819,460.718188219817,104.169890812816,41.7774348619716
2015-01-17 05:00:00,11,167.088973363283,350.251632107648,98.2038492005885,28.2560690655741
2015-11-19 17:00:00,11,181.170034142918,433.922125005892,135.04918075929,48.7805848950555
2015-03-06 22:00:00,11,165.828937844155,468.730389490141,109.441275035872,44.7528663346506
2015-04-21 13:00:00,11,170.765762579236,432.34572610528,120.054832160877,40.9432878622049
2015-06-09 00:00:00,11,195.652897576853,425.112254910939,104.786331463516,40.4822351969642
2015-03-04 04:00:00,11,158.824320274966,377.817635280441,102.461427062333,43.6801843003678
2015-04-10 13:00:00,11,147.02616410169,468.775481766243,96.3445195519885,43.2219275880607
2015-02-12 20:00:00,11,176.115812672383,478.6780826842,100.040729886559,34.2849317168014
2015-07-20 06:00:00,11,170.854939025064,383.255862829239,105.216551897801,46.7722135965769
2015-06-15 09:00:00,11,162.149289553244,347.395846784437,90.0678341047814,34.8220895374973
2015-11-17 20:00:00,11,163.709889193149,508.609996608749,95.1893754139098,35.5639214316056
2015-05-30 05:00:00,11,174.306540068908,478.971400813713,96.9533354854004,44.4260634121056
2015-03-09 17:00:00,11,173.45656197151,408.742406883095,92.762768074803,40.242066528164
2015-06-12 16:00:00,11,165.952247940553,439.762851993991,104.320660184931,32.3182084384987
2015-09-14 21:00:00,11,172.970373984702,460.994234023536,117.90857728434,37.8320782008717
2015-02-11 05:00:00,11,189.693373599137,479.5854366735,99.3590444377817,40.2737509476771
2015-06-05 23:00:00,11,180.074273762066,496.771235248821,101.316202492896,43.9017836578
2015-04-02 18:00:00,11,179.017112227038,435.388947876105,92.0774840894545,45.7412316671156
2015-02-09 09:00:00,11,166.18511804864,391.01226417949,81.5292855550414,48.4536169948356
2015-11-14 11:00:00,11,169.243982349106,476.932505398751,107.442259727829,42.0976916568537
2015-07-26 22:00:00,11,170.094468870266,444.924728051746,103.649055752489,44.6380777020127
2015-02-15 11:00:00,11,177.838846231872,435.741374966215,115.6682599897,43.1222801708328
2015-01-15 23:00:00,11,170.91430263591,507.569382928938,105.265856472591,30.9948932930051
2015-04-12 14:00:00,11,166.400785170524,365.219169586407,87.5235709077326,46.2680674928681
2015-02-16 02:00:00,11,171.655260583363,444.871371755812,94.1941492983874,37.7219510057272
2015-04-25 18:00:00,11,157.615575236032,429.865355606896,99.0238152206377,38.3724524469803
2015-01-06 17:00:00,11,175.327566126772,486.67230977519,91.8095106436648,43.6556722129017
2015-01-20 18:00:00,11,158.58866681212,439.084154235311,115.739511053172,45.8152336311571
2015-11-18 01:00:00,11,178.144120467882,462.645601603441,119.54525101868,33.5409740335369
2015-07-03 11:00:00,11,185.692449252898,426.222756735558,96.6341686749858,34.2433677933263
2015-02-14 03:00:00,11,183.374079771918,419.4167772579,104.90695796998,37.1602733486279
2015-11-07 19:00:00,11,156.867429899456,452.697990543483,88.3434971033683,43.4180202804684
2015-07-02 09:00:00,11,192.353496467609,476.742703297702,102.560251083892,37.2995900003104
2015-02-02 23:00:00,11,166.247794900571,387.378519244028,89.0288456964886,34.3547826706605
2015-05-26 20:00:00,11,154.87129736383,427.534920860554,110.843233936275,40.9731130808361
2015-07-24 08:00:00,11,142.064671793809,476.39887230471,100.046779507474,41.3364255520683
2015-10-25 07:00:00,11,160.35834679993,430.554972369027,100.556436403121,41.6719658577894
2015-08-10 14:00:00,11,166.124762534957,393.026627878112,84.881996535581,43.1019380757594
2015-11-26 15:00:00,11,160.878601003005,436.85151112423,99.722957121307,42.4992847065874
2015-03-07 00:00:00,11,183.389250410186,528.874667910748,100.202449962113,31.3628757075104
2015-04-23 14:00:00,11,170.421149363708,473.037397337344,85.7261350253992,43.8961071101599
2015-09-23 23:00:00,11,167.75449330099,401.05015634733,75.2479083754527,39.0998633322875
2015-11-17 23:00:00,11,189.248072035831,409.556411198614,97.9594898666771,43.3316786357529
2015-12-02 13:00:00,11,197.637627085004,430.259328998946,107.537003267435,49.5960690820887
2015-01-15 22:00:00,11,166.362861179706,493.634790866729,85.4288341944545,38.6422906782667
2015-10-13 05:00:00,11,144.106317941136,426.805782760991,94.8058503136916,39.2714594709158
2015-02-12 19:00:00,11,166.140270242851,426.543897690148,101.977328811869,37.4889501971177
2015-09-12 05:00:00,11,190.950733232623,388.41936592635,102.906211587043,33.3234495543687
2015-10-20 01:00:00,11,180.839256151781,423.00386340952,103.015853643828,36.0174794083928
2015-11-10 07:00:00,11,156.112698640338,463.098460483593,85.561715751609,31.1750603607983
2015-04-22 15:00:00,11,172.69541601795,388.487465025514,106.043676838849,42.6724116809158
2015-03-17 15:00:00,11,200.597210052917,475.60100854759,102.31196906336,41.436005704027
2015-05-07 19:00:00,11,156.949173800811,409.284689226255,122.184367291006,40.7126644513503
2015-11-30 18:00:00,11,167.359499172278,448.176211443101,97.4505322755612,46.701560233951
2015-10-17 16:00:00,11,156.005211152601,442.597649257757,96.908644480017,35.0518308547654
2015-05-28 13:00:00,11,173.017511840702,404.39538195607,99.5352998322959,38.9899469384722
2015-08-03 16:00:00,11,191.700053558484,415.692114171222,107.020807886307,41.1150353942527
2015-02-20 02:00:00,11,186.385917166956,511.053948902641,74.8966151190046,40.9926549839879
2015-05-21 02:00:00,11,150.163931988147,443.710302197639,76.9729735822299,38.7597619337288
2015-08-09 21:00:00,11,155.198391493494,507.471410780828,99.4400120947242,45.5609192136741
2015-04-08 09:00:00,11,162.03636662482,473.758916707248,89.2372067144624,40.5745288250339
2015-05-15 13:00:00,11,150.822511597069,521.084727239127,95.9691269378323,36.3573410949485
2015-04-05 22:00:00,11,169.022562326636,371.129601517455,94.6434129922002,46.8873875239936
2015-07-06 06:00:00,11,152.740521551888,361.827757359129,96.9209776170579,26.6121746731395
2015-01-30 07:00:00,11,164.265358736185,446.920260042554,106.220710335402,43.2084736647484
2015-03-31 04:00:00,11,179.720483445859,413.025197671986,109.017351872939,40.241011058438
2015-09-24 12:00:00,11,180.565499950966,459.564221875356,82.1887456923552,35.7642210970793
2015-10-20 07:00:00,11,195.169119734795,445.136836986084,98.3789422743832,45.7259866108406
2015-12-03 23:00:00,11,185.004088629811,434.844788518913,98.7718398909206,45.406105576622
2015-07-13 13:00:00,11,162.361198782921,508.13653306008,99.2353047934231,50.015825629032
2015-02-12 02:00:00,11,151.970405108627,453.147322114446,113.961448861181,46.5483959022533
2015-04-24 11:00:00,11,204.735841659169,541.748235834168,114.133618535366,44.1258405197156
2015-08-22 11:00:00,11,163.760624547301,405.315522168298,107.373845245705,36.9801601532752
2015-08-31 05:00:00,11,132.314669767857,461.985452703825,100.122363297776,39.9774158309228
2015-02-15 14:00:00,11,161.62293773041,367.936302200763,105.399243379298,36.9309134540024
2015-06-16 15:00:00,11,160.436659956965,415.755099007737,108.387450910948,39.0792530812072
2015-09-05 05:00:00,11,191.91025993028,470.914502825811,121.812256554661,38.5674848316768
2015-02-07 10:00:00,11,183.931281680024,477.842576982478,82.0434008982088,49.9560447890196
2015-11-20 05:00:00,11,182.308147003158,435.631705762533,134.113910425601,40.2680127400524
2015-05-08 14:00:00,11,168.499477122915,407.205951011493,96.0010540610235,40.6215722469296
2015-06-13 22:00:00,11,178.35685077963,493.498324075519,93.3915819758819,54.2263334227703
2015-12-26 08:00:00,11,185.618845329403,433.240030856826,111.209528054239,51.9812268313286
2015-09-07 05:00:00,11,173.098104541997,460.254161892177,122.871671019212,41.8199563498716
2015-06-25 04:00:00,11,200.536882817149,458.70717127338,115.754001093206,33.8282256835511
2015-10-03 06:00:00,11,156.378270599156,344.806660605392,103.934895015568,40.0518729978731
2015-11-19 08:00:00,11,159.3840558405,500.245107441983,124.391146154422,44.7959518170273
2015-08-29 09:00:00,11,187.472321588419,355.294656521497,101.562128458567,36.4405819917493
2015-09-09 12:00:00,11,187.687884201412,503.538528995334,98.3132542359929,31.7804160938079
2015-07-04 00:00:00,11,179.145060150738,514.06458401048,112.948787210465,38.8760669695266
2015-06-11 09:00:00,11,179.116474110568,412.999406057953,109.720277523233,39.0804935690686
2015-06-26 21:00:00,11,161.609966267704,445.602750068137,108.771485706516,33.9666739624705
2015-08-25 08:00:00,11,181.38524949394,455.099292765861,96.8619318674314,37.9425055309829
2015-01-12 19:00:00,11,188.234536776908,370.088868498339,87.5023712490675,33.8521108352231
2015-09-01 23:00:00,11,160.589880238025,473.562180014736,99.6544007971413,35.8484481315298
2015-04-26 22:00:00,11,163.98426987351,445.15650110423,122.379076507834,43.4884469289694
2015-08-24 21:00:00,11,154.462734074002,469.600240479679,84.7456368592028,36.878830720364
2015-08-27 00:00:00,11,162.907656629116,462.216423531475,96.6254440368224,38.7140558440209
2015-09-19 03:00:00,11,209.512846641698,491.373745449094,90.8928320747332,33.0814647662225
2015-05-03 19:00:00,11,173.019920774311,427.847174366979,101.69448280874,38.9974761088607
2015-02-12 05:00:00,11,167.328270966985,506.956103977592,112.877772865167,39.8969755251553
2015-09-24 04:00:00,11,148.192297915406,395.985140501307,97.7292482255884,41.2585587112614
2015-07-23 04:00:00,11,163.411667913542,396.157114226692,97.7025754046924,40.7773450199139
2015-12-29 05:00:00,11,145.582418871591,506.506991591099,116.705329905836,34.5531579930563
2015-07-29 20:00:00,11,171.218694848753,509.507403995357,97.9287028701133,38.255547604171
2015-12-01 00:00:00,11,169.723544826674,487.601285487116,92.5510493404348,52.069703909876
2015-11-12 09:00:00,11,174.942307270942,459.223297508842,96.1775165728233,38.5558616281021
2015-06-20 17:00:00,11,163.477215999305,503.390878445259,101.896870778951,40.7951024193146
2015-01-10 05:00:00,11,186.102798147168,477.204580551544,92.5430446670927,44.5464457867968
2015-10-22 23:00:00,11,193.732604768897,449.730271435434,74.5288681293212,37.416554607247
2015-09-11 09:00:00,11,174.668329222255,357.296087492218,110.854196487951,32.5296540814377
2015-10-05 11:00:00,11,167.571316163231,487.371075618024,87.4910954740481,40.3213529255388
2015-10-25 00:00:00,11,173.780766624554,338.163879726893,97.6289161889415,39.4133111233633
2015-05-08 16:00:00,11,168.588148683773,433.085610774691,104.625641991821,38.9513542506956
2015-05-14 13:00:00,11,154.642941747127,430.002809979559,103.721583570501,39.4223577317947
2015-05-21 18:00:00,11,157.106054674888,579.988637696206,104.790542527958,29.636294001732
2015-10-26 15:00:00,11,187.220359222447,420.764182366248,103.194062689302,45.2104890619214
2015-04-16 23:00:00,11,188.992546685737,437.581319092614,105.083433221103,44.2135497264903
2015-01-01 09:00:00,11,164.895416290319,426.409610648101,86.4944132754988,40.2633651136137
2015-07-14 01:00:00,11,178.51072107479,427.355669370988,104.173714804317,48.9478230027018
2015-01-07 08:00:00,11,167.568401419496,357.488468589069,96.5437963915344,43.9251581306546
2015-02-20 10:00:00,11,144.449697041858,531.308560374439,99.9788521681355,41.5475002296052
2015-03-16 13:00:00,11,145.299878616159,435.089564211432,122.582984522545,35.0108930226164
2015-07-08 01:00:00,11,147.134054432559,405.460355852609,121.082421769011,54.4655221590168
2015-07-10 11:00:00,11,163.067562895117,449.649909017586,93.1972252918707,44.9249944724312
2015-08-22 21:00:00,11,179.879377945824,428.084601632486,96.0092583586057,41.6006287290708
2015-06-06 15:00:00,11,166.695850780117,484.07571921254,109.399489959952,44.552041729894
2015-08-22 15:00:00,11,155.719058422314,434.070224869161,101.488815260604,44.0247297305665
2015-03-26 08:00:00,11,161.975187023566,500.86622470836,103.281636908691,32.0254786142639
2015-12-04 01:00:00,11,171.83587785579,494.888958550735,99.9549099602492,43.8980024234897
2015-06-27 06:00:00,11,167.491206094023,458.312179620344,94.832564936144,44.3620786421464
2015-05-11 14:00:00,11,191.547967307285,440.428432100188,93.3956862031035,42.5012323115633
2015-01-17 02:00:00,11,175.219181214072,422.012579260285,98.7346822019791,34.2012857665269
2015-12-13 22:00:00,11,160.117561329672,308.981366691777,100.736593120617,46.9140619574243
2015-10-14 22:00:00,11,186.883906815389,429.102578501308,116.008537613943,37.118639219782
2015-04-15 15:00:00,11,158.539525262793,459.090284506468,89.708884715107,38.1641765364106
2015-02-08 11:00:00,11,155.929382562329,369.867511666184,98.6594232095661,34.580728219215
2015-02-10 17:00:00,11,169.335437373717,411.354136170277,99.6310152871821,37.9803990006136
2015-08-31 14:00:00,11,159.722291392108,465.981116140881,119.378605242863,37.7640554241265
2015-08-21 19:00:00,11,170.027033060108,475.739611796084,115.054712636004,36.2272716484293
2015-02-15 13:00:00,11,175.493671039981,434.737788059203,110.847843856099,49.4914458937035
2015-04-30 16:00:00,11,177.633436624371,392.050014469401,89.7962388762065,46.1164832889564
2015-07-19 12:00:00,11,190.459469012257,476.920719511002,87.7507758855863,49.9122608071595
2015-04-28 16:00:00,11,163.796964198052,426.909007897566,107.541204345042,44.6251555392086
2015-06-10 07:00:00,11,173.930400387897,445.335505584188,88.347084373105,39.7175543390365
2015-03-23 20:00:00,11,159.751812731082,470.667217415259,101.925601192533,41.8291453082178
2015-05-08 07:00:00,11,161.679814458551,497.511927615418,113.508035000294,43.0098143942257
2015-10-07 10:00:00,11,154.124108960989,400.114733056172,117.620840151329,42.1549929714558
2015-12-25 09:00:00,11,178.568920657548,420.614480665782,118.913505655673,35.7774790359396
2015-11-29 17:00:00,11,154.115395665826,444.304160624802,86.8306187831364,46.1578184108769
2015-01-17 09:00:00,11,185.074934758944,472.316760403902,107.030056768726,35.0599208203801
2015-11-17 11:00:00,11,157.451931883006,543.449442488838,94.4651366045144,48.2229048701242
2015-12-04 07:00:00,11,161.2117929645,391.205097313447,105.484439158557,54.8606008559151
2015-09-09 04:00:00,11,171.602950878566,448.708707470632,115.535552993853,41.5879537907845
2015-09-18 15:00:00,11,135.53261354859,503.403193642962,102.491283853552,42.5514808720897
2015-03-10 19:00:00,11,179.050800309443,466.034232463733,102.166170809384,33.9080029780634
2015-02-05 18:00:00,11,166.202006751856,381.121033998495,90.4174238855861,37.4390036535573
2015-08-31 07:00:00,11,192.225843835935,460.527073752411,100.158714350084,37.0955858812019
2015-10-02 09:00:00,11,160.062550020549,569.424389055478,89.5761987601206,32.8431812490831
2015-12-23 20:00:00,11,158.029668961914,470.021291055785,95.3231002872613,43.311201724295
2015-09-09 20:00:00,11,174.992577148128,478.210899629575,99.4596171047128,40.5939765526618
2015-08-06 02:00:00,11,194.949211690712,449.394986150464,108.632226232043,32.8167585506652
2015-09-06 23:00:00,11,163.045491052533,469.421728746223,126.382958485993,34.7419526867407
2015-03-27 14:00:00,11,186.264553077993,429.313840751896,103.357885489289,49.7112694301004
2015-07-25 10:00:00,11,167.599685873129,477.441064681514,106.349928781971,44.1215292883246
2015-12-28 17:00:00,11,168.084515423458,507.033501897533,133.701616428093,31.965033413677
2015-01-25 04:00:00,11,139.486621531792,469.400740191014,97.6037211571068,42.9811035064682
2015-07-15 12:00:00,11,169.968527519549,345.266047726487,88.4836828105055,34.9526558573607
2015-06-05 05:00:00,11,158.128326816511,325.378765690867,82.5390065290218,40.7251218441568
2015-07-02 23:00:00,11,193.325656760165,426.379659767674,88.5255585023005,41.1904070485635
2015-04-20 01:00:00,11,166.393064369631,373.29293758155,120.005644099364,54.2593633221935
2015-04-18 15:00:00,11,149.158964270187,430.927992614529,128.174878148644,44.5802915841148
2015-01-10 07:00:00,11,145.755705987579,522.941165631057,105.493101771266,31.6665388843728
2015-08-27 12:00:00,11,182.840049832493,513.923564008104,112.944809618671,41.9884811652606
2015-05-04 18:00:00,11,158.821497851566,374.309421077488,95.2176332542562,38.3580685009779
2015-09-06 05:00:00,11,218.21223148928,537.080370546089,125.740444286491,43.9760019671348
2015-10-10 05:00:00,11,175.903939251343,425.382109530273,104.178963618433,34.8841045909319
2015-09-09 06:00:00,11,169.326305210105,358.830896998767,102.773702979683,43.140123872731
2015-08-09 11:00:00,11,188.789176456734,488.150226458271,111.956458648853,41.315065812722
2015-12-20 19:00:00,11,167.245043953579,471.612973811083,102.059897566739,33.4830704287148
2015-02-10 09:00:00,11,167.099665187643,491.727210789287,88.1126798598236,40.9804816840973
2015-02-21 09:00:00,11,172.762749855065,478.575172906944,96.8780196172757,41.5170313442939
2015-11-07 07:00:00,11,166.479730685601,430.547310752746,93.7894616074743,48.5393833311386
2015-11-20 12:00:00,11,199.640643496686,428.963825308023,131.475526120665,41.1704752694215
2015-11-05 06:00:00,11,157.810969751432,503.337953107666,92.1160277741017,41.9445679182044
2015-07-20 20:00:00,11,163.112446758316,464.292690465343,77.4578027540499,45.2386178622658
2015-07-28 12:00:00,11,159.922932058104,466.839908319288,92.982271027863,36.3742814591606
2015-08-01 09:00:00,11,177.278565834284,478.940617901413,86.0814955029779,47.2801028653747
2016-01-01 00:00:00,11,156.258346210665,420.345320481499,115.17020184825,43.2258095838788
2015-03-24 11:00:00,11,152.745803962653,449.307502448923,104.888034322238,35.6164950603444
2015-12-15 23:00:00,11,165.352090581715,442.463935703664,138.906180778678,47.3438017497348
2015-01-10 06:00:00,11,148.377128760571,489.572733169728,93.7132483825946,43.2025788553905
2015-07-06 11:00:00,11,158.198948577395,438.5608039979,115.611369897631,40.1477216603489
2015-08-14 23:00:00,11,168.569203037159,439.684097304494,98.7991997458032,42.3029306124724
2015-03-24 09:00:00,11,161.087315183394,441.789436288879,103.869582080767,44.5134136090142
2015-07-20 21:00:00,11,190.291443180374,351.873185695942,110.068730177109,38.5207222893373
2015-10-02 16:00:00,11,185.278907264709,447.878925242775,96.6364703459493,48.2750454630571
2015-08-12 18:00:00,11,172.353403899139,425.40883600209,100.654712556251,35.5130217069361
2015-12-31 09:00:00,11,173.979973117301,361.304167645245,118.908851904001,37.1040359577547
2015-04-17 15:00:00,11,168.115252937048,529.833321819463,99.1081699010263,43.5394276850826
2015-05-28 10:00:00,11,195.37588491158,412.759090617686,93.5358427093502,40.5136993627442
2015-08-05 11:00:00,11,177.315963849635,373.472776464754,114.081187931658,35.9992998338709
2015-09-06 12:00:00,11,157.031805397471,352.84769817881,128.056147836094,37.1960371939117
2015-03-13 22:00:00,11,177.109444062136,472.164536571782,87.6983583876897,35.5580591790809
2015-11-03 04:00:00,11,181.98879189743,509.69825410028,108.430136438496,38.0251175305124
2015-09-14 23:00:00,11,177.974593489683,430.403871777261,100.49675867976,36.2234694055404
2015-11-11 21:00:00,11,123.403746785923,446.566554369253,92.574448322872,38.6587152418089
2015-12-22 22:00:00,11,168.546904331013,368.325847373813,91.897677634689,38.1113383524489
2015-02-22 00:00:00,11,180.367505138183,412.259073212096,99.4404198786778,47.6499291075306
2015-08-27 18:00:00,11,159.333862019953,427.581913682375,88.0309232302635,42.1560689172823
2015-07-05 17:00:00,11,160.727238523141,443.098727601268,112.182368763634,35.9531335389153
2015-07-22 06:00:00,11,169.121869226483,438.698013557141,127.99400395437,40.8054967666262
2015-02-10 14:00:00,11,206.541318107188,485.285343957135,98.9301067688579,39.2165256023125
2015-01-07 09:00:00,11,166.541038001585,455.878407655942,103.730153793242,41.7952495643798
2015-08-25 23:00:00,11,156.244357306722,419.389743116647,105.535427579517,30.9160223724356
2015-11-19 22:00:00,11,186.449806009198,477.158435095611,135.331483042,40.9174609658962
2015-10-22 04:00:00,11,179.64758469386,451.350131240279,87.558019392387,40.1422406011299
2015-07-28 18:00:00,11,149.776750629242,359.179694948165,115.924351032273,39.6469914593646
2015-03-17 09:00:00,11,176.071530575994,419.86045143372,86.21159260023,39.8520628392673
2015-03-05 09:00:00,11,186.534188213177,404.348104799378,85.8425250937563,35.3942878058487
2015-04-16 17:00:00,11,169.281914776563,442.030806591275,105.986922908043,44.7413295313145
2015-01-19 10:00:00,11,186.270439098624,272.629255212711,83.6610343395234,38.2499464119174
2015-07-05 13:00:00,11,155.034151230612,428.94112638387,105.4973937842,44.3220234230811
2015-07-08 09:00:00,11,152.879165772011,473.342912463046,108.027458791991,49.006578213387
2015-08-10 08:00:00,11,172.268446916384,445.971156807161,108.146724808025,22.1450764313267
2015-05-26 12:00:00,11,167.504139188742,422.367277168593,94.5669507454531,38.7403267308496
2015-11-14 17:00:00,11,184.270194990051,375.602283988038,93.7825632575713,37.0985964294962
2015-02-25 21:00:00,11,136.501420327836,440.645616071645,107.35352734931,41.8367210292738
2015-02-11 13:00:00,11,190.024331603967,501.942150674502,118.744720953269,35.2920474025773
2015-12-20 10:00:00,11,189.249665969562,442.96529798321,90.6355986889758,42.7473208394135
2016-01-01 06:00:00,11,172.879051203201,444.2129858206,109.394616372646,34.0622458511297
2015-02-04 06:00:00,11,193.596223643064,433.967404031725,98.5284830268153,42.3246444786932
2015-03-23 14:00:00,11,190.618327663891,448.52073654631,91.6635928306947,47.4484637716193
2015-09-10 20:00:00,11,184.338381908321,379.278747514465,106.446095498628,39.5883930982127
2015-11-27 08:00:00,11,172.939571957308,432.11555037843,93.6399397485152,36.5109264079639
2015-04-07 01:00:00,11,162.671226135979,515.226578743438,99.9751398916112,37.7949921302018
2015-10-17 10:00:00,11,159.717481012386,528.366857813797,95.1476575658958,39.4484451701925
2015-08-08 22:00:00,11,163.912714825182,513.959398130603,111.189934941886,43.1981656421296
2015-06-05 14:00:00,11,169.656227856009,458.349375798814,113.710121866991,40.5213536491897
2015-04-11 15:00:00,11,157.551159538012,370.849769304558,82.7830560455509,42.989388010732
2015-05-11 20:00:00,11,182.921386613634,458.556512900333,98.8220897390637,39.7599084449475
2015-04-02 12:00:00,11,199.744856703982,449.851446797981,90.6229710551788,51.3047697121766
2015-06-08 11:00:00,11,193.788167136572,412.7320759157,103.79865083845,40.6711097270274
2015-10-17 03:00:00,11,159.333821400097,526.265163806423,102.518269840175,48.5086772529968
2015-11-10 03:00:00,11,178.459160695424,435.345522778217,72.4805984030845,37.7134865463934
2015-06-07 19:00:00,11,161.142139511272,516.705674263295,88.2676833706969,41.1298649142536
2015-03-25 23:00:00,11,168.560869250706,412.105884031539,94.0902223949153,39.5112095965447
2015-09-03 23:00:00,11,198.59840242605,550.340947754015,97.8838569994341,35.5709532515719
2015-06-09 19:00:00,11,189.433184088778,374.03387246143,102.874997165759,36.4001582004261
2015-08-05 05:00:00,11,173.72355231875,451.296724568793,98.5452014935512,42.8050836575729
2015-08-15 14:00:00,11,192.953886241637,384.997066821075,107.39596241476,38.5824819562868
2015-08-06 13:00:00,11,190.114380871315,375.502077750071,90.7331622194749,48.81915401592
2015-11-17 14:00:00,11,163.112749599283,486.856842540293,88.1274719266829,43.6782885580138
2015-11-09 08:00:00,11,183.30161636791,487.243675059619,102.257687325883,35.8531185217744
2015-09-01 18:00:00,11,179.614858869715,394.328834569959,95.0187108801667,40.2871965936385
2015-12-09 14:00:00,11,166.408707314718,499.090052750022,105.576861820935,42.2964037458718
2015-10-03 11:00:00,11,184.911312690048,450.433634023301,102.68558850554,33.8082377521935
2015-04-19 22:00:00,11,186.157630219363,340.745167948501,142.739198256661,36.4976878426579
2015-01-22 15:00:00,11,179.344286731219,410.765641982983,86.0767001291356,44.4977150466615
2015-04-26 09:00:00,11,149.717289797248,361.083826688521,94.2682067571788,43.4170637500948
2015-01-28 21:00:00,11,181.908498371822,519.878337106069,125.755558833798,51.7591080572374
2015-10-28 19:00:00,11,189.284721857599,479.343957077471,108.057422112095,39.6391789503835
2015-02-22 03:00:00,11,173.211903071325,443.903096708834,94.2222737546657,48.4335705110131
2015-04-03 16:00:00,11,146.809073591629,463.147512072109,101.254032269825,36.8087832707151
2015-10-04 12:00:00,11,157.214695452153,463.017662473128,110.464075474206,33.4146400424911
2015-12-10 22:00:00,11,160.448477717716,421.059108633084,99.0747827253221,36.255105947676
2015-07-28 22:00:00,11,174.401863805266,442.507963177365,94.9785017201014,42.9267534305334
2015-04-16 12:00:00,11,163.978903488625,429.889393610239,112.090846048142,42.6709926174391
2015-08-24 10:00:00,11,153.92245285834,404.141419219349,79.3237501426547,35.4883703439525
2015-01-09 16:00:00,11,164.815595866564,433.349074040567,97.697374510157,41.0064239854333
2015-02-27 06:00:00,11,172.575338130299,457.587937962399,93.6445303255211,34.4427085705015
2015-11-11 04:00:00,11,169.377535650499,529.730105481311,105.907894615796,46.5433390405608
2015-05-12 11:00:00,11,157.845874734984,533.624548817914,102.622539521546,34.3817297767152
2015-01-02 18:00:00,11,149.458103116044,437.487714674393,105.999538805794,48.5141721527879
2015-11-27 02:00:00,11,175.871310802418,409.668618729479,95.1416959046231,34.0100573233368
2015-10-24 16:00:00,11,181.898017381835,481.548412795107,110.67287152047,41.8678235662696
2015-06-02 20:00:00,11,179.189059769389,463.454844763338,98.3051929927714,36.901493617448
2015-04-27 09:00:00,11,169.604746631596,512.810796164768,95.3205410352884,47.5876471273828
2015-03-28 05:00:00,11,179.998631300382,496.629344645535,100.589675107997,38.3277125122328
2015-10-29 05:00:00,11,178.437312187507,421.525276071789,84.5197608384605,41.1517579743701
2015-03-08 05:00:00,11,147.842993929698,406.229320871247,108.787083349082,41.9101484113633
2015-01-28 10:00:00,11,139.373987462636,463.136163467632,114.390422410959,35.5099809984561
2015-02-26 06:00:00,11,159.020571951618,400.359633837183,101.327999208108,35.3983137490646
2015-03-28 03:00:00,11,121.332560591609,509.825714160641,101.069507862943,40.8398649986387
2015-01-21 15:00:00,11,162.285487354637,404.689639700389,92.9257254757855,36.2218752303107
2015-06-08 12:00:00,11,161.965458817101,399.410055963621,109.884851656155,52.0751533443025
2015-03-01 04:00:00,11,190.353884195864,308.675088151028,103.06590930793,43.0945601578658
2015-09-27 16:00:00,11,190.595342407045,498.106117943349,92.3157733316501,44.2678112960894
2015-12-19 00:00:00,11,191.84517524406,511.284807426689,97.6674365097016,37.7750444874368
2015-05-15 05:00:00,11,168.036336617329,422.510743659335,100.686124401922,47.1961280522871
2015-09-15 21:00:00,11,146.105313152431,464.408793427081,98.9513664812518,36.6263482511007
2015-02-11 10:00:00,11,183.252403986784,333.641476649999,85.9085178376364,39.2544867584474
2015-03-02 17:00:00,11,184.144102936608,426.409659274715,119.93861263967,43.6000711729666
2015-11-29 12:00:00,11,181.141450673785,451.975815716552,93.4962079056598,33.2446346345058
2015-04-07 16:00:00,11,161.117107592451,462.685745139742,93.3901615119562,37.6247200146711
2015-11-18 20:00:00,11,171.391721065263,399.623021303931,108.575342610039,35.5973745537381
2015-08-25 21:00:00,11,143.117240242883,467.704396134213,94.2100780984399,38.0966489193885
2015-05-02 19:00:00,11,187.796742792035,538.43608295318,119.951567689239,30.6998196220406
2015-07-14 12:00:00,11,165.318331378983,380.341471668428,107.373184223408,27.1103785712116
2015-05-03 23:00:00,11,155.692052250873,295.736277498653,97.7846525907501,42.906457597213
2015-01-03 14:00:00,11,157.355269335985,455.858806587511,96.6842740037365,38.9538817049922
2015-06-02 13:00:00,11,161.109808204734,509.856669351085,90.2347693621601,47.047808618271
2015-03-01 13:00:00,11,177.254376106089,486.214759414348,87.5502416863643,42.3905061446453
2015-06-21 12:00:00,11,165.692047208335,365.842874518193,97.9784836495751,44.348760290389
2015-11-16 00:00:00,11,173.00939583823,453.938867737923,90.0521410926346,40.127299071846
2015-10-17 20:00:00,11,170.753948929014,386.627832928858,84.4809814966575,45.0467825736752
2015-08-14 12:00:00,11,190.197990788606,378.173280308147,99.5792606590416,23.9973925187276
2015-11-09 15:00:00,11,178.10432002806,359.867440621737,109.781693189639,34.1067792530242
2015-01-06 12:00:00,11,148.706232595786,351.526617719503,98.02033996318,36.4744762898983
2015-06-17 08:00:00,11,139.507413922867,507.662113396805,104.884161570543,41.5383576452888
2015-10-03 00:00:00,11,151.256700199389,450.395462835895,105.997013402751,43.6494257240598
2015-05-11 08:00:00,11,167.704458946448,451.527909380636,92.8209521112475,39.3267886367111
2015-04-03 14:00:00,11,165.710671221655,436.723089338146,118.013517599042,45.0957928642371
2015-12-03 09:00:00,11,164.692909194205,458.968536661767,90.1509653982644,37.2588271296955
2015-06-24 20:00:00,11,162.778765327782,411.538667449168,90.4105725882735,41.8883587772382
2015-06-25 06:00:00,11,164.830461337307,389.658148603944,89.586228503869,37.4882032693196
2015-02-13 11:00:00,11,167.719580948346,393.078142347321,95.6428987478707,41.4296393054097
2015-03-08 09:00:00,11,150.497785710843,474.451327685401,93.129460494682,37.6975846319582
2015-12-26 21:00:00,11,147.327537322343,496.492179204734,118.736810187624,39.9581783637275
2015-02-05 06:00:00,11,154.50665041757,372.743586232775,108.64065113401,47.5562944587743
2015-09-09 19:00:00,11,161.527608713678,462.217505810468,100.014834514003,36.2818792493865
2015-05-15 21:00:00,11,161.916713430028,424.074486210535,103.573761402883,45.5714524863018
2015-06-24 22:00:00,11,171.669492694283,529.555966779779,98.8086620417415,42.6723322092748
2015-10-03 02:00:00,11,181.375647133444,443.095071818259,107.272135561159,37.8075126576405
2015-03-02 06:00:00,11,154.65973325453,391.456741013923,107.296545733003,36.5067779498677
2015-09-29 00:00:00,11,185.98065034201,451.496616145948,93.0659714574484,38.5473678387686
2015-11-15 16:00:00,11,167.0467364384,520.52945864085,89.9285587509333,40.737939580904
2015-09-17 15:00:00,11,153.964911501844,391.851447783994,110.275223180787,41.2474764006837
2015-01-01 16:00:00,11,177.137056228012,381.568026068443,88.0400380117045,40.5366655750012
2015-12-09 04:00:00,11,154.810903383802,392.908460283146,113.097280038627,42.8626637952374
2015-11-15 09:00:00,11,159.290655546379,463.558701201315,111.769306034922,36.4491076597235
2015-12-08 16:00:00,11,167.893375530863,414.063014724176,108.876522010251,40.2137535698706
2015-10-09 17:00:00,11,160.340745505481,468.463676697064,99.5151919052631,39.5554511526177
2015-09-27 06:00:00,11,146.53966657933,456.612146790341,94.7149438208908,43.0273213129848
2015-05-27 13:00:00,11,150.20172042224,455.697821700436,86.1277899688548,39.2720376437299
2015-02-02 06:00:00,11,188.608704846981,429.910619533604,89.0210401839793,47.0298870122175
2015-02-17 21:00:00,11,178.790969790122,449.009698136983,123.087550977373,41.9574615134119
2015-12-02 00:00:00,11,172.341449539373,504.587463377825,78.7345270842913,55.8836691197893
2015-07-29 05:00:00,11,165.038014155068,455.368569042224,97.0786806891208,31.2519305435776
2015-06-15 03:00:00,11,141.737448589272,494.610344759757,82.5587241561313,39.9523728735686
2015-10-12 02:00:00,11,163.443446279637,537.22362468513,101.373483235227,42.546036543186
2015-12-01 16:00:00,11,148.52041610136,439.124905761229,92.2872478362571,47.9256466382055
2015-03-14 08:00:00,11,180.375049661216,528.454705440054,102.935586102583,36.2344622214723
2015-11-13 21:00:00,11,189.803972571702,414.206960837628,110.048555719799,26.7360829988822
2015-06-16 22:00:00,11,166.517834875393,487.538839599552,112.400771349737,36.4883504585914
2015-08-19 04:00:00,11,157.291067690985,460.574298641864,115.843003385139,44.3123846200156
2015-03-01 17:00:00,11,178.990766854402,307.560984762172,81.7762552778117,41.7963086886142
2015-08-08 17:00:00,11,181.839522691767,442.173216665036,104.423210168068,48.6625186743878
2015-04-22 07:00:00,11,175.212260995044,495.895791552852,104.677479146992,28.5984147181162
2015-10-01 15:00:00,11,146.898055304058,458.319224085699,128.511249685195,42.5413924041911
2015-04-16 21:00:00,11,169.773459553597,445.145519233879,80.6622474867467,43.3234216118557
2015-08-11 01:00:00,11,174.630737249122,489.960378555344,111.749029925915,36.8260069557271
2015-09-01 09:00:00,11,177.986032435426,383.135338390982,105.503046489846,41.9313539202059
2015-03-09 10:00:00,11,171.8635502226,387.682433909961,116.275319335461,50.4912123407961
2015-05-02 21:00:00,11,161.3513474258,417.949567378574,93.4222998613207,38.5612340809581
2015-04-24 04:00:00,11,149.319803028629,468.949253821123,97.6356097716277,38.6457147269781
2015-03-04 15:00:00,11,206.684995856899,492.329863506144,106.386627312302,39.8676636264998
2015-11-26 09:00:00,11,189.452010608651,505.713035227511,101.518857265497,37.3041771300119
2015-08-16 18:00:00,11,158.357733856122,473.292482056027,99.1733784434968,45.7082307793188
2015-02-21 01:00:00,11,176.821140061167,449.543923213131,88.744837412112,45.5106663898425
2015-09-20 02:00:00,11,174.085351074556,415.080711490136,104.289374233829,35.0119819090383
2015-05-22 06:00:00,11,141.230051970349,414.25398897264,106.536008256554,40.7348637706077
2015-06-06 07:00:00,11,148.860828025613,494.192291329279,89.8154627342945,39.9878236796224
2015-11-16 19:00:00,11,180.574191362456,528.231774931122,92.0530606365357,47.7720571081042
2015-08-28 20:00:00,11,144.055341329496,393.550114519356,77.2264947180063,30.7703896605271
2015-12-15 00:00:00,11,171.959385228431,431.271059306894,126.329465539025,44.1172678944305
2015-03-18 12:00:00,11,182.766114024991,489.861140221337,77.7837195473455,39.1993269801415
2015-06-08 08:00:00,11,169.591828749855,424.030405148699,96.0961607091612,37.4021234326397
2015-06-20 09:00:00,11,156.07840806401,425.170978803172,85.7379145794974,34.0079344604785
2015-07-25 09:00:00,11,163.680334160167,444.909840425765,97.3392375132716,33.6904824980931
2015-04-03 13:00:00,11,161.925310578667,369.113097838761,108.00708068451,35.1907562917163
2015-09-04 18:00:00,11,160.65276199165,410.202251967855,96.5846709920897,42.0043502252522
2015-10-14 17:00:00,11,159.172141455544,463.910102194155,90.2660312340287,46.2565507767419
2015-05-19 21:00:00,11,193.935881305503,418.860433506659,99.1888404852595,43.7179504509277
2015-03-30 11:00:00,11,202.010899051398,466.361274062265,102.068765980558,45.5600553451139
2015-09-14 00:00:00,11,161.668856368336,510.422918348252,100.869835930717,39.187084508049
2015-12-12 12:00:00,11,159.287857360345,439.09936656513,104.395084098302,49.1749641696234
2015-11-10 04:00:00,11,189.954602604215,378.869200673428,113.915643164505,38.7906076203294
2015-12-22 15:00:00,11,172.771626202838,413.544158268017,109.256794602015,42.9767244254291
2015-05-11 21:00:00,11,195.526118301106,558.426558529916,98.0526195227845,45.4927724733017
2015-11-08 00:00:00,11,180.416538292664,453.966273394532,97.4202580918568,39.5869018701985
2015-07-23 21:00:00,11,182.089870906659,452.699648116382,118.765863056122,35.8933603943157
2015-04-02 17:00:00,11,165.08003706642,381.595183359375,97.6356231804456,49.2769361752592
2015-03-22 20:00:00,11,187.584540486005,436.644064009448,83.9669744185874,46.0008032311512
2015-11-20 21:00:00,11,188.957149748378,462.027308897543,107.019912418286,45.2710581690775
2015-01-20 22:00:00,11,161.527649874175,560.694106567759,83.325947595774,35.4750679105204
2015-07-08 07:00:00,11,182.059065071278,407.601129099372,98.1994805184568,47.3026444378009
2015-01-17 20:00:00,11,167.095959018673,412.01308346506,104.381262404294,44.7867800506232
2015-04-05 13:00:00,11,163.131632917,494.990353587159,94.5284743303116,37.3255760605008
2015-11-12 00:00:00,11,167.148185440507,482.630869767273,84.6543347754567,46.1385849584637
2015-11-20 09:00:00,11,169.325278317881,484.686461410686,160.475686956954,45.1194647541819
2015-12-03 21:00:00,11,180.809646780471,531.634839708301,94.4436367945257,39.8673365550812
2015-03-05 20:00:00,11,168.65858864582,458.690593694814,98.7418522187848,33.0041364909447
2015-03-03 17:00:00,11,189.084494792261,437.960538459114,97.173140868975,32.1498649139909
2015-11-09 13:00:00,11,166.908370799747,431.88795957946,86.1893078858814,51.2334732262536
2015-01-20 15:00:00,11,158.97403945956,385.673188538988,96.6661270820784,29.4686040302964
2015-02-23 23:00:00,11,178.071426266037,489.532053283804,106.693037397229,46.762997328643
2015-06-29 13:00:00,11,181.198400677835,436.559187030051,91.1895725009828,29.7941944235489
2015-07-22 00:00:00,11,172.065499363996,415.079332387657,105.620816154087,49.1369426632451
2015-04-18 14:00:00,11,182.373504941356,461.619256406654,128.367796327735,41.4543024814802
2015-06-23 06:00:00,11,168.033432114475,484.4959822321,90.1442581905083,43.2935897251358
2015-09-15 20:00:00,11,185.755765850029,479.293596808723,98.3126245328264,36.27465930598
2015-09-03 11:00:00,11,158.627739314882,398.097451590772,84.6342480758735,34.7000093499389
2015-08-19 03:00:00,11,165.997835409422,479.589108562199,109.032047727034,43.5681996341435
2015-07-10 17:00:00,11,179.513886202929,484.45056646732,94.5062427572387,58.6370016930554
2015-06-30 17:00:00,11,152.080842535647,436.378499855901,114.522752501123,41.3218306322514
2015-03-19 01:00:00,11,179.502669324177,527.429721701673,105.189961958735,48.2059040353892
2015-03-06 12:00:00,11,179.100829908049,381.486796453574,104.325613125488,38.0797978759589
2015-07-04 07:00:00,11,158.853267153372,464.920944046574,99.6190487228818,45.8003868038651
2015-02-13 22:00:00,11,168.600715201857,499.461209533329,104.055121019348,46.0157580099573
2015-07-16 16:00:00,11,173.5148121583,474.672828534224,121.904158488592,32.6436666226085
2015-03-09 07:00:00,11,151.405065334689,457.807490088311,117.012734532786,35.8244332003215
2015-12-13 12:00:00,11,187.282828286608,433.215731658205,108.671214488069,51.2400811689356
2015-01-26 05:00:00,11,194.71161327821,521.060206440293,117.576990914162,35.7505541224096
2015-08-21 09:00:00,11,208.765136907268,497.546981962641,104.356085905256,39.617770215308
2015-09-30 05:00:00,11,210.264426850278,461.816341617598,95.1822607626995,32.3392701420975
2015-04-16 08:00:00,11,175.545528424255,450.590130127314,88.7734178799501,43.8958540059003
2015-04-12 04:00:00,11,154.665384178982,413.854540793745,95.3660491235317,34.3415683895419
2015-12-25 22:00:00,11,182.605997935299,330.220029390963,94.5526722374557,42.4172463937709
2015-11-23 03:00:00,11,172.4064379768,308.335921389161,145.931143367044,38.8849488711886
2015-09-06 10:00:00,11,182.56505521579,445.050110270183,127.197208556692,29.5309957917324
2015-01-20 11:00:00,11,179.414374586168,561.702399673885,106.580112023954,39.3087977940533
2015-04-21 06:00:00,11,184.413706885915,396.26723625452,104.879817212752,36.1211956947992
2015-02-09 13:00:00,11,159.291338693642,478.081741401053,96.5210855590536,49.8499583076574
2015-12-17 06:00:00,11,146.00448977637,421.16003149334,100.701934278322,38.2901630575732
2015-08-23 23:00:00,11,190.361261779269,419.282354265521,117.972415307478,38.7829204347054
2015-03-11 23:00:00,11,169.371987099964,414.048109615028,111.092629024472,38.3229000183114
2015-06-01 16:00:00,11,135.528501123863,538.470182766803,91.7112305470517,48.7012009968962
2015-12-28 23:00:00,11,183.380175020675,456.399822709098,122.08843774603,36.6107007665216
2015-09-18 01:00:00,11,180.830709746322,452.937196038733,82.4872070826259,39.8893857108975
2015-03-15 19:00:00,11,164.215099237579,459.716591761584,96.9903177171801,47.6502415231048
2015-10-03 22:00:00,11,178.198491492858,345.28724413526,84.6753827865892,43.1082303228757
2015-11-10 15:00:00,11,156.398326342927,395.228479116637,104.037972696903,35.7621790133198
2015-10-15 07:00:00,11,165.252435832899,517.841092115495,86.601870018548,34.3816937629065
2015-02-10 15:00:00,11,178.24439051389,495.385094219938,113.265827458985,42.8356612709343
2015-10-09 19:00:00,11,150.846860754388,465.102294083214,93.5401476489707,41.7345870959165
2015-11-22 14:00:00,11,149.312458299387,477.671595948633,127.979396532904,40.9363106497839
2015-03-22 00:00:00,11,169.092314544953,465.338134156424,118.070313228502,36.9722299671779
2015-05-27 03:00:00,11,197.321255370443,493.524506565039,99.8129595719028,40.0926491282547
2015-03-20 08:00:00,11,173.345034788544,476.107308055669,94.2285679044727,33.6362820815022
2015-08-29 03:00:00,11,167.483027054611,461.01303305611,89.9796669552249,45.2635079647815
2015-09-29 14:00:00,11,177.126838193974,444.330342449109,94.8102474458056,39.3701415527654
2015-12-10 17:00:00,11,152.309330193228,561.184808658237,92.4845114644829,39.1456361868668
2015-09-20 17:00:00,11,178.921176589653,490.660866704837,95.7030874019982,42.671651253348
2015-02-20 00:00:00,11,159.421818689868,443.121741935595,99.6521737062248,41.8906975273542
2015-07-11 17:00:00,11,160.167482899994,367.919618115949,99.8979618500306,39.0612429043816
2015-02-25 12:00:00,11,165.132440279907,463.560073481211,114.641158545778,40.7221939373848
2015-10-21 07:00:00,11,174.188865679543,520.292062686945,101.894401233557,34.9417085349531
2015-08-30 01:00:00,11,166.793599690829,404.866306141119,104.474741748467,43.8122431413339
2015-05-30 11:00:00,11,159.29867340815,472.712622995569,85.1880502417364,33.1929544321068
2015-01-20 08:00:00,11,140.917482019646,394.708603556434,91.4601229837596,37.1221224352263
2015-11-29 11:00:00,11,160.259991003758,461.119966971925,104.787302360664,47.1250162883033
2015-04-01 02:00:00,11,201.395908614145,443.695822028446,116.64724528856,44.921621977117
2015-11-25 02:00:00,11,176.709813681513,527.332627859258,114.661709464881,41.8885667293454
2015-02-24 20:00:00,11,165.841250170911,481.698934609265,99.9702141868382,43.0633810699812
2015-08-12 08:00:00,11,180.008252166084,478.569032944071,112.286020626331,36.9630892899862
2015-05-31 16:00:00,11,145.676940911675,463.404902727029,103.050307334777,38.5154531708511
2015-10-28 16:00:00,11,183.455168350008,418.929561823121,81.2085185823361,38.8792335130612
2015-01-21 18:00:00,11,165.604973247396,441.732505965931,113.99094699956,47.2257532376662
2015-05-01 13:00:00,11,175.20282129305,452.284617523035,84.5973383614582,41.5157889850122
2015-11-10 01:00:00,11,189.861638934034,440.068643984997,96.8564035275115,36.25971742453
2015-06-10 20:00:00,11,171.41439239305,389.210828508593,111.713874210539,37.226574430551
2015-03-30 16:00:00,11,205.056811671876,432.456503473224,90.3120187027317,45.2850347756183
2015-02-22 19:00:00,11,196.046511010278,439.089603157584,104.905412721429,37.5099060073449
2015-06-30 12:00:00,11,164.886743831305,462.922973446307,116.311928445409,42.6718556394514
2015-01-18 11:00:00,11,181.949711338722,357.354983660861,96.4473242059799,38.9088261093703
2015-03-22 14:00:00,11,192.422240181769,417.581822311715,98.1753968858084,27.2233143966503
2015-01-29 04:00:00,11,158.215196352408,511.21713211405,107.087350063506,38.8013797328165
2015-01-23 17:00:00,11,185.852734018926,527.294646912959,89.2365959455317,42.307692705303
2015-12-21 00:00:00,11,155.8494804692,386.683816147229,108.466858423452,45.2023873965674
2015-12-01 08:00:00,11,189.728728818048,400.701392537967,101.718015570921,54.9575487794693
2015-04-06 23:00:00,11,143.412226979895,477.572091574306,104.08147042393,52.6883038022274
2015-04-19 16:00:00,11,156.748863857638,456.716563698312,131.951380730672,38.352334414092
2015-01-21 21:00:00,11,188.477014407846,489.040325126779,75.9868864413578,32.7965461313
2015-01-02 23:00:00,11,209.602517618238,432.044752597243,101.106557729211,38.3629058455535
2015-06-25 18:00:00,11,179.587042617881,487.897060789724,104.267831757428,44.8487433601702
2015-01-15 18:00:00,11,171.801053355027,441.617324073454,96.6911131401402,36.5008169547295
2015-12-28 19:00:00,11,180.478039204219,471.673221597096,120.222159447469,40.4007114283298
2015-01-13 07:00:00,11,164.662182605848,491.443983860481,104.400569734957,36.9485351958859
2015-11-01 01:00:00,11,169.570000038323,518.260506967908,115.704114402101,37.8415624327868
2015-09-18 06:00:00,11,182.368316014313,438.657867599653,96.0454111487862,41.0558699057747
2015-04-16 13:00:00,11,193.689937738526,417.893518656617,107.606865285758,36.0770193827492
2015-05-15 20:00:00,11,181.505671219364,499.519334832779,93.9533871682977,37.9941481043537
2015-05-22 10:00:00,11,172.178685491795,415.51647001102,126.731204231448,34.4981220291535
2015-10-18 01:00:00,11,135.085526081877,419.00593951128,86.3585040225923,32.5984016567133
2015-11-10 06:00:00,11,204.717001730331,455.697721698133,93.9031868575824,42.6324024337209
2015-01-18 20:00:00,11,171.610332716376,289.06251375715,102.179445611676,30.3164159021913
2015-07-02 10:00:00,11,155.449712471453,483.010441363642,103.700589571229,48.7147559961197
2015-12-20 12:00:00,11,175.731833771764,459.922894877494,113.372692001767,39.6332204369578
2015-09-30 00:00:00,11,190.601109120022,439.442943194443,104.638010679684,47.318846728174
2015-10-14 23:00:00,11,179.14298232399,480.432697075254,112.551107721853,34.6382132447184
2015-10-31 21:00:00,11,155.314846653641,350.163361052425,116.687020353691,42.5559408629992
2015-11-26 01:00:00,11,155.522987766943,466.536052945914,104.690670785354,40.4478023151095
2015-08-15 04:00:00,11,149.615935048606,533.318730970689,100.231388819005,39.3853171051754
2015-05-13 20:00:00,11,198.349019256633,444.675128257616,89.7268299044856,34.4036212600995
2015-01-18 22:00:00,11,160.418525617736,287.92061284619,85.3108672934467,35.8087484901399
2015-05-22 15:00:00,11,145.06321563265,435.951185532162,98.3066638427683,41.239123464866
2015-11-02 17:00:00,11,178.621807448624,453.229708656541,92.7271164719508,41.9704318786922
2015-01-13 15:00:00,11,178.773826329963,428.689582993336,96.1639597682722,46.064473326056
2015-12-04 22:00:00,11,160.443138979021,394.609852427593,95.8187083187899,48.5547668694449
2015-02-07 13:00:00,11,150.868169524371,392.458715020601,90.3755982977219,39.0776784659165
2015-08-11 05:00:00,11,176.676973474531,584.702956213471,92.6271131906192,38.6658897567511
2015-04-14 20:00:00,11,164.127857643504,406.896147489532,111.377050663872,37.5459432141101
2015-04-10 01:00:00,11,179.771753540049,382.174057828467,102.460293696505,48.8855568989769
2015-07-22 23:00:00,11,174.818567133189,427.538254836687,84.3635654364125,32.1208243731237
2015-01-09 03:00:00,11,142.333483693581,429.296350096706,90.9324674772298,38.1460614420899
2015-04-02 23:00:00,11,154.836920177736,481.131665148239,99.1537866382339,43.8365415749027
2015-05-05 19:00:00,11,184.127966437518,521.445041707366,92.8469873391498,39.0878397125457
2015-03-03 02:00:00,11,155.767583809616,433.718838329472,113.759876686676,41.5469937833041
2015-12-29 01:00:00,11,165.690817686302,454.954447877013,133.261484188141,33.4849232529823
2015-06-21 04:00:00,11,198.531387404866,446.348223073861,106.166290117732,39.7531958734136
2015-11-14 20:00:00,11,163.376822512195,468.557043006919,106.439102182156,38.8662098685862
2015-08-08 03:00:00,11,174.529260920973,551.334622614497,114.406971996009,44.2482135938282
2015-05-06 04:00:00,11,190.819092752874,444.808475172399,96.4867111678779,34.1864632660495
2015-03-15 10:00:00,11,158.202793591851,522.174413462721,101.039720540425,37.3224680487227
2015-12-28 05:00:00,11,187.634138778612,382.211795387225,133.586146252916,40.784476099775
2015-02-02 10:00:00,11,200.565772235989,377.484880775499,106.749743437823,40.9935557300025
2015-07-19 06:00:00,11,168.700613023424,391.730165936887,99.0973604360197,43.4976408430071
2015-04-21 14:00:00,11,130.825837287592,520.704686940348,120.048392092702,33.5836872002009
2015-09-14 17:00:00,11,188.760379073207,537.680421321461,100.319070328322,42.6438961702173
2015-10-12 03:00:00,11,175.380405200652,519.822189932499,95.2038989009871,49.8711574328896
2015-08-11 06:00:00,11,155.314730741262,466.532013762715,93.9143540079507,47.547234769223
2015-11-03 19:00:00,11,175.801474458299,455.527375184197,91.4469524470976,41.0409003916214
2015-01-04 10:00:00,11,171.957818826777,425.68631337125,122.231229388556,38.2170029678412
2015-02-22 06:00:00,11,175.682834296261,430.187071310266,104.06857847206,44.7292507678118
2015-07-09 23:00:00,11,163.955470271633,448.490968446221,91.9409530298842,41.6825716667922
2015-06-29 06:00:00,11,145.794802425504,428.447831753,118.021415921051,30.9973041293821
2015-12-03 05:00:00,11,170.043047637808,531.015719188273,83.8531878047476,33.914051368891
2015-06-30 22:00:00,11,157.697178891738,501.883012779772,97.9932508117804,32.0822307243109
2015-11-27 11:00:00,11,185.658017513171,475.595097487901,107.408435317983,31.4521614218738
2015-03-20 06:00:00,11,157.253870128196,439.651043663712,96.5759052235736,44.2825777270761
2015-01-28 00:00:00,11,178.036613701267,351.280297136874,123.695711145912,36.8721726921439
2015-02-20 11:00:00,11,159.977288429214,430.135204319355,112.225884490297,36.4373344601492
2015-07-20 19:00:00,11,165.144754021816,380.988827781611,115.137840263654,38.7674127917188
2015-11-12 08:00:00,11,159.281560315417,486.094796960029,101.797815403759,38.0788229133316
2015-04-12 21:00:00,11,183.958850397859,484.488113359029,113.666715627765,43.9460746520363
2015-11-02 22:00:00,11,185.371404835161,464.819277775642,99.1496412369899,41.5043205870035
2015-07-11 18:00:00,11,174.543670772757,495.020238331268,97.0358507284971,36.3130162482104
2015-01-27 03:00:00,11,175.463491177022,412.836567289189,129.767224810179,43.7042743876481
2015-11-24 14:00:00,11,167.080331188598,354.943012210609,99.3732467408432,42.5328777187995
2015-08-09 20:00:00,11,170.685915459125,443.98958958964,110.462286039108,35.6890130830371
2015-03-10 15:00:00,11,168.703784013934,458.959145631413,86.2662061990101,41.3336406640062
2015-05-02 23:00:00,11,160.945120076092,430.11083592811,92.4061108235579,42.1731196694627
2015-11-08 14:00:00,11,178.343502598492,390.847094095942,96.3008728086019,41.6621317348375
2015-06-25 17:00:00,11,158.688861204187,362.465257579929,73.5640118103626,39.1944710590527
2015-11-04 13:00:00,11,171.912063017801,490.539989418464,89.9155441861071,44.4810290189956
2015-07-07 16:00:00,11,150.997104704548,449.656448033113,101.547568078758,52.1547787253061
2015-11-13 18:00:00,11,162.862719686233,458.683397156297,105.485323629809,42.0376073423362
2015-09-22 00:00:00,11,184.217495762067,365.349189367431,95.7082431229371,40.0057542280114
2015-07-30 18:00:00,11,155.620043835111,530.671353442997,92.3563534754712,48.29200859349
2015-11-02 20:00:00,11,170.61841059864,476.503402924146,100.735002491731,45.7569940943122
2015-05-13 23:00:00,11,171.779300714087,465.867921971558,97.4733257589341,43.7489669132974
2015-01-01 20:00:00,11,162.933920217698,462.024697534053,99.1230357469652,43.8184465335111
2015-06-28 14:00:00,11,179.894737531022,421.355408133212,98.9921175401997,29.3117705678902
2015-06-23 02:00:00,11,164.503189486255,419.574304914421,98.0043215378545,45.8234683593788
2015-08-04 01:00:00,11,152.984535092192,463.507271966625,114.728704290629,38.1439542963412
2015-07-31 19:00:00,11,207.031486627398,463.250729328368,110.931725327165,45.9417512046241
2015-03-14 23:00:00,11,171.743731358557,481.072664482624,97.5872222556494,44.1305234069513
2015-12-13 06:00:00,11,170.968776654778,428.161365743826,114.225158912887,46.6164011533003
2015-11-28 07:00:00,11,160.2777280315,442.234722725738,106.559623700557,36.4003411512555
2015-04-14 22:00:00,11,163.006924497438,508.424628333471,99.9080812655013,43.0549465511166
2015-07-31 02:00:00,11,169.095374397875,508.683626106472,106.44991795351,50.0029085515089
2015-10-03 03:00:00,11,189.332481703771,542.198914145542,116.550035447383,32.9345810320527
2015-03-05 14:00:00,11,152.640796240365,426.741539084761,106.786543396432,49.0739807082974
2015-07-14 03:00:00,11,177.174517296454,494.822012475539,86.0722103358761,42.6133914918061
2015-08-14 09:00:00,11,175.444821977567,430.986892790882,69.4985527552188,41.0349067898077
2015-04-05 14:00:00,11,192.475078528619,571.943721966553,107.83035135282,36.9134404412098
2015-11-04 21:00:00,11,165.43203732615,478.935407843599,91.6450064861795,47.7017336179309
2015-11-17 02:00:00,11,161.443217234154,390.21493327893,108.398273047904,42.8076767801271
2015-08-08 07:00:00,11,161.260943111461,432.429380710031,102.381533219915,37.4047943234978
2015-01-02 04:00:00,11,161.179874996539,450.79934019243,104.346932114396,41.3843038617841
2015-12-16 03:00:00,11,192.643907960683,296.663979037491,118.64525189122,44.8977436378573
2015-12-02 06:00:00,11,153.346517609769,445.470460167593,104.399921262179,38.3943995098423
2015-03-20 04:00:00,11,170.754940543881,387.361430527372,104.097724919763,44.9128842566476
2015-12-22 05:00:00,11,204.170075091199,453.483024900669,86.6836678601536,40.2937416348214
2015-05-03 15:00:00,11,159.888259187055,409.395801785802,95.726242225227,39.0391612986264
2015-12-12 18:00:00,11,156.339332931709,414.136346503338,91.8636636138126,45.6598336696484
2015-03-16 09:00:00,11,216.013132499305,492.486672195039,94.7581422179766,43.276170182102
2015-07-23 11:00:00,11,170.658618781421,417.973291319707,82.0969551941372,44.2657676435737
2015-04-03 20:00:00,11,172.574794058304,398.946250462291,85.2597621290117,43.2242608988183
2015-05-11 02:00:00,11,172.84159530434,388.481545865664,100.914991827157,41.0829875336604
2015-09-12 00:00:00,11,167.235451197444,506.179485913085,110.390003037214,31.2961691187716
2015-10-11 13:00:00,11,170.342090279246,489.797687977674,104.856391220169,35.0283386254146
2015-07-15 23:00:00,11,185.972364002113,484.779721833583,105.057196036042,40.7835207413503
2015-01-12 10:00:00,11,155.217480344401,408.922402961,106.213015546861,47.1352547837852
2015-09-19 13:00:00,11,172.222314742045,351.068725297102,110.458961392503,38.8341069415825
2015-03-12 08:00:00,11,159.611006472379,450.818468043102,107.322845912766,33.9067334136883
2015-12-08 02:00:00,11,176.463589996747,409.041578539645,108.846852152385,33.3037878633865
2015-05-16 06:00:00,11,161.448869807716,430.55574957609,105.954964276547,35.3114023167987
2015-05-20 08:00:00,11,175.654701622405,449.753821861626,116.546162487643,46.0224216422876
2015-04-19 00:00:00,11,185.256244607878,369.758930590551,129.078528403369,47.7587008782222
2015-05-27 09:00:00,11,187.421724284643,446.890710648466,104.749769476429,35.8123943458574
2015-06-24 23:00:00,11,145.15391295405,554.434963730718,128.65276188676,41.7180591107168
2015-09-25 01:00:00,11,170.31520689946,413.684847451362,111.84439321116,39.0620387095007
2015-09-14 14:00:00,11,143.318987184417,372.805857292302,94.7054192258738,41.1664144913103
2015-03-27 04:00:00,11,181.031478223955,453.11163742506,92.2899190616427,42.8456526052166
2015-04-01 10:00:00,11,180.388343140167,490.213887940947,113.287623105256,38.7182530127606
2015-02-23 12:00:00,11,212.009050112291,361.178060138192,110.982280733941,42.2500569411914
2015-01-07 05:00:00,11,193.029681694182,452.498286574729,102.261558582061,44.2390818782796
2015-03-25 19:00:00,11,162.558113406784,409.655790446984,104.996069417767,40.0932910040413
2015-05-11 01:00:00,11,171.208466345897,388.905149422327,98.0173743821507,41.2293683169423
2015-12-29 22:00:00,11,165.713250253471,475.811786669053,109.811118668287,44.3749412579382
2015-05-28 00:00:00,11,172.521921947156,450.81433284421,103.782519972891,43.0512329802035
2015-09-17 06:00:00,11,172.912826302229,490.588388123879,83.8233373106172,35.1372739226405
2015-08-30 02:00:00,11,181.225553128651,517.210661902216,105.400717852552,45.1742904207223
2015-06-10 14:00:00,11,180.658262594644,532.582348500325,101.406628550869,40.0522122072892
2015-02-22 10:00:00,11,176.506624258469,448.866638412575,91.1804318530047,36.6944454496919
2015-09-20 10:00:00,11,166.326787805033,485.518056529431,111.195227109016,40.5679086693
2015-07-14 14:00:00,11,187.178466603091,422.28718638761,106.8265163284,52.0320921867646
2015-04-03 02:00:00,11,167.909824590354,467.850779326444,84.7995291651581,42.3696428198402
2015-03-23 02:00:00,11,178.350628836861,448.062350596523,103.435048916792,34.7967512608437
2015-12-11 20:00:00,11,135.540531848922,427.801700795307,92.2788346819483,39.8729173892404
2015-03-22 19:00:00,11,191.892637455234,441.98435148103,101.542785474163,34.5728752491189
2015-12-28 06:00:00,11,145.104312476718,537.230288385231,138.112956634396,48.1504702406992
2015-05-18 09:00:00,11,157.658785918799,467.46338761703,115.473255835057,40.9458916414469
2015-06-13 14:00:00,11,155.234959254952,461.68322921894,85.5452890654937,42.0259541194362
2015-01-27 12:00:00,11,188.360814929069,416.510315504727,141.903122076372,31.9550908100461
2015-08-27 23:00:00,11,160.867377670397,472.11033817014,102.362267421656,43.5203288084549
2015-10-30 00:00:00,11,207.295619731831,440.581267911214,96.6511274266716,36.3519896467998
2015-02-18 13:00:00,11,137.04374794335,428.728679968462,142.414400021835,38.0528955488941
2015-12-10 08:00:00,11,153.153225124948,452.88273978066,88.9638197266164,36.1744289090896
2015-02-08 01:00:00,11,188.364801116053,525.281697775141,103.279653318754,35.9609593302432
2015-04-20 07:00:00,11,164.513107566404,438.049807188835,85.9175963935809,41.0573569261178
2015-03-30 12:00:00,11,199.707316271901,542.713606350134,117.303297818767,36.365176633771
2015-09-25 16:00:00,11,191.106871281243,471.405561254277,98.8656751061902,41.1367938466915
2015-02-15 01:00:00,11,137.936465570502,543.007923517024,77.5857923404785,46.692317125999
2015-09-03 04:00:00,11,158.18431397947,534.474434303126,94.3441524178489,44.8329619087153
2015-09-17 01:00:00,11,175.584767194451,414.452686941312,107.441535371336,37.3727657081027
2015-09-04 14:00:00,11,184.108603713475,529.312460694534,100.438529551102,33.8357582674277
2015-09-11 17:00:00,11,144.516951956551,393.092244795614,111.227211412094,40.54019450234
2015-03-28 06:00:00,11,157.564718655598,499.492796594887,96.1251757559388,33.5102109879665
2015-12-13 14:00:00,11,185.564985208192,489.971979088971,93.1766822512029,44.9771419128142
2015-07-07 13:00:00,11,166.943281877667,456.928713804532,102.184396806215,44.5338854766661
2015-06-23 21:00:00,11,168.113840532966,502.762926832675,89.1188916507721,45.1788253886376
2015-05-05 09:00:00,11,162.537320377647,299.225490095984,102.683025807219,38.5270800218226
2015-10-29 20:00:00,11,159.782450734791,419.02728828161,82.3261087843549,38.6571480123105
2015-06-23 04:00:00,11,190.645580974865,514.053007274389,86.4399320153171,44.6624621555646
2015-10-17 21:00:00,11,157.979861556508,505.237972546087,96.7832223314589,41.2485577922796
2015-06-09 08:00:00,11,199.16808657611,458.815846907065,97.4188326432971,35.382574584628
2015-08-24 04:00:00,11,176.980482835625,439.013236488126,88.3915603716685,39.7966830080956
2015-07-06 18:00:00,11,153.372397109713,453.903504476257,71.3082315479801,32.0108375223406
2015-01-27 00:00:00,11,170.304119849482,494.028157580726,105.921488656374,36.6687178345784
2015-01-25 21:00:00,11,148.004380868707,388.281849964795,94.1493055254978,40.1260701821097
2015-09-25 19:00:00,11,148.509832807023,492.788278550906,97.7752930639654,46.5218889805574
2015-01-15 01:00:00,11,160.674143352513,428.702725019117,105.717767112255,37.164475546273
2015-05-12 20:00:00,11,180.875432094837,430.252099618534,101.621395470742,31.1547289900621
2015-06-09 13:00:00,11,153.19452749509,445.109333933058,90.8027329198983,47.417269232709
2015-02-01 18:00:00,11,205.390459497761,388.185020856379,103.843088550023,27.9901494622139
2015-05-02 11:00:00,11,171.720684639699,467.711146520728,88.7094466317972,43.218162752556
2015-12-20 05:00:00,11,164.961841537874,380.79973281428,100.324920937735,41.537948087585
2015-12-23 00:00:00,11,157.787130421109,441.150722481853,105.606461454194,36.6065323060339
2015-06-01 11:00:00,11,143.224138320163,449.486212687035,105.237571848941,37.6969956710866
2015-09-08 03:00:00,11,171.273758669682,429.906769584679,107.866119951275,34.1991082507545
2015-05-12 03:00:00,11,149.085582770506,453.327750268114,103.611292434093,50.3213334543773
2015-06-07 10:00:00,11,150.354336057234,402.573864653079,110.693624581995,46.2339484654076
2015-05-11 00:00:00,11,143.028413809769,482.427328326526,100.527778590212,48.7906956161057
2015-10-13 20:00:00,11,152.711026903573,421.891475447817,108.05384130468,40.504783629535
2015-05-29 14:00:00,11,157.083667242273,410.675974078437,114.439367792214,37.6904132758582
2015-09-22 08:00:00,11,157.101128510169,468.67675505909,98.4249960083149,39.7717293613939
2015-02-10 03:00:00,11,172.539217466177,479.960884058266,106.701213462423,43.0178997482839
2015-05-28 19:00:00,11,187.911951411668,463.677013425185,95.3900539109194,39.4360444098671
2015-10-12 11:00:00,11,155.334840607405,486.874874410524,91.7446046617418,44.046374612113
2015-08-05 00:00:00,11,152.938677054558,534.49820053513,92.4167564465155,33.6967686648893
2015-09-17 05:00:00,11,158.495219981573,442.04075259013,104.907945458215,43.7627715393126
2015-07-14 18:00:00,11,165.969594342686,554.456322811573,105.485891260322,32.9595127853875
2015-08-27 21:00:00,11,164.351211690499,502.297904915793,99.3242720829701,45.0792295021316
2015-08-18 18:00:00,11,157.234153006778,417.099275280896,85.7658255555209,44.8488543429173
2015-04-10 18:00:00,11,155.450791822999,490.856547661849,93.2998516185032,46.6163857137567
2015-01-17 11:00:00,11,163.087219879568,362.86107794253,112.076846536454,36.7599116439777
2015-11-01 14:00:00,11,198.930019938286,490.409607951677,106.858630283162,43.1583215523063
2015-10-11 14:00:00,11,159.716927654874,445.287044724537,84.841006257517,39.6544006559289
2015-06-09 07:00:00,11,180.935096197316,484.868506512048,110.749493937316,44.2106980532681
2015-09-13 03:00:00,11,161.423843949049,419.386911199324,109.958816215358,38.1255807983364
2015-11-11 20:00:00,11,146.374831261861,531.657914492677,107.407050545147,37.7310976087724
2015-02-13 02:00:00,11,168.881030957067,408.184746603979,99.180079658218,41.2354555286303
2015-11-07 14:00:00,11,172.558403704767,460.68629812122,91.404488010796,43.6479513415967
2015-04-28 13:00:00,11,165.59193162094,432.695870035768,100.484699622786,40.9354757846195
2015-08-07 14:00:00,11,176.445420208254,465.150989634645,113.459173415606,32.4319810551221
2015-11-23 15:00:00,11,207.536847660345,426.020483780124,100.031038757229,36.7362082080391
2015-12-14 19:00:00,11,181.559280194815,417.552265137059,132.410030302272,44.2251761616924
2015-01-28 01:00:00,11,164.474883244129,438.700305006647,133.819064555353,32.0952804860774
2015-12-15 22:00:00,11,193.646177404266,448.029006831309,130.395678774634,47.159970475875
2015-10-23 17:00:00,11,162.987845114911,383.534319339892,103.315497167827,48.8204142516603
2015-04-01 18:00:00,11,150.773268886229,409.069563731409,102.970571612717,26.9291015722796
2015-11-09 20:00:00,11,163.447613828393,493.780484941951,92.7843343000237,45.6249051199052
2015-09-22 12:00:00,11,166.714464071824,536.43388722703,105.575241341792,44.0709281880346
2015-07-26 23:00:00,11,193.83128542481,446.127397114057,107.518205208326,35.7982419048474
2015-04-07 03:00:00,11,188.493469524652,452.40891885188,98.4295459507125,46.1875847786097
2015-11-25 17:00:00,11,162.959353935777,346.624945420146,91.7267954896589,40.5388360303464
2015-09-01 12:00:00,11,175.581777332361,511.87879034806,113.055860951929,39.3611220610571
2015-09-29 23:00:00,11,195.231473653796,437.678164371495,96.0617515888067,49.0334137252475
2015-06-26 06:00:00,11,164.140252173199,344.801079104246,118.442574424656,40.4597068657297
2015-01-29 06:00:00,11,186.473708712215,467.151418340384,109.502494749532,40.5958467677361
2015-11-18 22:00:00,11,169.777469999928,386.197935844564,120.986987402739,38.6979484815776
2015-01-24 21:00:00,11,175.808641005589,419.470591040376,106.427385240964,35.1177092706352
2015-04-25 00:00:00,11,185.893622604257,401.100407032862,93.1573687639962,38.211545481173
2015-02-22 12:00:00,11,164.526238914656,435.540349210927,96.5072508183292,37.8876705392819
2015-10-04 14:00:00,11,161.895731949881,458.894501241246,89.1875130714505,29.1606547319434
2015-01-15 13:00:00,11,164.954418906567,479.796397933404,97.6953681864458,49.2675734361571
2015-06-23 16:00:00,11,174.269365461903,375.653563497088,94.1233835983724,36.3846373847931
2015-12-31 02:00:00,11,173.85199399667,480.171381536202,102.829612002055,45.0424070379336
2015-09-05 00:00:00,11,203.475782158974,404.222624573927,112.151806270324,35.0163732296504
2015-03-03 08:00:00,11,174.166709655454,524.13961782462,87.3134879100225,41.6570363520926
2015-04-20 02:00:00,11,169.429865594069,279.028448932242,113.991630002912,31.5868167966953
2015-04-06 12:00:00,11,151.390672521556,423.495104211001,110.483796331709,34.2776984765631
2015-10-15 12:00:00,11,176.186465373278,452.77630954814,115.226355509853,44.1344489090594
2015-07-30 02:00:00,11,172.758981465106,395.611554392564,105.26935683422,39.8168163732271
2015-10-16 00:00:00,11,167.70218161514,368.307227963768,109.714081574862,41.1063094643491
2015-10-28 11:00:00,11,175.339772039527,487.384870169384,107.129277824842,48.8090913103971
2015-01-22 20:00:00,11,155.604679482612,387.180929897488,115.337497126499,40.8158434028826
2015-03-25 18:00:00,11,173.844682286241,404.567144487789,76.532514000828,29.6977912460976
2015-08-18 15:00:00,11,186.676007729616,522.29983346274,99.3947464141016,40.2956903607951
2015-04-05 12:00:00,11,185.69255332384,455.352682920933,93.6852491503353,41.1383155054491
2015-03-01 00:00:00,11,150.575432571959,377.497575412923,95.0300620128987,29.2215893921578
2015-06-13 01:00:00,11,218.793105803635,519.597673243183,116.762103167641,45.9857470393955
2015-07-04 19:00:00,11,182.331684582145,508.14865039583,90.4475128837488,39.9903029653033
2015-11-13 07:00:00,11,191.016047349577,516.559601279592,99.130287910349,43.8357388961418
2015-03-18 04:00:00,11,176.973686326541,436.2250214178,107.851337219443,38.7572535438901
2015-12-18 17:00:00,11,166.819270852691,459.375289917032,106.546112613188,30.9605257302523
2015-04-14 06:00:00,11,176.907605224809,415.98303249594,89.2102180863383,39.0303048309167
2015-02-02 01:00:00,11,210.165727364952,396.369574419863,97.7325031838806,41.4052872824865
2015-03-20 12:00:00,11,179.971905316313,390.388146070801,112.902955244965,35.7757267534676
2015-12-13 21:00:00,11,196.16227412181,441.835408441945,88.4180414073465,47.8382198278502
2015-01-05 20:00:00,11,154.57318662867,432.173192220923,99.0035452009667,46.8462196598032
2015-09-12 08:00:00,11,138.24330765685,412.474457695874,97.2144675155527,43.7212036578524
2015-03-30 21:00:00,11,170.584308011306,463.909939707437,107.829389631536,39.8033700181172
2015-03-29 21:00:00,11,183.873107169867,468.490031600879,96.1837788038109,43.9247657087264
2015-05-21 03:00:00,11,161.207032055838,499.696663624235,113.597178261667,33.6042514962379
2015-07-06 23:00:00,11,159.606195595422,352.445050917945,106.664022739487,49.9455027908641
2015-05-09 20:00:00,11,149.983426201847,482.294627560298,99.3798036351078,51.9757856245721
2015-11-19 10:00:00,11,190.902682241276,480.433541020991,135.301945921187,39.7283190036082
2015-06-12 21:00:00,11,173.862667594111,536.586691708815,88.6712145632313,31.852568897938
2015-05-21 16:00:00,11,171.398259149756,454.85393308841,116.368538642459,44.0605775804697
2015-01-30 17:00:00,11,177.165918975054,390.81868874363,108.063703793112,35.6626227241706
2015-02-02 21:00:00,11,167.356200524102,430.772337018025,111.24300418675,43.1562109997935
2015-07-17 03:00:00,11,154.130396603521,468.294275274535,100.68103823038,38.2091077766603
2015-05-27 21:00:00,11,170.634133652116,486.90063954432,120.034219617374,33.2399602642408
2015-10-15 00:00:00,11,170.696847396722,411.831449375604,79.0610132259852,42.5171871672325
2015-02-18 00:00:00,11,167.996547401773,394.936451606121,122.25950659768,51.9619862462065
2015-02-01 17:00:00,11,186.330609227512,324.073228391951,94.8614283647683,48.4138852258899
2015-08-01 02:00:00,11,176.924545334421,382.532692216334,92.4560538543122,45.862302598734
2015-09-03 18:00:00,11,164.033678261389,471.668072001341,110.242929550942,37.6163003382354
2015-04-19 11:00:00,11,161.010352297036,306.307550310583,124.706415132443,37.2659268968348
2015-03-25 09:00:00,11,181.761961893626,427.878469820333,102.180868452437,31.9917096922375
2015-12-19 05:00:00,11,167.702016845169,443.569696402025,86.3517702862625,49.8715937332571
2015-01-25 22:00:00,11,161.561850330594,391.363019138022,101.99340761906,33.9685114870598
2015-04-12 10:00:00,11,177.798340925412,484.56212149504,94.7993127853177,43.0360144635432
2015-09-27 22:00:00,11,176.976490476061,466.741956463063,91.1065815115526,49.068609341543
2015-09-10 05:00:00,11,146.776437794455,455.699426531799,102.418049720467,39.6634481239536
2015-10-29 15:00:00,11,172.261830835211,511.054006027895,91.857052624917,40.7210084085431
2015-03-18 14:00:00,11,165.424618230676,320.254264355845,100.518914814618,36.5744183841028
2015-02-04 23:00:00,11,160.755243321053,540.284430347332,102.450430577392,29.8870291628999
2015-08-03 11:00:00,11,173.409654885892,487.728791814598,91.9186332696905,41.5071868067594
2015-03-20 20:00:00,11,170.080001223047,426.09857718464,105.144452651808,39.227858642307
2015-09-23 08:00:00,11,174.556775954416,477.34822868751,100.252072931825,38.2492005899744
2015-12-27 10:00:00,11,166.928792400196,563.386881832945,104.175581304556,34.7114330757525
2015-04-21 19:00:00,11,177.841906321884,500.786742986287,113.719154131052,39.4351874694318
2015-01-09 17:00:00,11,158.074112338239,509.527058069858,103.375763749375,49.5619150557328
2015-01-26 19:00:00,11,193.858862961195,478.762185813615,105.491706832306,42.7277193347259
2015-08-22 22:00:00,11,155.777040778052,409.254115033691,78.0047143286944,37.4265488930399
2015-01-14 04:00:00,11,145.216055178247,398.29737947973,95.2474415506058,26.8783393212758
2015-03-17 08:00:00,11,164.735288274598,461.860328572447,94.4362335596277,35.8144316631191
2015-07-29 17:00:00,11,174.732625496931,391.991474422018,101.826829678566,39.1535677777805
2015-11-07 04:00:00,11,175.066551906569,362.34924880575,93.5995108161011,42.0814556473035
2015-05-12 02:00:00,11,170.734877757188,481.540352301579,78.0561210967762,49.3172046168699
2015-12-22 21:00:00,11,213.732646304042,380.030679144613,115.007070603893,42.9468398505388
2015-06-10 18:00:00,11,169.499736538186,415.339417470296,113.902380238506,41.319667185051
2015-04-06 05:00:00,11,166.7683369068,479.304168666381,99.3298947720614,43.4738973011124
2015-12-06 03:00:00,11,165.867520375787,437.751529277346,86.761261571065,44.280433073905
2015-07-15 14:00:00,11,174.714911621177,431.880236857371,114.886678887064,36.0279933121239
2015-11-24 20:00:00,11,179.434520198298,363.459860621575,107.522382137819,46.6976374771559
2015-06-05 15:00:00,11,180.060645945314,411.488543805898,95.8619261111881,44.7201579561846
2015-01-07 18:00:00,11,187.206742610591,365.537081281635,94.6616023225718,44.4108623384803
2015-11-29 20:00:00,11,162.577918263986,399.501947837936,87.4972827434149,39.7700157967273
2015-12-21 01:00:00,11,182.49180417323,436.935165495782,78.4792891060684,45.0291898685262
2015-05-24 10:00:00,11,179.727277387457,417.987488877509,94.3091821196504,38.9539490561043
2015-12-21 22:00:00,11,171.836588269604,433.537279523846,86.5168464862821,36.6414109844231
2015-05-11 19:00:00,11,166.869227920739,466.47477920213,95.1722451272446,43.5752310426265
2015-11-27 16:00:00,11,139.28682653469,468.556686032878,73.8695136884333,35.1604205882215
2015-10-09 01:00:00,11,167.224961477515,479.288614866809,96.1891227215261,40.4131481865256
2015-08-31 01:00:00,11,157.507510581912,359.116828112643,93.6204742535954,32.5398891555117
2015-02-02 07:00:00,11,174.120257060575,357.524289967029,110.31819550433,45.0030349872951
2015-01-04 15:00:00,11,152.99839777197,438.876974856661,110.173865080246,35.7820846012399
2015-10-08 12:00:00,11,152.129698418729,500.154538469392,107.012254618044,36.4291246514878
2015-08-16 10:00:00,11,170.295911140612,458.596419637076,97.2199442018457,39.8021390306433
2015-05-15 08:00:00,11,169.024980525974,502.711203274973,92.8216896651582,41.5401458660703
2015-01-08 11:00:00,11,169.092205042288,472.006889819357,89.0838441780661,44.5737297599304
2015-07-16 20:00:00,11,165.79010144598,356.606367196288,91.1848780210906,32.9314139624437
2015-05-01 07:00:00,11,169.827567460023,533.602811892787,99.5573776506228,43.5581732445081
2015-04-15 00:00:00,11,177.242124871256,426.906028387041,91.1693707633643,47.9476527712953
2015-12-28 08:00:00,11,164.252215342783,406.659492823413,106.704898917828,41.0502435064932
2015-03-09 16:00:00,11,181.969052328081,351.532889739879,103.676946485188,50.2722462970009
2015-06-19 02:00:00,11,168.568372006269,483.207167985746,93.8720973355921,37.8678653144764
2015-10-08 03:00:00,11,198.268928107009,457.074505546187,106.776658391033,40.690754413145
2015-10-17 13:00:00,11,156.617634054731,380.378259785421,94.1103606491493,37.798415861286
2015-06-26 23:00:00,11,177.970932200571,441.027517154245,97.953143390136,43.0112067745101
2015-04-25 12:00:00,11,166.069102394066,428.185381351818,96.1570800828033,45.8812021189105
2015-06-26 08:00:00,11,148.214014338289,423.323603000374,97.1580646146852,43.5790919010957
2015-11-13 17:00:00,11,188.782216109418,488.152476941139,109.854049420172,41.1250177956591
2015-08-09 13:00:00,11,165.104104501329,510.275030553191,98.1006637079213,46.324187528855
2015-01-17 03:00:00,11,166.703254875111,366.738055135811,100.922688140847,33.5110688917297
2015-10-03 12:00:00,11,174.983875548909,347.278538311279,90.1579553284813,40.4035873424743
2015-10-25 13:00:00,11,167.627811621377,456.173884020551,106.758802943984,33.0200632698631
2015-07-05 07:00:00,11,143.042021956988,486.043328471311,109.264455323395,46.0785436252024
2015-12-05 00:00:00,11,157.966035817223,470.548977451677,95.6668594810626,39.4016875090111
2015-12-29 19:00:00,11,172.474082799401,502.064657478857,130.386105017583,40.4540968477848
2015-11-23 02:00:00,11,177.615536673443,419.981544648697,123.775420557296,44.532075303921
2015-12-07 02:00:00,11,164.26089952726,473.804472543957,102.19638535777,45.4463676185144
2015-10-31 15:00:00,11,173.408432093795,438.127240181137,108.606454825814,32.2332230625377
2015-07-16 01:00:00,11,140.358425823745,434.018169727059,101.403368516925,40.9615992994689
2015-07-08 10:00:00,11,164.216883316838,451.256311625889,102.297973985144,54.9690274278371
2015-10-28 22:00:00,11,157.02308063394,475.030875916643,101.256028264225,35.0231218448766
2015-10-16 13:00:00,11,171.866874901767,445.68557503022,103.010734204392,30.8903060263092
2015-03-23 13:00:00,11,179.026157587264,471.479796186375,102.745211341214,40.4082409103263
2015-07-08 19:00:00,11,161.51211504233,556.682477229005,86.3903904710081,54.8513295759104
2015-07-20 16:00:00,11,176.93441351599,459.934225481956,95.4080788552557,42.0401401467889
2015-03-24 03:00:00,11,149.126506686079,416.183895950833,93.8627590320662,36.0782386335919
2015-10-20 12:00:00,11,149.556563996331,387.394686235454,95.9399376019991,45.7879526219554
2015-08-18 14:00:00,11,179.433860571867,520.316507653463,96.0499200292803,40.6140605686767
2015-10-10 17:00:00,11,188.495809618602,378.208977150332,90.7708614921405,40.5662410488426
2015-11-30 07:00:00,11,211.175032744914,399.003694045061,93.2425096677471,41.0484153978127
2015-01-13 14:00:00,11,185.40348799522,409.88507779829,102.660243436418,32.4147925151887
2015-10-06 09:00:00,11,171.83593418945,392.842372364838,84.1532246358445,42.9038778123663
2015-07-07 15:00:00,11,165.278898168361,473.066549755868,81.8317611298766,38.6239961702293
2015-10-06 13:00:00,11,182.129925151305,550.691860489165,93.782974949008,50.127914393844
2015-04-27 00:00:00,11,139.738063051608,550.363039983853,105.615152428776,39.4694057205554
2015-10-30 22:00:00,11,166.683429549256,412.199187685152,99.0522054653389,42.3352922625819
2015-07-01 05:00:00,11,180.862684136653,442.228280812535,119.921004498342,41.5034255255334
2015-02-20 19:00:00,11,161.755907807403,417.650900314218,106.175962112112,42.9976189387668
2015-01-18 09:00:00,11,177.991406929095,359.760525749489,92.3033550290182,39.5246146317066
2015-05-17 05:00:00,11,180.249276052749,493.855445539357,94.352391819514,36.7023379106976
2015-11-30 08:00:00,11,187.210461189787,350.096357880227,87.7153845935349,36.0999931904861
2015-09-15 16:00:00,11,173.82762517536,450.094371798311,100.682462997882,38.2821037896466
2015-09-23 09:00:00,11,190.80196546452,473.163667260928,128.419649137404,40.6224846360974
2015-11-25 07:00:00,11,148.889656674328,452.466354806691,94.3411830807809,43.7154106649474
2015-11-12 23:00:00,11,147.383707208719,559.580514089029,103.228780214726,42.5201028715782
2015-01-30 18:00:00,11,162.843441309996,492.543103260536,97.9897835651805,43.2982722832049
2015-12-25 10:00:00,11,169.512509282407,480.606108740703,107.866410248262,34.4534564147907
2015-12-21 17:00:00,11,171.080608336951,438.665833478892,102.78986488843,42.6476886127084
2015-01-21 10:00:00,11,165.049605115559,324.63608266717,107.629357793337,45.4230305791453
2015-04-08 06:00:00,11,171.127014439085,429.727394060749,93.2497765132632,39.4521863991816
2015-07-30 17:00:00,11,172.698777713348,487.46067619348,102.339207316415,41.2621061631922
2015-07-06 05:00:00,11,153.575259488667,433.382827088178,103.508900911996,34.3969637760551
2015-05-27 07:00:00,11,177.832019773425,456.095932017702,92.6286113815602,48.589255140258
2015-09-27 14:00:00,11,170.621170570689,379.701204535252,93.7689453300034,45.7631776659659
2015-08-06 19:00:00,11,169.336141628269,544.987177838052,106.573506122092,44.1262675114372
2015-10-25 06:00:00,11,173.253758018112,494.839036310226,105.575540089606,37.623531772012
2015-11-18 10:00:00,11,184.643521732567,471.599960506486,95.4122996739793,36.8674937590997
2015-11-23 06:00:00,11,165.0656637308,392.983695738388,114.786508039851,29.8624558657776
2015-04-29 01:00:00,11,152.78462580581,476.213549208969,87.6771245869971,49.4794161276575
2015-04-26 15:00:00,11,205.061245560344,426.595487064311,84.0571126823565,41.5823338211301
2015-07-10 20:00:00,11,185.459604396544,442.19724251762,98.0250599126426,49.8343966822105
2015-05-17 08:00:00,11,180.537798840398,424.772151965968,93.4273476873037,37.9571459389294
2015-06-08 21:00:00,11,192.604685606182,557.959769374082,117.289221158991,32.6561338386582
2015-08-18 03:00:00,11,148.453355826407,416.117760083868,101.245767791859,39.6399833284128
2015-10-13 16:00:00,11,161.052392974908,417.691840986743,94.5680016584033,40.6041216709887
2015-01-12 15:00:00,11,177.840410536762,475.641365980865,84.9135362332693,39.3876828288384
2015-09-01 21:00:00,11,173.986472888446,401.870523076467,92.8524702707693,37.3192598966833
2015-01-16 17:00:00,11,184.14616367795,431.263880690191,107.232458744875,41.7140889187774
2015-11-20 15:00:00,11,196.307810408917,523.75365805165,132.281529015538,36.2045405863119
2015-07-08 12:00:00,11,147.901913564601,478.762521003507,98.2498315905212,51.5405630429763
2015-03-16 17:00:00,11,161.40113744574,419.877903268344,99.4568788493947,28.397083512656
2015-07-18 14:00:00,11,146.673649228086,538.627604528337,103.513178445912,42.4982025868361
2015-01-30 03:00:00,11,172.668736095281,431.63320559457,83.4181282561339,36.3510301730181
2015-05-19 00:00:00,11,162.097215821863,418.611271373701,84.0983822903954,46.7570356526846
2015-05-24 05:00:00,11,171.865464428311,455.994234421312,99.0544337542119,37.1493728922515
2015-09-03 20:00:00,11,177.786265865363,442.756677374212,77.6613095766736,44.9519586192648
2015-10-22 14:00:00,11,159.384209282477,516.008797918237,100.416471253559,41.1799733536606
2015-10-28 08:00:00,11,149.152203457676,430.072458802074,80.3202932421762,38.4456793229956
2015-08-18 22:00:00,11,149.659980215103,511.985832508671,102.837102252399,41.5153893564334
2015-01-03 10:00:00,11,147.66547560578,424.855257705183,95.3368676680125,40.3287520856301
2015-08-06 08:00:00,11,177.811775722672,434.600459648041,107.958094732634,44.913777735914
2015-10-03 15:00:00,11,176.823840890308,513.456085164285,87.0834420144454,39.9377486708027
2015-01-28 15:00:00,11,160.931124920079,374.996911753214,130.416922105624,35.8189110623494
2015-08-21 17:00:00,11,167.410949729974,441.38790719081,103.774768949959,45.2496514717789
2015-03-14 15:00:00,11,176.520886615195,423.256831522877,106.600279557496,43.0080645746815
2015-07-23 00:00:00,11,147.900126950873,390.784634625146,84.6912158701351,35.5153011518959
2015-08-18 08:00:00,11,163.623600280849,446.123852115039,91.6021926329416,36.6452632566448
2015-12-07 01:00:00,11,162.996747941941,512.11330356848,99.1571592500706,41.8948959026529
2015-12-24 20:00:00,11,173.33604250698,400.994445879969,105.456869392544,34.3163377433112
2015-02-28 16:00:00,11,183.955772465301,430.951770922066,120.201582144405,38.3474171249379
2015-06-18 05:00:00,11,162.575295333037,440.044462064958,93.1873677146088,49.0030871983546
2015-09-04 13:00:00,11,191.019100813195,529.640641666812,101.056018013847,39.1332792050526
2015-05-14 04:00:00,11,171.417248089123,467.51868306058,94.8283994105092,43.6050330049315
2015-12-19 21:00:00,11,159.364569263049,425.943040259879,95.4674201484247,38.7813150134598
2015-01-23 20:00:00,11,189.394756123275,486.006274676353,115.012570944491,41.8605833446651
2015-02-22 01:00:00,11,162.284410459131,407.398469943184,102.728078149324,40.8143850678182
2015-02-13 10:00:00,11,167.97580362897,438.86311984464,89.0473021183778,43.7184515459091
2015-06-03 06:00:00,11,178.247432984532,485.793956231843,88.6407529640019,33.2724193626262
2015-01-12 16:00:00,11,162.757363563554,474.931449831067,111.879680820042,35.9546202548226
2015-02-06 05:00:00,11,174.291425292168,434.091911867951,111.904938401785,43.2880793780124
2015-03-05 05:00:00,11,178.463624032963,548.561041685657,104.496369794948,52.4598059486673
2015-03-10 22:00:00,11,168.895374876255,461.261663830394,92.5569432779688,36.9671134948974
2015-11-21 12:00:00,11,156.920135909876,472.479841802094,117.980011469761,48.3170830569913
2015-05-13 11:00:00,11,162.492250533361,389.426768345094,102.998541913569,36.5447725174797
2015-04-11 14:00:00,11,186.488045690508,461.742484900117,100.103334971133,46.2939368206456
2015-12-18 19:00:00,11,182.491596604551,453.060836329223,97.8174766852221,43.5926183623051
2015-12-28 04:00:00,11,169.025586436736,412.668565536428,122.189267467153,41.4039568057051
2015-01-11 03:00:00,11,149.388447980829,423.327816107998,93.5131804638842,43.8223230197621
2015-06-16 18:00:00,11,166.105092338319,368.280504630961,109.566212424491,40.3001194579835
2015-02-23 09:00:00,11,200.37088869001,474.176748102692,96.7694726179025,29.7445145913445
2015-05-26 17:00:00,11,147.219673748302,480.344549955559,98.1110758634233,44.9862287200781
2015-07-26 04:00:00,11,157.584479982777,469.368408261697,110.060057246322,44.4608808871359
2015-11-19 03:00:00,11,164.323901175535,477.212144924552,140.992205957553,47.1375145075975
2015-09-16 07:00:00,11,152.003031871662,433.556005137958,103.934925360478,36.9630053579582
2015-05-01 06:00:00,11,161.930645355385,546.364852826011,102.868216274992,31.3622657113381
2015-05-22 13:00:00,11,170.260561751924,577.412206280671,102.499731303223,37.7037297386207
2015-10-03 13:00:00,11,167.694609643093,456.271440585335,90.1768305589902,44.8521227591967
2015-12-06 14:00:00,11,171.528524972517,435.129359869613,97.2318418384988,34.4010713118841
2015-01-31 22:00:00,11,166.978460239422,392.384428118941,107.814481305088,42.4454318477446
2015-05-08 20:00:00,11,189.044551611142,386.957621841719,111.645671913286,39.0506099347784
2015-12-10 11:00:00,11,156.256850547296,432.419247028831,99.7272849752941,40.083231375746
2015-08-08 14:00:00,11,135.392257004227,402.508063940741,80.7734923938088,37.7165757191805
2015-10-12 22:00:00,11,170.33116389317,483.249250264027,96.8163344322534,40.4960705958891
2015-05-18 07:00:00,11,137.954505768965,482.243390537792,94.2147955298963,37.2364650114164
2015-10-07 23:00:00,11,149.394830388196,405.334619622182,104.657159248503,43.612174106387
2015-01-05 08:00:00,11,126.493743791639,374.667943851388,87.0081472179153,40.9467248619596
2015-02-14 20:00:00,11,197.962372305219,329.493038656835,98.4359313333373,43.3311900422246
2015-08-07 20:00:00,11,162.221481067032,412.387750107708,82.4387905713697,39.6399755438979
2015-03-06 05:00:00,11,188.412732180781,364.339415562367,116.29972368549,35.3464458889591
2015-12-06 16:00:00,11,155.498598501492,428.460430787963,97.6720638349284,43.8349900969978
2015-12-22 14:00:00,11,175.807231285167,425.837050701164,90.7544302977522,39.9441831793881
2015-08-18 11:00:00,11,165.600357247744,432.011343050599,100.180040447145,39.7162075256717
2015-01-24 13:00:00,11,156.718022404742,477.710424827259,99.5700965897321,38.115335555097
2015-04-07 13:00:00,11,186.695302375011,463.923033753057,80.8912844631597,38.6252201664996
2015-01-04 18:00:00,11,151.609070156629,544.544407789352,85.75895899579,39.6521015451764
2015-08-23 06:00:00,11,162.640674877456,326.849153717773,93.7204600195191,41.9059774247399
2015-12-03 10:00:00,11,188.162298880802,502.063677462089,99.3801531621938,37.5528151183291
2015-01-18 14:00:00,11,191.52417058463,389.741715337085,93.4499827618823,40.7159084236993
2015-09-03 05:00:00,11,182.925001935785,514.345716362979,108.576835829228,38.6937792481991
2015-02-18 19:00:00,11,154.967920673614,427.39219584251,123.454857014746,42.3781698363268
2015-03-15 08:00:00,11,178.17428048198,502.395913529909,97.2863026871372,42.6102370018623
2015-02-01 15:00:00,11,199.336807750398,314.947932732863,114.591136910531,40.9218677893898
2015-06-15 22:00:00,11,172.582378094006,344.336729506643,98.3783556417961,36.5694076853991
2015-08-18 04:00:00,11,176.4246365722,429.306536538068,105.368827391348,44.5327232695552
2015-04-01 06:00:00,11,189.647402771556,444.447283978146,88.9688948021662,40.9796031661377
2015-09-13 09:00:00,11,162.07087239464,409.170830195392,112.188887419474,39.7901164334328
2015-06-19 16:00:00,11,130.230394184795,475.563965292243,79.7521856267985,42.5429958865014
2015-11-19 02:00:00,11,170.139679718849,402.691316619651,127.795357494819,36.1605663427877
2015-08-07 02:00:00,11,173.126161547723,417.462459184728,97.1020491485,36.3130936377567
2015-10-07 01:00:00,11,190.39264259727,381.325208258446,97.9973365987417,33.3806577686811
2015-10-21 06:00:00,11,165.903901560446,420.306949053991,93.7496447455964,39.5166779593099
2015-09-02 09:00:00,11,159.138087383921,501.581456568957,93.841885779469,37.224600929229
2015-10-13 13:00:00,11,186.417073015702,516.825739160949,108.842110684021,41.6031645746015
2015-02-19 00:00:00,11,172.022801451079,474.120169999008,128.135492253177,40.6292675608225
2015-05-11 22:00:00,11,172.788251313801,399.780338074862,104.235683169994,37.5514868387866
2015-07-30 20:00:00,11,157.987904730504,453.901061775576,97.5470939505024,41.784699358252
2015-04-16 10:00:00,11,202.098664900312,556.932894748756,91.5403321301368,31.7654923652534
2015-04-29 06:00:00,11,180.372100482989,433.434002672007,103.045453873205,51.8213409368827
2015-01-18 21:00:00,11,159.355744129247,258.544661603935,115.31437134356,42.5277974736295
2015-05-06 14:00:00,11,180.707414481265,437.42789091022,105.351902171814,35.6337702049885
2015-02-15 18:00:00,11,178.804803797763,416.973826610305,97.0052798873126,31.4218849691988
2015-06-30 07:00:00,11,143.148141324398,411.436013245449,85.3957408626266,34.0285881532
2015-05-26 14:00:00,11,146.747181600039,548.125227583817,104.239074015714,37.6220015633482
2015-02-20 12:00:00,11,170.619774033062,461.062700769827,109.076350643564,37.0728371222035
2015-06-17 18:00:00,11,155.523418920242,322.201833524667,110.635361195584,34.8601590741787
2015-05-29 06:00:00,11,160.906196364581,545.728006369109,89.962406335592,41.0572247031601
2015-10-24 07:00:00,11,146.600330667158,422.974337755336,95.8991112414764,45.4005263845572
2015-09-30 16:00:00,11,155.542607499786,412.496376186222,142.622623206488,33.203497044741
2015-08-03 18:00:00,11,179.431812833,397.838630368974,112.27463407224,36.19681179168
2015-02-04 03:00:00,11,175.107353173122,445.460824619038,81.1705438712628,40.7296003614843
2015-08-25 07:00:00,11,184.734931080959,459.393347667958,84.0000111264918,41.7999553360331
2015-10-30 23:00:00,11,164.323861006276,477.63811058129,100.966728786053,40.8351125387334
2015-03-06 01:00:00,11,183.221791075016,423.005031693178,98.8124619607202,36.555879730549
2015-07-29 12:00:00,11,143.708138758833,361.529304926724,120.585441765996,38.624981868494
2015-06-15 04:00:00,11,167.688341062023,440.280396234468,113.545400588902,36.6419025109497
2015-08-11 15:00:00,11,157.860504727695,467.567776883904,87.6180570058132,47.7544323359022
2015-11-24 04:00:00,11,163.132801132567,428.653298700422,111.08751579126,33.1706277153376
2015-12-06 15:00:00,11,178.022697948377,483.409495235564,112.893985539296,43.8203615831211
2015-05-16 03:00:00,11,166.222549689439,390.424049469872,95.9227073150948,43.1001524058088
2015-07-26 17:00:00,11,164.099535338033,412.049660161953,99.0027610172171,29.7565495710342
2015-06-13 17:00:00,11,186.164979693825,507.539261907328,91.739644368613,35.536045881286
2015-12-18 05:00:00,11,164.376466287673,420.353385448339,96.7646694280922,38.8954255597379
2015-03-07 15:00:00,11,204.550665209873,496.253525869858,109.522346366806,42.1237207430764
2015-12-25 20:00:00,11,159.515183771585,548.433191160442,99.5550437518901,34.0765666591972
2015-10-08 13:00:00,11,195.334813751366,429.230457985415,111.772684781356,44.9950470321152
2015-10-31 08:00:00,11,162.224619779248,395.909019982799,112.170108473344,24.0446524793343
2015-04-21 16:00:00,11,188.116810715072,457.159424150764,93.5791178682716,44.2974205918054
2015-12-01 11:00:00,11,190.330897297053,457.742389916872,105.370307999132,48.9936301430838
2015-07-08 02:00:00,11,172.2331736633,368.618318755031,110.967099083396,38.362813541505
2015-11-24 09:00:00,11,175.047141126539,452.135466331113,78.1281128648114,40.5850027092883
2015-12-20 16:00:00,11,132.376313533697,526.683698588144,90.8157126504583,35.2330580523611
2015-03-09 06:00:00,11,168.783367586561,370.126866523529,78.121376165607,39.7057050332355
2015-03-08 17:00:00,11,207.885048620227,461.653531797744,89.6354527418259,41.2749314342355
2015-05-14 03:00:00,11,155.694198956204,546.124402388858,89.1589245142082,36.9982880143119
2015-05-30 06:00:00,11,179.05956359192,395.58697168985,108.176882145901,48.2338886645494
2015-08-06 10:00:00,11,167.427270453018,384.526405167548,109.298143769454,33.9652428264045
2015-07-13 22:00:00,11,164.131756007987,467.2592126733,104.541984964407,36.2787085406985
2015-10-01 06:00:00,11,172.932443343796,466.845181760831,117.33505358248,38.3786544940135
2015-10-05 20:00:00,11,172.078513138996,510.72056037781,97.3010469674774,39.3093595115896
2015-02-01 11:00:00,11,151.148548522395,406.222801932538,94.7793191565948,37.6133347084951
2015-08-17 13:00:00,11,159.685790543102,504.056256314233,94.3234437917407,41.1135314019553
2015-05-20 14:00:00,11,169.515670251902,393.065669183131,96.0985501768792,41.7220887665916
2015-07-02 01:00:00,11,180.762060292241,431.973155880095,96.3825770462626,31.4650098193193
2015-09-28 09:00:00,11,178.282137922102,416.967591802532,96.3955800846984,36.9834769961714
2015-07-07 23:00:00,11,162.47724487831,433.853819291867,106.282641660638,52.246885377763
2015-10-20 18:00:00,11,196.421349202683,445.855860907702,116.037853340984,32.2359448860152
2015-05-08 17:00:00,11,155.709871584552,481.718761343418,99.0125980750381,46.256224223533
2015-04-25 16:00:00,11,141.405533510228,442.151767016522,86.9289471894872,43.3651853585038
2015-12-29 04:00:00,11,144.914618468607,455.707681079414,110.907774197186,30.6074793166607
2015-04-28 07:00:00,11,167.421246045785,463.272859456269,121.838791674104,52.8562216957201
2015-09-07 08:00:00,11,178.118577986825,378.704529653921,101.558649290372,35.2647074727117
2015-11-21 05:00:00,11,185.280921342575,460.577218352995,91.0310606567431,49.9866335824896
2015-07-06 03:00:00,11,156.038837860737,466.454492108727,106.780650866174,39.8942624826714
2015-05-14 19:00:00,11,172.788579349967,374.60272632667,107.869554073725,41.3871239275835
2015-01-09 23:00:00,11,145.98737371611,400.384176864844,100.529449840682,53.5532669899957
2015-07-14 19:00:00,11,192.575760898366,405.156524630459,101.142448619172,39.8418199336651
2015-07-15 18:00:00,11,165.903314756534,523.44263888527,103.487740675558,43.0644089959063
2015-09-29 06:00:00,11,179.087844262146,493.272413814587,116.350691624586,44.8754527543737
2015-12-14 20:00:00,11,196.303465011408,557.844261826242,132.073962670182,34.6137172009969
2015-10-13 14:00:00,11,190.193393835819,488.886857599549,99.5778764118753,38.841152489954
2015-11-07 03:00:00,11,194.485139067338,522.273436028818,101.330774712656,50.5441667591209
2015-06-23 15:00:00,11,171.169862502458,469.640450021244,96.2960899357015,36.6843397159623
2015-06-09 05:00:00,11,170.105743576121,425.900566148934,90.4102378873486,42.4893671436757
2015-05-09 08:00:00,11,192.682133413022,500.716114025922,106.264375232538,42.4134227561623
2015-05-16 09:00:00,11,159.447267091256,524.498158745067,105.835292286493,39.2525809855521
2015-10-23 18:00:00,11,155.249516977547,423.356373267482,111.856858646113,41.1626817140943
2015-11-01 22:00:00,11,162.494393621854,451.305842032067,105.991339048617,48.5596200322508
2015-12-06 01:00:00,11,192.043507568796,394.813782099636,99.5409205432545,40.7213775905481
2015-04-14 11:00:00,11,161.810379275836,461.207113120802,87.7343069237543,45.1559737503402
2015-08-21 02:00:00,11,164.419345589986,404.904771446683,98.5272170038103,41.071120469882
2015-03-27 02:00:00,11,173.518375507877,405.356801331662,97.7533800825128,46.1254454979792
2015-06-24 02:00:00,11,186.731877227865,416.635870065306,85.2596053329615,39.5645297195821
2015-08-20 07:00:00,11,146.777398778013,395.878441334459,100.454984204722,34.4606771703242
2015-10-01 12:00:00,11,189.216791590526,489.346053181004,126.47961898544,33.9868130416962
2015-10-01 07:00:00,11,196.542990122587,436.884487852571,116.277669271189,44.5258433124835
2015-09-28 03:00:00,11,151.495345691261,482.323217117587,108.39106999158,44.666810276887
2015-11-21 21:00:00,11,145.360262071266,448.229313920718,140.659315760517,34.8996693848502
2015-01-13 21:00:00,11,191.235257717848,412.855628413727,100.650004486433,36.1877475614835
2015-07-06 21:00:00,11,153.601326511539,432.249810205781,89.5035467379978,53.6816223618895
2015-12-06 05:00:00,11,185.053563878902,441.14507492563,96.9163851730424,44.4057978224956
2015-08-13 20:00:00,11,171.489511370479,468.260801204715,105.73816997488,42.388270850253
2015-05-10 15:00:00,11,150.779919582182,525.189673795391,102.329404558187,42.3218559516241
2015-05-10 09:00:00,11,171.98017134218,417.953359163877,95.0965190469202,48.2159382145204
2015-11-20 03:00:00,11,133.409236273422,382.680016137617,125.105020228815,42.094419438096
2015-08-04 09:00:00,11,183.345320283416,428.640585354377,101.251396637565,50.6647171073808
2015-07-05 06:00:00,11,155.12781448649,381.220749913567,113.320359206938,42.4501234823631
2015-03-26 22:00:00,11,157.542392090283,360.859727603514,103.667127293333,49.1130390466074
2015-05-10 22:00:00,11,169.169160826651,501.039187159776,88.9184209486132,40.8679970582309
2015-03-01 08:00:00,11,167.174950612728,396.905660597277,92.1475037888744,43.4886282448576
2015-07-10 23:00:00,11,176.471747860217,382.682829160913,85.0206655606697,52.7562482959477
2015-01-14 07:00:00,11,154.942079369534,317.247238268553,106.532918167408,41.6676418551974
2015-07-27 04:00:00,11,152.757744044027,499.406017302707,83.1525884161511,34.8059237325306
2015-10-04 09:00:00,11,178.883860165468,496.118127118463,94.4990258221113,39.7566821700161
2015-10-02 21:00:00,11,193.985052901384,376.676844559886,93.7226847905068,43.2313337128313
2015-08-17 17:00:00,11,173.695456094023,581.259288363218,93.1238070831043,47.617922196868
2015-04-12 08:00:00,11,191.049500870613,430.223612905155,98.6798669116558,40.2697466631584
2015-04-01 03:00:00,11,184.101843013952,415.600442834669,94.063429909552,39.7131370800445
2015-02-17 15:00:00,11,187.175874369308,465.748935045001,119.735844907399,35.5067259097271
2015-01-31 15:00:00,11,173.461769529922,331.610150060679,98.41601858045,37.7215737018016
2015-06-12 12:00:00,11,167.492606787094,499.265975385111,99.597409290983,31.5545197728144
2015-01-22 12:00:00,11,177.14660328205,333.208257335891,99.972409550066,44.7988316083035
2015-01-17 16:00:00,11,160.51638087253,402.660476479444,96.0417504162976,45.0532271133989
2015-02-19 03:00:00,11,154.244801264567,476.938094291925,125.99460654782,43.2943594594385
2015-03-10 04:00:00,11,150.529975249405,475.267911310537,92.9392190614547,41.6645282664417
2015-07-07 01:00:00,11,188.671190084745,418.022976034765,94.1785565702744,54.5784540790515
2015-10-27 21:00:00,11,186.035556122601,408.170527316575,101.288720185911,36.8012902559873
2015-05-27 22:00:00,11,162.142368454657,415.840716991653,117.752348818124,43.2849065320835
2015-10-10 10:00:00,11,185.764119682778,510.128434687278,113.107877439647,37.8850131817855
2015-05-04 01:00:00,11,165.187590886418,274.737349735471,95.9325994360027,39.2027007810296
2015-07-18 00:00:00,11,158.785650146133,435.994996719325,107.084736969258,44.806625684244
2015-12-11 19:00:00,11,163.646538213607,447.632124177957,85.5997032149929,40.6969834832828
2015-03-23 06:00:00,11,209.040404160674,429.547921829054,104.695638812625,37.0479868070403
2015-09-17 09:00:00,11,139.632164871543,485.885049886187,92.2197724222618,38.1278961158681
2015-09-25 06:00:00,11,177.386330325342,408.39708245911,116.895910033884,35.5472742854959
2015-12-25 21:00:00,11,164.455993037575,478.650658974712,95.8352242085377,32.4912234267919
2015-12-04 00:00:00,11,161.269795312692,437.521094208771,96.5566679290576,47.1763820598047
2015-11-20 13:00:00,11,163.71530389367,405.356424691011,114.587131279387,41.5046318642413
2015-12-12 09:00:00,11,184.74332059295,407.887151282831,87.7606532966959,45.0146022671424
2015-10-08 11:00:00,11,178.250102637044,423.866663347071,81.5200498231968,39.5155904308982
2015-04-13 21:00:00,11,164.123069101862,480.437824827932,90.0907948484178,33.7661844156686
2015-01-22 05:00:00,11,148.125967061964,417.308145694203,103.572261043899,43.4299574328326
2015-06-15 18:00:00,11,182.86572765027,460.349808293578,85.5963645508863,42.8368799771001
2015-01-26 12:00:00,11,158.101108729669,415.184719882899,109.626715852952,34.6147183108092
2015-10-12 15:00:00,11,175.022676665794,517.179717575915,108.962243340317,40.233912404742
2015-10-25 12:00:00,11,190.345648506258,431.372138778097,98.8051525449165,34.925072433868
2015-04-15 02:00:00,11,173.469426620232,401.284817956029,120.958926128833,45.8639926872236
2015-02-24 06:00:00,11,193.351337745545,514.49386608199,115.470534462853,46.1433765085259
2015-08-14 10:00:00,11,160.648060469318,361.939222561395,101.251282125471,38.9034387813246
2015-09-22 15:00:00,11,191.044046127159,521.569129309867,95.9747779778297,36.5853420633674
2015-07-28 09:00:00,11,194.824544804505,379.528133574967,101.777711996084,46.8746786255191
2015-04-29 00:00:00,11,145.114343077493,436.678397633401,81.9396804623567,53.514099084236
2015-01-21 04:00:00,11,167.805510330449,409.180612902015,113.212423379097,49.8092443998756
2015-10-31 17:00:00,11,168.715600686646,484.246515819146,124.09993253091,48.1346937227717
2015-06-04 18:00:00,11,174.172627836118,544.256262507929,93.6485096047933,39.4047573046634
2015-10-07 16:00:00,11,173.25245062602,467.068937714125,104.193862551722,32.1461628859024
2015-08-26 12:00:00,11,190.747863687354,422.330241111835,82.8288414777497,43.7951751930012
2015-03-22 10:00:00,11,167.079108374575,389.286518749104,89.9267932138718,33.5123973669759
2015-05-07 03:00:00,11,167.093608464284,476.054583621705,109.671516683162,35.7399849844522
2015-07-28 08:00:00,11,168.92959981538,535.745501649187,108.610599252822,48.3601413335832
2015-07-02 08:00:00,11,153.170217023397,493.954242475683,92.4882381267422,36.4958263945742
2015-12-01 14:00:00,11,142.824304557915,428.909892532263,92.185575115538,51.4484233171385
2015-06-14 04:00:00,11,175.186858670944,444.660492429988,97.8529262842114,44.8727746461971
2015-04-24 14:00:00,11,173.798216744121,438.780131217564,99.9101653844225,32.884955431415
2015-04-06 03:00:00,11,186.252136053125,442.897263067992,122.759254473529,44.6389273079037
2015-07-04 15:00:00,11,149.461989311958,473.319907394702,95.9107684199531,41.6647095032632
2015-09-29 08:00:00,11,158.86211131799,428.514452607722,92.3940430491038,40.0816877598346
2015-05-16 10:00:00,11,149.392808408853,491.138388592729,100.224035145647,42.8999330696445
2015-11-23 08:00:00,11,162.385395598198,418.064759610992,107.448730526935,38.1731433736702
2015-08-26 02:00:00,11,166.970909462719,409.53701272326,104.83182286423,40.6354996181145
2015-10-22 03:00:00,11,164.846948788173,479.044162188414,112.564230311017,35.0769446613058
2015-02-19 11:00:00,11,152.100230017419,402.513154527205,105.553508031691,40.8280602875945
2015-11-26 06:00:00,11,195.668755378084,512.286646201047,116.511174312011,44.7648112751368
2015-07-13 01:00:00,11,176.92943289963,459.136997370445,106.352395060491,30.1387567267197
2015-02-05 09:00:00,11,153.332890130394,461.61958068303,114.538575575266,39.5006378843374
2015-03-23 10:00:00,11,162.531982655046,453.988722460224,92.8558083562145,39.685580182456
2015-11-24 10:00:00,11,128.45295596419,320.564438098977,104.847147759784,45.9399285097304
2015-10-03 17:00:00,11,164.371335009927,442.902425466811,96.0274022034968,44.7425683449177
2015-12-16 08:00:00,11,156.293212609913,430.91999797854,101.126653562279,38.7840304156621
2015-11-23 20:00:00,11,182.971817969349,429.507783523321,92.194463926976,45.154217847798
2015-04-15 11:00:00,11,190.695154982044,370.435714166902,98.8356843832368,47.3049859656134
2015-01-13 22:00:00,11,187.864124998918,415.2091582287,113.649544756708,36.3760317191363
2015-04-17 05:00:00,11,161.26841125783,412.101005783149,94.0134552584466,40.5548989070194
2015-12-01 13:00:00,11,189.581108833598,548.817850333408,101.045858688324,44.7448928852538
2015-05-27 10:00:00,11,157.387198155102,514.669661712916,84.0925577860672,38.2835499090336
2015-07-25 06:00:00,11,154.52160740503,485.719862326617,88.5312983243506,37.4084381103007
2015-04-28 03:00:00,11,187.012683511807,481.20987257421,86.2045074293676,53.6521854822522
2015-02-23 14:00:00,11,195.568120132531,436.729920794531,93.1954141007653,36.4346671413907
2015-03-05 04:00:00,11,136.871172074542,393.408299829102,97.6371837323682,37.3425585093282
2015-04-11 01:00:00,11,176.688340870537,481.997607752183,84.8494130281663,45.3264294179157
2015-06-24 04:00:00,11,195.950745141339,494.38746047,92.4383026893672,42.0183682391384
2015-02-18 23:00:00,11,158.328339166481,447.901387541955,123.893256600296,43.0890372599827
2015-02-21 13:00:00,11,177.59926916515,405.535113907717,91.8326480240746,42.0005610697292
2015-02-03 10:00:00,11,162.561763268966,371.834202716873,93.7364882525371,42.2293079107331
2015-08-08 13:00:00,11,140.370871673594,396.775009022342,105.842140160111,35.0114284449257
2015-05-26 18:00:00,11,177.060068572638,439.595580407526,119.764079325381,31.4856062205219
2015-07-22 12:00:00,11,180.677913243803,413.635631415067,109.442037252708,36.1088894231922
2015-04-20 11:00:00,11,183.202818765871,342.207749745256,96.1849908353834,36.6298879064026
2015-12-22 00:00:00,11,148.402450196196,489.337250906832,96.1255545980466,35.5338280493895
2015-06-17 21:00:00,11,196.58446112709,372.939853753535,91.9980919578317,44.1057032487778
2015-01-13 11:00:00,11,159.147824879431,429.296749741563,100.903167642236,34.7287722914604
2015-04-17 08:00:00,11,185.338219412957,464.97559317572,100.432190680218,37.9356001922837
2015-05-13 07:00:00,11,204.477005430695,483.766281226804,91.6158529009165,46.7652079545958
2015-07-16 03:00:00,11,186.298695174804,474.377855664941,91.2714007697984,37.9404490244329
2015-10-18 18:00:00,11,168.303933892481,510.146222643244,112.11373285679,44.1409804546737
2015-07-03 21:00:00,11,164.38768252788,469.367505105058,98.9796734785078,33.127440244123
2015-02-05 12:00:00,11,148.131356229162,411.196630944733,97.4124732395915,34.8884601864244
2015-08-19 01:00:00,11,177.766620226663,414.972437612904,106.275545307876,42.5668383965686
2015-04-09 22:00:00,11,165.231972728959,390.662612131155,119.98895970155,46.5151470184289
2015-11-28 08:00:00,11,143.829682029532,521.565657232646,111.682045159422,33.9863328301203
2015-03-06 16:00:00,11,175.457971002045,409.198570103065,105.402911130287,39.9829705728818
2015-10-29 07:00:00,11,190.577169136663,459.368667198672,89.471511485354,44.0005239125547
2015-02-22 23:00:00,11,197.407371643275,495.160595904084,96.5201474453329,35.9984914267636
2015-08-12 16:00:00,11,169.324399193715,484.637993007501,89.6999845830202,40.1007405082487
2015-09-16 13:00:00,11,189.07274414829,466.347137052556,90.588187392389,32.119417239841
2015-05-28 09:00:00,11,163.696343772641,454.995944273225,110.293353392823,35.8660420796054
2015-01-31 08:00:00,11,157.707553901953,502.526702252255,101.16048809369,41.2756667938907
2015-04-22 09:00:00,11,181.514803923685,467.290812362464,110.560369852092,39.351536921291
2015-07-13 11:00:00,11,168.362773290052,551.744125295139,76.9017217284449,34.8476152020899
2015-12-30 06:00:00,11,151.463056079497,439.983811283655,86.6033230498623,38.6274278342667
2015-11-17 19:00:00,11,181.049143084514,513.652321754439,109.149949125884,38.2510595141185
2015-05-03 01:00:00,11,159.32683881354,524.157401811079,94.5333885316824,40.7524621872924
2015-02-28 01:00:00,11,201.194501813182,422.819411198958,102.778635563339,39.0065168089042
2015-08-16 20:00:00,11,190.84109159947,393.96102378109,90.1451314202735,41.1038265095108
2015-10-06 03:00:00,11,177.512837781115,456.105139861994,100.979392356872,37.9231542489149
2015-08-10 20:00:00,11,183.464386227342,427.503478216525,107.324250280942,39.1097041937209
2015-05-24 11:00:00,11,156.028549259224,504.413911503218,88.5665902551309,43.6748536249641
2015-05-31 18:00:00,11,160.005639337116,460.800148330241,106.534438564309,33.8957383205603
2015-12-19 14:00:00,11,162.04980421733,545.133117255267,94.0912424212419,40.152602610636
2015-01-26 02:00:00,11,140.707708480706,333.866522099372,86.812072795509,37.3409343228047
2015-06-24 18:00:00,11,161.266089000939,421.774060351504,106.946370067408,31.8945024252148
2015-01-13 01:00:00,11,183.075712324097,438.056693214339,99.9569135027346,38.8402539727517
2015-04-14 16:00:00,11,164.136752952566,494.581229383805,79.2534983786982,52.8690860658928
2015-10-30 01:00:00,11,149.263140802085,524.14617584153,96.0773943671644,46.6861405233664
2015-12-27 07:00:00,11,169.543080917882,381.186560085073,113.441244275911,51.8763899993495
2015-05-30 01:00:00,11,170.191188527421,427.188967305637,110.950862906023,41.4895730488026
2015-11-27 12:00:00,11,157.598163456859,387.182077404701,100.380176575976,32.9810213653765
2015-11-13 01:00:00,11,163.629343466166,429.91620155255,114.727326885545,44.4964135672675
2015-05-16 01:00:00,11,171.791744956611,371.921130396092,94.9378693309506,40.9408824037697
2015-02-16 17:00:00,11,169.244634503221,447.151931559522,96.1487924650371,34.6956393229762
2015-07-19 18:00:00,11,169.99708262564,545.481106107058,100.687780203631,39.105833339398
2015-09-14 01:00:00,11,177.831271486689,535.431797702765,115.853756576953,46.1570061796103
2015-02-13 19:00:00,11,181.985264015932,426.613649340111,91.1115409324703,40.6603737680013
2015-10-10 06:00:00,11,180.889479066231,449.511811502327,101.868957781739,40.3552259155926
2015-02-21 23:00:00,11,161.060514265239,585.848237722019,92.437954844113,41.8881468308746
2015-02-14 19:00:00,11,173.423493945142,394.450996016379,102.810781714676,40.5820089123476
2015-07-05 00:00:00,11,183.503588192391,467.283195714214,102.556912585598,41.4282777139875
2015-03-16 21:00:00,11,166.742945325658,391.770509970919,114.317286639961,36.7456362649404
2015-09-08 11:00:00,11,160.811121661083,423.725552429252,110.351506907634,33.4753613653504
2015-10-31 13:00:00,11,163.150227152362,489.239077870424,98.8586787295413,42.7521212827665
2015-08-02 00:00:00,11,162.435957624158,449.963622873815,100.901923891147,36.9093200121469
2015-12-13 16:00:00,11,165.449689966796,397.758759919074,90.4643616974091,52.3435838312238
2015-03-03 16:00:00,11,162.529414891065,486.2262934074,97.6818605037187,37.3630042148174
2015-11-11 15:00:00,11,209.612919669538,416.42013347491,120.751015963522,32.3194571188136
2015-01-28 19:00:00,11,192.84260214758,413.952608038044,119.288389329849,37.0372707091578
2015-05-05 14:00:00,11,166.91855335885,347.263744905821,123.579646248304,40.9566865994309
2015-06-20 11:00:00,11,140.27254254557,471.240311953186,118.710932580395,38.6021208235787
2015-03-18 03:00:00,11,171.440447272591,385.950171186501,102.291977691405,37.6424875727153
2015-07-01 00:00:00,11,153.955875082365,421.302321669601,86.5155661836304,30.331196810993
2015-09-15 12:00:00,11,192.678574366442,511.240750394534,75.8807345715612,44.284929485399
2015-08-28 17:00:00,11,158.721324150702,428.0272784315,94.779229305686,39.797366880128
2015-10-10 13:00:00,11,162.915202105677,559.056943068573,102.971317581601,33.6740380029651
2015-10-07 00:00:00,11,184.107256149528,398.590037956033,103.641215312153,32.8228510490517
2015-01-15 06:00:00,11,170.434804669289,499.746037958439,93.135823462668,45.1912133195708
2015-02-02 19:00:00,11,169.310193894172,434.917034127485,94.9206838164317,46.8379134191822
2015-05-10 00:00:00,11,168.356120467903,431.797520970059,102.362907017417,39.6512608031859
2015-02-04 08:00:00,11,188.574330416998,438.144808918394,93.0724883577428,44.6242870521183
2015-05-05 11:00:00,11,172.513209000472,346.684884817307,83.3216398334249,46.5680921603542
2015-06-04 19:00:00,11,202.453355708971,507.417313222188,119.32291470818,48.5391153736598
2015-03-07 03:00:00,11,165.766001158542,432.68310631685,110.056320888754,38.4143911777681
2015-11-18 06:00:00,11,177.602834840187,378.774797976743,109.595030443267,41.504183884328
2015-12-11 10:00:00,11,206.113851689087,439.357098098902,99.447952137171,40.0185069526298
2015-02-04 14:00:00,11,138.705698768787,489.650353373324,89.1113700139935,35.5624725891407
2015-10-30 09:00:00,11,187.232073864099,375.144967105691,106.140117774891,42.1422712327617
2015-11-06 05:00:00,11,170.910918613522,401.536514480135,97.8957238208746,40.1070066868965
2015-02-07 23:00:00,11,171.356495149429,428.244925327849,96.7553586342666,49.4438792983587
2015-04-30 07:00:00,11,162.5494204963,370.610363303607,95.6461505353118,42.1275258335972
2015-08-09 07:00:00,11,172.434237272882,595.854779030153,90.1754804983283,41.1059877506127
2015-12-28 09:00:00,11,166.103179051696,331.551102881975,117.158327555317,42.5556326100907
2015-07-25 18:00:00,11,177.054031276438,358.805540958549,101.591983262164,29.3561616606079
2015-10-24 06:00:00,11,165.714645353946,514.316719567872,88.1328212468428,41.9559373098031
2015-03-10 18:00:00,11,178.486813028796,412.688279039093,92.786335727288,44.7030729122737
2015-10-31 02:00:00,11,188.718352972225,525.53178399624,100.479447629965,39.9506020345231
2015-02-14 02:00:00,11,152.378836434537,407.411490090524,84.1991321871939,41.5030184163395
2015-03-01 03:00:00,11,191.421188991277,483.4267876133,108.081729416954,35.1258669276938
2015-12-04 05:00:00,11,138.260143085267,470.939220219602,98.2551116746369,46.7331106181771
2015-06-14 07:00:00,11,186.243191830996,509.371025405074,102.464069285395,45.9420208432981
2015-10-19 07:00:00,11,197.218751516163,490.267078156937,108.108110349165,45.260314813764
2015-10-03 16:00:00,11,184.466122482865,418.66218453018,123.80726495905,44.1838642394392
2015-09-21 00:00:00,11,146.834021455726,525.807669734025,109.743778717847,38.8179354406747
2015-04-28 00:00:00,11,156.863129570468,343.259125941897,111.005473523972,56.412745254933
2015-08-29 10:00:00,11,159.816774591143,364.528118389502,100.995482851084,47.3856719793693
2015-06-09 21:00:00,11,198.753892234735,458.915041217441,96.9631210393223,34.1219743773802
2015-12-30 22:00:00,11,177.557028638436,416.484825220362,116.629497655016,38.543050128986
2015-06-29 22:00:00,11,196.570929254564,583.852642310164,91.0706138511361,35.4087033923578
2015-06-01 07:00:00,11,173.942875307417,393.711987843993,115.754071820289,30.7368021055568
2015-08-16 09:00:00,11,161.706566523036,468.118300501603,86.1730534542227,42.5989473867244
2015-08-10 02:00:00,11,169.099456979134,415.092576553558,96.9353995729211,39.398151298728
2015-04-04 05:00:00,11,171.143568906391,456.966786332735,117.449642689493,36.4524675081
2015-10-18 09:00:00,11,187.688929689256,385.951175012992,93.1299851941835,38.6417042273778
2015-10-28 10:00:00,11,161.407762927165,448.774639926244,90.3696600925246,42.0078614185014
2015-09-03 06:00:00,11,178.153655367968,457.550621755849,94.7286202706007,39.1279464357234
2015-01-13 08:00:00,11,165.443216514168,496.083898084838,93.0665247884243,41.9962517653556
2015-08-08 18:00:00,11,192.727694553114,373.878379749077,95.5445627083527,34.2266571457531
2015-07-12 10:00:00,11,162.422636174817,463.097721220345,96.4799711486275,38.6184467118465
2015-11-07 10:00:00,11,161.926520387411,359.272015925083,84.9979560779047,46.4486251345829
2015-02-18 01:00:00,11,174.342898154135,420.518969853039,124.978766542608,33.9271314367642
2015-06-20 08:00:00,11,162.709423463146,448.321600779482,100.043366278298,35.8774380050272
2015-08-14 04:00:00,11,138.821906303488,491.776282155071,78.07758123337,37.9170292977246
2015-02-09 01:00:00,11,180.013954443745,451.290421906019,94.5340239695765,42.9127959396176
2015-11-25 19:00:00,11,169.599765580682,434.67369282794,107.109459528209,34.7926717906199
2015-07-13 05:00:00,11,169.273453246947,449.035821434397,100.918094744916,37.9749737926187
2015-05-09 23:00:00,11,170.241792304191,366.779971717982,118.817052988081,36.7956467911085
2015-03-02 03:00:00,11,184.805917038824,391.292731097397,102.970102087502,32.4037890140965
2015-03-26 16:00:00,11,175.707333627334,440.069091638738,113.061149642506,44.4486353401739
2015-05-02 20:00:00,11,157.209057328358,470.607129694678,106.014334750772,41.8116980296582
2015-12-02 16:00:00,11,183.139698114856,471.248219603033,105.304535210932,39.6897890733562
2015-06-02 23:00:00,11,175.450887540362,347.389707569721,112.875793075549,39.3150987956449
2015-12-04 15:00:00,11,190.101687634522,487.89204081109,106.132263513774,43.7445614788202
2015-07-25 03:00:00,11,164.7169972021,422.430932574238,84.5366452120556,41.4187198069502
2015-05-09 22:00:00,11,163.350329156828,474.305052308745,78.4149676998616,45.8904714562445
2015-01-30 16:00:00,11,177.561623252627,462.549100948338,99.7647546271708,41.0584840497421
2015-10-17 23:00:00,11,170.458483269521,446.529652666923,84.1860046052968,44.2196329107627
2015-08-01 17:00:00,11,133.172848203891,433.100459408275,123.583804715691,39.4549848974552
2015-07-24 03:00:00,11,180.377586612969,420.39055821952,84.8231213549119,42.7090223274491
2015-01-08 04:00:00,11,191.892027535502,509.630716561699,103.791339798139,39.6343064502959
2015-09-15 10:00:00,11,179.737228275737,431.413147123118,88.0743364843684,39.6923608607462
2015-03-16 15:00:00,11,185.688666630428,368.122651177527,110.570091410856,46.4155968969919
2015-06-23 14:00:00,11,184.886834313882,523.214220928536,114.134418994945,43.5851204070179
2015-04-10 03:00:00,11,158.148377094697,394.115836793593,117.768857614823,37.6080227887306
2015-04-15 19:00:00,11,157.122477194212,446.313755400528,102.591771969567,34.0240271622974
2015-05-27 19:00:00,11,188.60184080534,454.068791428604,104.028670143381,41.8081692667558
2015-12-21 23:00:00,11,168.5530984542,465.16443499532,97.9519860503426,32.2588783685235
2015-06-12 07:00:00,11,174.562227763651,421.224113320946,96.3880658858199,48.4151708825298
2015-05-27 05:00:00,11,163.001538410633,350.638582273393,100.143992272012,34.0918673378137
2015-06-09 01:00:00,11,174.403164080057,521.846409384338,109.150008390285,44.2055117279658
2015-02-03 16:00:00,11,145.047310003128,494.055219191813,97.7243726494243,42.3063503321213
2015-08-20 06:00:00,11,166.43614131359,384.591070684956,99.1255809058562,33.7300221002664
2015-03-03 03:00:00,11,168.39577324025,544.730484736648,103.170139059819,37.0487556798056
2015-09-04 11:00:00,11,164.862461498513,464.099606014679,104.660440408779,44.3887872845716
2015-08-23 03:00:00,11,194.295371699411,475.287533242195,104.762496910505,39.4510451503383
2015-03-14 07:00:00,11,158.776261026205,469.297906541736,112.084887873242,33.3852165274786
2015-04-13 03:00:00,11,189.467881587171,413.343031188259,88.388599082698,38.5882287130777
2015-03-01 11:00:00,11,149.847663455796,427.72644722137,122.658314975564,48.5126052265301
2015-07-14 20:00:00,11,148.929677163705,456.822559428583,96.485906948683,46.1989455229406
2015-02-28 14:00:00,11,164.828871436261,337.845522857672,89.7612660533147,30.7084103394385
2015-09-09 08:00:00,11,165.632570069131,416.810435510574,94.4813189233918,41.8416918462053
2015-02-05 19:00:00,11,152.934472148164,474.20585493875,101.957901680893,32.9864262484493
2015-01-17 21:00:00,11,201.779610002991,430.090888887577,88.0897131176489,41.6448241162483
2015-12-19 06:00:00,11,196.484668355661,464.413770635211,110.577305997518,36.401702299469
2015-09-01 04:00:00,11,159.674541892581,428.970680814711,93.56845352115,50.0663739954165
2015-08-27 08:00:00,11,170.322943276549,498.741218898345,98.3050916696913,34.9728442162798
2015-02-27 12:00:00,11,170.551952603559,399.289333825147,116.914583929733,38.8566229507229
2015-11-06 22:00:00,11,133.350788963123,491.3439365645,93.4640404032873,38.2568009766812
2015-02-04 01:00:00,11,169.910590984598,392.244637901912,110.943500144642,41.958183241888
2015-02-08 08:00:00,11,177.09675507473,401.712829178212,119.522102816578,43.3282840288954
2015-07-14 17:00:00,11,166.746592290544,469.546298256725,102.872876250309,42.340435494582
2015-10-08 15:00:00,11,165.061566741111,481.279846692392,101.56300859439,44.258504250387
2015-07-11 06:00:00,11,161.943788173606,445.460432240857,108.001439440002,40.4922689822219
2015-01-23 09:00:00,11,163.8167577428,416.340208129958,97.6393073549791,39.4430918758592
2015-02-11 19:00:00,11,172.209233737712,463.744587649534,94.2605572243387,43.516360322624
2015-11-20 02:00:00,11,190.547189394441,396.26352820263,110.974098596265,47.3917839295229
2015-04-20 05:00:00,11,166.385099019992,382.392930943493,126.40835046273,47.9706661186663
2015-11-17 03:00:00,11,196.110120621787,369.707287502974,107.25818620014,40.7275258250912
2015-04-07 12:00:00,11,160.906372669258,456.496104242319,117.721154406208,41.43393626298
2015-08-14 20:00:00,11,192.533912034047,407.015995895628,117.452382076059,39.979426380612
2015-02-19 07:00:00,11,178.429113506833,399.061864658633,107.188698185215,35.9855674045114
2015-12-31 23:00:00,11,166.060853975897,506.499930682205,110.741012002715,40.0596173525821
2015-01-21 17:00:00,11,160.890885055694,430.299591016971,108.755053240419,35.3569013702454
2015-05-23 14:00:00,11,164.55067812473,429.243305099864,83.9191307085068,41.8726858522948
2015-07-07 07:00:00,11,177.431718484887,507.222506812562,102.604636617623,44.4672437453731
2015-10-19 16:00:00,11,148.403932463669,510.973681092857,104.172347393827,30.2707125067469
2015-05-20 13:00:00,11,120.424868624667,444.783307591479,94.1022137307684,37.4465522526776
2015-11-21 13:00:00,11,168.251412151973,454.283954133722,118.468284969434,44.133683330523
2015-10-16 07:00:00,11,160.93029639103,449.909337782505,91.8175633918967,45.3602807939047
2015-04-10 12:00:00,11,157.337312906536,490.3341561209,95.7484883969654,31.08692731818
2015-10-23 06:00:00,11,179.256498142286,504.551533606688,93.3082504646825,38.9078419215262
2015-10-21 15:00:00,11,172.016285604607,386.343590930795,89.2214729229012,47.6842419645017
2015-02-11 21:00:00,11,153.840696889578,496.119107634103,102.23195514608,32.5733701417029
2015-09-08 22:00:00,11,196.877773771763,442.917983644757,96.1059849720648,49.804077113106
2015-03-13 10:00:00,11,152.796661715417,441.252329569822,94.9370535338843,36.0614561591188
2015-12-09 06:00:00,11,165.525729474751,410.611575356274,101.276888083159,55.3984173483177
2015-09-09 00:00:00,11,187.07774219627,443.675930615794,102.741001848904,46.4756366288155
2015-03-15 14:00:00,11,183.535257996474,409.770462921453,106.612464956129,35.8097425447343
2015-04-27 12:00:00,11,164.295988732938,405.997771128226,99.0118645556626,65.9155299953505
2015-04-16 14:00:00,11,175.312960168829,421.498810028484,114.72455770116,43.0846777087065
2015-01-12 08:00:00,11,161.978292688047,379.228351094621,84.1037691232046,39.4345112462522
2015-09-24 09:00:00,11,189.645606165774,455.18218485655,101.148712030161,38.2521228103808
2015-05-06 18:00:00,11,160.641592355178,476.131232948768,106.428053353025,37.8431405028164
2015-12-20 00:00:00,11,171.945149191085,431.044077622207,116.234728573141,37.6539135749303
2015-08-06 11:00:00,11,174.220660638168,445.019246542422,107.461799605927,41.1593086367858
2015-10-10 04:00:00,11,182.859004305454,351.131080259818,94.5710180546888,46.5849913347365
2015-06-05 22:00:00,11,157.951365555121,377.602387680533,72.5304589433322,33.9409218600746
2015-07-31 12:00:00,11,159.627861931924,509.2062282308,101.874424061006,40.6158806196577
2015-07-05 21:00:00,11,183.047843899299,486.660334436978,114.635115707583,45.8391780199453
2015-11-26 10:00:00,11,160.67746802251,433.596526161362,104.069259570387,38.2000989283769
2015-12-11 15:00:00,11,163.990155132581,382.271237518931,84.7230376242478,38.0220261498448
2015-10-04 10:00:00,11,174.425045657804,438.292739168155,103.368869827517,47.034699785844
2015-01-25 13:00:00,11,167.934043485097,461.352975765412,103.93867802942,38.9812504745761
2015-10-23 09:00:00,11,161.576584263114,473.276507272843,106.627588459914,44.7360915607402
2015-12-15 19:00:00,11,151.902028874245,494.805230994872,107.673868073455,48.5573636007052
2015-04-23 08:00:00,11,165.020946205561,508.875933762574,82.6664382791778,43.1994292417334
2015-11-21 22:00:00,11,185.072381150018,456.14505339622,135.049568437407,26.072826370881
2015-01-02 07:00:00,11,186.719668965169,449.485392041909,99.8206159322062,36.7225241963335
2015-08-12 20:00:00,11,165.39997339859,454.988755176346,96.8129401688243,42.6737570748949
2015-09-06 07:00:00,11,168.474159042002,457.376012970969,118.239097092245,30.3264381717836
2015-01-22 22:00:00,11,161.096648805626,347.926801538652,99.0861089986238,39.5001184390389
2015-10-31 23:00:00,11,188.893577721994,438.335224195953,98.190248874847,30.9318414050649
2015-05-29 17:00:00,11,177.320920907923,495.290408490923,107.415822514788,43.6265774892536
2015-02-24 02:00:00,11,189.256298419764,488.659372930949,86.0978253147184,39.3882445642595
2015-10-20 10:00:00,11,180.153024691769,485.320770210632,82.1617657147408,40.7269521829715
2015-04-30 02:00:00,11,189.709751729777,463.346775144824,84.4767988504689,33.9512889729576
2015-09-21 14:00:00,11,161.419209974267,414.041574048602,102.43450261818,37.2705530749745
2015-05-14 15:00:00,11,154.888910869886,390.630795802238,81.777876951082,41.7045077265136
2015-10-29 10:00:00,11,217.040093382349,435.817498871394,81.5004866729732,53.0080465090496
2015-12-11 17:00:00,11,187.744313215826,447.787592734189,95.0245077536323,40.021532522143
2015-12-22 13:00:00,11,170.074938109658,464.040197130668,86.0518095263002,41.5331270916275
2015-03-11 05:00:00,11,163.708021802196,405.890649855471,99.5306242737729,43.3160472175136
2015-07-28 05:00:00,11,179.80998356141,417.849256895653,95.3624445015646,43.7080313824716
2015-09-15 07:00:00,11,163.112808153886,463.755700148118,102.726450053505,45.6874547113585
2015-12-03 03:00:00,11,173.871550639046,444.346233916716,87.4801591352236,37.0030405516714
2015-07-29 06:00:00,11,182.601710456269,463.611617192715,100.728285577294,37.2376858252202
2015-12-13 01:00:00,11,169.592744351063,484.98679605845,94.81482568626,45.7346030446164
2015-02-18 14:00:00,11,157.906621525857,502.78052552683,116.277732443628,29.1902535819592
2015-01-29 18:00:00,11,192.498331066923,419.526140762048,87.2707161493092,36.4450133152483
2015-09-03 16:00:00,11,164.771944306479,382.83715252886,104.055079987423,43.8761268523657
2015-03-06 02:00:00,11,166.970389138217,414.592006430167,112.462772029449,39.8231113564864
2015-07-24 05:00:00,11,151.293049289047,489.390105912636,110.93705690939,40.348647716385
2015-11-02 06:00:00,11,187.516381938261,425.63188157225,86.6339672565969,49.3334952918931
2015-06-01 23:00:00,11,199.405347933712,497.169711073771,102.73907805422,32.4829671203524
2015-03-09 20:00:00,11,178.162786866222,475.394445550315,98.3386632320368,41.485907102854
2015-12-05 17:00:00,11,142.486168531969,481.45790926021,84.6068059890185,27.8402306805295
2015-01-30 05:00:00,11,178.892110191434,363.382602629,90.199372377892,32.8557912630489
2015-07-11 11:00:00,11,161.328932273291,423.008845393048,98.3717592143765,45.9781668149122
2015-01-09 18:00:00,11,150.482237893389,551.161715924879,64.1321177219984,47.3893708581904
2015-01-02 16:00:00,11,169.941412258332,495.246603012348,86.4250492960085,44.5182449543674
2015-11-06 20:00:00,11,153.443387012024,440.260931989174,97.0194313548705,35.6130510748536
2015-09-25 14:00:00,11,195.990654281285,371.648860222126,101.415506124336,41.9643168138175
2015-08-22 00:00:00,11,161.662038991946,461.476007372723,85.3221353122223,43.0864520524513
2015-11-18 18:00:00,11,178.909369358175,482.181932946013,119.20433127092,40.8310603744555
2015-06-03 16:00:00,11,150.172522858379,390.999295485488,83.7211602219509,35.7446060833101
2015-07-13 04:00:00,11,149.142620221868,458.694721394207,95.8116399125309,44.8787667539582
2015-07-02 20:00:00,11,139.724869861375,395.06912667923,99.1650706994469,45.8403696689297
2015-09-13 21:00:00,11,158.754038469552,356.073902076337,98.2795502989794,40.8755094990017
2015-01-05 23:00:00,11,164.575820037248,415.161917932043,79.2744165180982,32.5754229462646
2015-11-12 04:00:00,11,173.448349182027,466.217409588106,101.195626099233,42.1262196163314
2015-02-11 08:00:00,11,191.760881116954,434.96704943422,109.374197068964,43.6415475160369
2015-11-29 13:00:00,11,171.783928263831,369.478869876829,95.4876508086375,36.658201680864
2015-06-16 13:00:00,11,171.512797475412,394.19000026546,100.850460221783,42.329556592834
2015-09-08 02:00:00,11,168.037559666293,507.774197663554,100.902545160854,35.9393821820772
2015-04-29 19:00:00,11,163.34649557036,476.093535808781,113.44997629254,36.0907790154234
2015-03-26 20:00:00,11,180.938046508557,476.151688925439,93.6125277487431,38.8952004081013
2015-12-05 09:00:00,11,169.19485729737,503.080974757394,85.7890429416691,44.0959792254969
2015-10-29 06:00:00,11,169.823103712597,388.602296622294,107.004406980152,37.3578593699761
2015-12-07 08:00:00,11,170.685447215147,399.721542575283,90.161831162411,38.3051996171703
2015-10-05 16:00:00,11,187.693042437835,513.17899725089,114.451452505881,46.4897296864905
2015-07-27 22:00:00,11,166.507297783426,517.248785032947,91.699563256121,38.7668155765882
2015-04-24 21:00:00,11,167.335739470448,471.778959150563,98.701337404949,39.1338213421347
2015-07-29 11:00:00,11,155.742341746437,416.469099469033,118.714770182351,42.1215817130855
2015-02-25 23:00:00,11,191.297917128716,489.458526939178,99.4833495235582,37.0435714831549
2015-01-23 10:00:00,11,175.045804102661,460.453564525008,83.8659552576368,34.4902578955875
2015-06-04 12:00:00,11,174.717165393738,428.086879058886,97.7935975786725,42.4662487754578
2015-12-25 18:00:00,11,185.895891134585,496.62077211761,97.6011322142893,46.5258872274595
2015-03-17 01:00:00,11,170.819989328792,508.413088096354,98.4422197628172,44.2130440942095
2015-05-21 13:00:00,11,163.803664309537,452.233763709875,98.0712001174387,33.1131050835468
2015-10-21 10:00:00,11,175.227472333554,445.245710572892,90.5415719170679,38.4380381021473
2015-03-08 13:00:00,11,138.725812464697,445.143873604179,107.790209831126,35.4439812979193
2015-07-01 17:00:00,11,144.975544631536,508.850028583266,108.006340754766,41.619811462081
2015-01-07 03:00:00,11,161.774601735593,402.081722807987,100.425203714122,37.499110713415
2015-07-03 06:00:00,11,183.378147756414,517.021791218983,99.1042493365977,47.6717008456466
2015-02-28 18:00:00,11,165.970521449682,377.404776622913,97.0993782299226,36.7028966160781
2015-10-03 05:00:00,11,168.693677753332,342.687876253785,105.748621421332,38.9038481654376
2015-12-10 00:00:00,11,156.91297141841,411.451750009203,102.312992765908,41.4593919214503
2015-08-06 07:00:00,11,188.495070913832,409.184437210637,108.19925791226,45.6257733416589
2015-08-19 16:00:00,11,161.950352419987,564.448440603559,82.5388829511652,44.6788159629389
2015-02-14 05:00:00,11,179.219061588849,577.954105262743,100.652245839535,37.1622870661779
2015-05-06 09:00:00,11,160.122413738553,434.499296047278,98.622600708898,36.2456424814443
2015-06-02 14:00:00,11,157.97361275703,455.116872271508,86.107639690348,40.0426696133315
2015-12-30 08:00:00,11,155.368631698796,380.533216393581,86.900730831098,40.6481967199449
2015-01-03 22:00:00,11,152.348672692888,475.246197447956,93.4894004385693,36.765274855103
2015-03-30 03:00:00,11,174.995278730697,513.486898762433,97.2678774805014,39.7456443804545
2015-11-26 08:00:00,11,171.377849196956,428.374074601744,102.529370706685,50.5413239562704
2015-09-20 04:00:00,11,182.66272425345,438.165133627372,107.251885603627,41.7206899429865
2015-02-13 18:00:00,11,172.54151808991,456.950441957016,91.2837604917658,37.2161854060565
2015-02-25 13:00:00,11,194.118619452823,467.335739930646,89.6663184397991,37.4520833099664
2016-01-01 04:00:00,11,176.453689267137,442.420760515004,113.565015093717,43.272019219636
2015-08-13 00:00:00,11,169.757974717286,572.532094996463,109.973441183819,37.8188731123469
2015-09-02 04:00:00,11,177.98450238101,473.323687303016,116.310252792523,32.4535194741729
2015-12-09 23:00:00,11,196.904660865059,414.810259888896,102.312791923918,36.9150255950924
2015-07-28 20:00:00,11,187.681988019049,405.26346702949,95.3521072224842,40.2656830438981
2015-08-26 11:00:00,11,166.36226844169,463.214467827722,82.5412544857414,38.5765019527043
2015-01-20 04:00:00,11,181.738762224821,355.57773711673,102.125606659256,40.9331590110713
2015-05-16 14:00:00,11,150.905305963955,459.511355508759,104.869661469927,39.2184193001655
2015-09-05 06:00:00,11,181.864233080308,462.419153643696,85.6231883056045,39.492132919978
2015-03-07 13:00:00,11,148.709053168677,440.626917826887,95.8321273107162,38.7828421275736
2015-03-09 18:00:00,11,173.361169713149,389.776378843875,97.0518095774316,35.2750213867779
2015-02-14 13:00:00,11,184.895505952075,507.573651168643,89.3054506566683,40.3820012788746
2015-01-15 08:00:00,11,166.029666791545,539.919453702355,81.1545885515621,46.374301577815
2015-01-01 22:00:00,11,161.740108125897,421.234817206785,86.779965184363,51.4331145413377
2015-01-29 01:00:00,11,155.06678749997,373.78280143917,128.971884896025,48.3896709626107
2015-12-11 07:00:00,11,173.451146106751,489.940856044152,105.476820099134,36.7840501649009
2015-11-26 13:00:00,11,164.543537022875,492.622997018208,98.3992041947654,44.7008834488114
2015-01-17 12:00:00,11,169.144797390287,469.571978278902,93.6024078399184,42.3310815811357
2015-09-06 20:00:00,11,189.918254146939,525.164773492835,122.49108335474,40.2741723777774
2015-07-19 19:00:00,11,132.104329042759,402.338646281914,110.377442873422,39.8364142701506
2015-08-31 02:00:00,11,150.438584827131,475.362273289127,108.931494777509,43.3775563014525
2015-02-28 21:00:00,11,178.950472653449,498.255770015408,81.1235671006245,44.2798724336712
2015-06-25 08:00:00,11,170.56474093452,376.714353245515,104.84921015172,41.0667042394298
2015-09-24 22:00:00,11,165.79991505958,402.720328407121,99.4708637235435,34.4574355866872
2015-06-09 15:00:00,11,186.252116100017,468.629269235142,84.6977845658495,39.6858578152284
2015-04-11 07:00:00,11,132.781632544455,427.399723309531,93.6139002893854,47.5461289430391
2015-08-15 22:00:00,11,174.618427789936,422.297789811489,97.3357553287565,45.166305364977
2015-04-28 01:00:00,11,186.329233537451,498.317558551691,91.69381915289,45.2234183508417
2015-03-09 11:00:00,11,168.143280211092,397.865468133191,95.1547440821437,39.1013992335378
2015-06-14 01:00:00,11,171.376580720494,474.211022998087,98.0590241834807,40.5637258349303
2015-08-23 18:00:00,11,166.560450498981,428.697064227944,111.980602442455,37.8604792224475
2015-07-13 21:00:00,11,176.584299201263,398.18579117034,103.3254823202,42.8824374568798
2015-09-07 09:00:00,11,174.658923000131,438.83816005522,130.128063883274,34.8893565894969
2015-03-21 22:00:00,11,162.606361384885,475.117047184604,95.4882882846195,49.04687038155
2015-05-19 12:00:00,11,186.736149319207,516.103058379008,93.718255189718,47.0955884951917
2015-01-29 00:00:00,11,171.639551768201,383.997526597524,138.873468720465,32.4159730782049
2015-08-24 16:00:00,11,170.002540270585,519.545881284115,96.0333805777307,35.8498887192944
2015-09-16 05:00:00,11,152.20415764785,525.862005184624,99.4981648719496,33.0972821734051
2015-01-14 17:00:00,11,154.955891265845,435.675925504935,119.694805101608,36.1363315566299
2015-01-04 00:00:00,11,181.0431944878,448.087880605455,118.239744371548,44.0616908574372
2015-01-24 22:00:00,11,168.953828099699,422.992197450164,107.790933891955,37.7705578267131
2015-05-12 17:00:00,11,167.965452203143,388.655216514141,89.6602585211391,29.259527028901
2015-09-04 09:00:00,11,136.457937249467,394.047386371296,95.9172862528809,41.1090754516373
2015-01-17 10:00:00,11,167.910870571072,468.889231622452,110.714815518517,48.5329637840237
2015-05-31 07:00:00,11,163.49985904981,489.535789316515,97.1541330746937,41.5429011175672
